produkt,datum_excel,zeitscheibe,durchschnittspreis_de_eur_mw_h,hoechster_zuschlag_de_eur_mw_h
mFRR,45658.0,POS_00_04,0.2,0.37
mFRR,45658.0,POS_04_08,0.67,1.45
mFRR,45658.0,POS_08_12,0.96,1.76
mFRR,45658.0,POS_12_16,0.91,1.51
mFRR,45658.0,POS_16_20,3.03,3.59
mFRR,45658.0,POS_20_24,0.39,0.52
mFRR,45658.0,NEG_00_04,15.54,18.85
mFRR,45658.0,NEG_04_08,15.6,17.5
mFRR,45658.0,NEG_08_12,11.29,14.45
mFRR,45658.0,NEG_12_16,13.08,24.0
mFRR,45658.0,NEG_16_20,8.08,11.54
mFRR,45658.0,NEG_20_24,9.23,12.0
mFRR,45659.0,POS_00_04,0.21,0.29
mFRR,45659.0,POS_04_08,1.04,1.78
mFRR,45659.0,POS_08_12,1.78,3.08
mFRR,45659.0,POS_12_16,1.38,3.07
mFRR,45659.0,POS_16_20,5.68,8.46
mFRR,45659.0,POS_20_24,0.53,1.28
mFRR,45659.0,NEG_00_04,9.96,15.3
mFRR,45659.0,NEG_04_08,14.5,29.26
mFRR,45659.0,NEG_08_12,2.82,4.19
mFRR,45659.0,NEG_12_16,3.42,5.13
mFRR,45659.0,NEG_16_20,1.82,2.55
mFRR,45659.0,NEG_20_24,2.8,3.73
mFRR,45660.0,POS_00_04,0.22,0.26
mFRR,45660.0,POS_04_08,1.2,1.65
mFRR,45660.0,POS_08_12,1.94,2.33
mFRR,45660.0,POS_12_16,1.79,2.2
mFRR,45660.0,POS_16_20,4.94,6.8
mFRR,45660.0,POS_20_24,0.68,1.28
mFRR,45660.0,NEG_00_04,7.15,8.2
mFRR,45660.0,NEG_04_08,9.12,11.91
mFRR,45660.0,NEG_08_12,1.92,2.57
mFRR,45660.0,NEG_12_16,2.19,3.0
mFRR,45660.0,NEG_16_20,1.11,1.5
mFRR,45660.0,NEG_20_24,1.61,2.04
mFRR,45661.0,POS_00_04,0.24,0.51
mFRR,45661.0,POS_04_08,1.14,1.42
mFRR,45661.0,POS_08_12,1.71,1.88
mFRR,45661.0,POS_12_16,1.9,2.24
mFRR,45661.0,POS_16_20,6.78,9.25
mFRR,45661.0,POS_20_24,1.46,2.0
mFRR,45661.0,NEG_00_04,4.7,5.38
mFRR,45661.0,NEG_04_08,5.15,6.38
mFRR,45661.0,NEG_08_12,1.29,1.54
mFRR,45661.0,NEG_12_16,1.19,1.5
mFRR,45661.0,NEG_16_20,0.68,0.86
mFRR,45661.0,NEG_20_24,1.22,1.61
mFRR,45662.0,POS_00_04,0.44,0.99
mFRR,45662.0,POS_04_08,1.03,1.5
mFRR,45662.0,POS_08_12,1.23,1.55
mFRR,45662.0,POS_12_16,1.44,1.74
mFRR,45662.0,POS_16_20,4.13,5.0
mFRR,45662.0,POS_20_24,0.72,1.0
mFRR,45662.0,NEG_00_04,2.63,3.23
mFRR,45662.0,NEG_04_08,2.83,3.47
mFRR,45662.0,NEG_08_12,1.3,1.94
mFRR,45662.0,NEG_12_16,1.69,2.33
mFRR,45662.0,NEG_16_20,1.77,4.08
mFRR,45662.0,NEG_20_24,4.21,7.98
mFRR,45663.0,POS_00_04,0.19,0.33
mFRR,45663.0,POS_04_08,0.74,0.9
mFRR,45663.0,POS_08_12,1.0,1.26
mFRR,45663.0,POS_12_16,1.1,1.33
mFRR,45663.0,POS_16_20,3.04,3.95
mFRR,45663.0,POS_20_24,0.59,0.76
mFRR,45663.0,NEG_00_04,26.55,50.0
mFRR,45663.0,NEG_04_08,26.38,48.83
mFRR,45663.0,NEG_08_12,7.17,19.98
mFRR,45663.0,NEG_12_16,6.19,9.83
mFRR,45663.0,NEG_16_20,2.88,4.67
mFRR,45663.0,NEG_20_24,12.83,53.58
mFRR,45664.0,POS_00_04,0.2,0.24
mFRR,45664.0,POS_04_08,0.68,1.0
mFRR,45664.0,POS_08_12,1.3,1.84
mFRR,45664.0,POS_12_16,1.1,1.38
mFRR,45664.0,POS_16_20,4.01,6.48
mFRR,45664.0,POS_20_24,0.68,1.1
mFRR,45664.0,NEG_00_04,19.81,26.0
mFRR,45664.0,NEG_04_08,18.38,24.0
mFRR,45664.0,NEG_08_12,4.67,7.0
mFRR,45664.0,NEG_12_16,3.33,4.4
mFRR,45664.0,NEG_16_20,1.63,1.93
mFRR,45664.0,NEG_20_24,9.89,17.0
mFRR,45665.0,POS_00_04,0.16,0.2
mFRR,45665.0,POS_04_08,0.7,0.91
mFRR,45665.0,POS_08_12,1.19,1.5
mFRR,45665.0,POS_12_16,1.08,1.5
mFRR,45665.0,POS_16_20,6.37,8.41
mFRR,45665.0,POS_20_24,0.95,1.24
mFRR,45665.0,NEG_00_04,21.0,35.37
mFRR,45665.0,NEG_04_08,13.67,17.79
mFRR,45665.0,NEG_08_12,2.27,2.79
mFRR,45665.0,NEG_12_16,1.41,2.03
mFRR,45665.0,NEG_16_20,0.65,0.76
mFRR,45665.0,NEG_20_24,4.22,5.0
mFRR,45666.0,POS_00_04,0.25,0.5
mFRR,45666.0,POS_04_08,13.36,24.0
mFRR,45666.0,POS_08_12,3.81,8.1
mFRR,45666.0,POS_12_16,2.23,3.4
mFRR,45666.0,POS_16_20,5.45,6.68
mFRR,45666.0,POS_20_24,0.84,1.4
mFRR,45666.0,NEG_00_04,7.12,8.57
mFRR,45666.0,NEG_04_08,5.26,5.99
mFRR,45666.0,NEG_08_12,0.93,1.17
mFRR,45666.0,NEG_12_16,0.69,0.83
mFRR,45666.0,NEG_16_20,0.32,0.4
mFRR,45666.0,NEG_20_24,2.14,2.62
mFRR,45667.0,POS_00_04,0.21,0.25
mFRR,45667.0,POS_04_08,2.82,4.12
mFRR,45667.0,POS_08_12,3.05,3.8
mFRR,45667.0,POS_12_16,1.39,1.87
mFRR,45667.0,POS_16_20,5.15,6.31
mFRR,45667.0,POS_20_24,0.86,1.08
mFRR,45667.0,NEG_00_04,14.46,37.74
mFRR,45667.0,NEG_04_08,4.91,6.8
mFRR,45667.0,NEG_08_12,0.64,0.79
mFRR,45667.0,NEG_12_16,0.46,0.54
mFRR,45667.0,NEG_16_20,0.21,0.26
mFRR,45667.0,NEG_20_24,1.3,1.55
mFRR,45668.0,POS_00_04,0.17,0.2
mFRR,45668.0,POS_04_08,1.31,1.58
mFRR,45668.0,POS_08_12,1.53,1.88
mFRR,45668.0,POS_12_16,0.91,1.17
mFRR,45668.0,POS_16_20,3.14,3.9
mFRR,45668.0,POS_20_24,0.66,0.8
mFRR,45668.0,NEG_00_04,5.32,5.85
mFRR,45668.0,NEG_04_08,2.9,3.47
mFRR,45668.0,NEG_08_12,0.49,0.65
mFRR,45668.0,NEG_12_16,0.66,0.99
mFRR,45668.0,NEG_16_20,0.36,1.0
mFRR,45668.0,NEG_20_24,0.94,1.0
mFRR,45669.0,POS_00_04,0.12,0.15
mFRR,45669.0,POS_04_08,0.73,0.89
mFRR,45669.0,POS_08_12,0.84,1.02
mFRR,45669.0,POS_12_16,0.66,0.84
mFRR,45669.0,POS_16_20,2.44,2.95
mFRR,45669.0,POS_20_24,0.59,0.72
mFRR,45669.0,NEG_00_04,3.32,4.39
mFRR,45669.0,NEG_04_08,2.32,2.8
mFRR,45669.0,NEG_08_12,0.84,1.52
mFRR,45669.0,NEG_12_16,0.64,0.75
mFRR,45669.0,NEG_16_20,0.43,0.5
mFRR,45669.0,NEG_20_24,0.74,1.0
mFRR,45670.0,POS_00_04,0.13,0.17
mFRR,45670.0,POS_04_08,3.79,8.0
mFRR,45670.0,POS_08_12,16.98,22.82
mFRR,45670.0,POS_12_16,0.79,1.0
mFRR,45670.0,POS_16_20,3.77,9.0
mFRR,45670.0,POS_20_24,0.63,0.87
mFRR,45670.0,NEG_00_04,2.27,2.85
mFRR,45670.0,NEG_04_08,1.34,1.67
mFRR,45670.0,NEG_08_12,0.56,0.7
mFRR,45670.0,NEG_12_16,0.39,0.46
mFRR,45670.0,NEG_16_20,0.26,0.31
mFRR,45670.0,NEG_20_24,0.58,0.7
mFRR,45671.0,POS_00_04,0.11,0.16
mFRR,45671.0,POS_04_08,3.31,4.33
mFRR,45671.0,POS_08_12,5.62,8.45
mFRR,45671.0,POS_12_16,0.75,0.95
mFRR,45671.0,POS_16_20,5.3,7.42
mFRR,45671.0,POS_20_24,0.62,0.84
mFRR,45671.0,NEG_00_04,1.62,2.0
mFRR,45671.0,NEG_04_08,0.91,1.31
mFRR,45671.0,NEG_08_12,0.39,0.5
mFRR,45671.0,NEG_12_16,0.26,0.33
mFRR,45671.0,NEG_16_20,0.19,0.22
mFRR,45671.0,NEG_20_24,0.34,0.46
mFRR,45672.0,POS_00_04,0.68,2.43
mFRR,45672.0,POS_04_08,8.29,13.83
mFRR,45672.0,POS_08_12,46.8,77.0
mFRR,45672.0,POS_12_16,30.1,56.38
mFRR,45672.0,POS_16_20,144.1,184.5
mFRR,45672.0,POS_20_24,9.52,18.0
mFRR,45672.0,NEG_00_04,1.3,1.61
mFRR,45672.0,NEG_04_08,0.86,1.08
mFRR,45672.0,NEG_08_12,0.26,0.38
mFRR,45672.0,NEG_12_16,0.2,0.28
mFRR,45672.0,NEG_16_20,0.15,0.22
mFRR,45672.0,NEG_20_24,0.33,0.43
mFRR,45673.0,POS_00_04,0.91,1.67
mFRR,45673.0,POS_04_08,6.53,8.99
mFRR,45673.0,POS_08_12,25.98,34.0
mFRR,45673.0,POS_12_16,14.24,21.0
mFRR,45673.0,POS_16_20,55.15,64.0
mFRR,45673.0,POS_20_24,6.34,8.65
mFRR,45673.0,NEG_00_04,1.06,1.33
mFRR,45673.0,NEG_04_08,0.73,1.14
mFRR,45673.0,NEG_08_12,0.29,0.45
mFRR,45673.0,NEG_12_16,0.23,0.33
mFRR,45673.0,NEG_16_20,0.19,0.32
mFRR,45673.0,NEG_20_24,0.4,0.51
mFRR,45674.0,POS_00_04,0.84,1.07
mFRR,45674.0,POS_04_08,4.82,6.17
mFRR,45674.0,POS_08_12,14.57,16.11
mFRR,45674.0,POS_12_16,7.8,9.05
mFRR,45674.0,POS_16_20,26.1,30.17
mFRR,45674.0,POS_20_24,3.97,4.5
mFRR,45674.0,NEG_00_04,0.9,1.15
mFRR,45674.0,NEG_04_08,0.68,0.91
mFRR,45674.0,NEG_08_12,0.29,0.37
mFRR,45674.0,NEG_12_16,0.24,0.32
mFRR,45674.0,NEG_16_20,0.2,0.28
mFRR,45674.0,NEG_20_24,0.32,0.43
mFRR,45675.0,POS_00_04,0.55,0.72
mFRR,45675.0,POS_04_08,3.22,3.73
mFRR,45675.0,POS_08_12,7.31,8.23
mFRR,45675.0,POS_12_16,4.09,4.54
mFRR,45675.0,POS_16_20,11.85,13.9
mFRR,45675.0,POS_20_24,2.59,3.09
mFRR,45675.0,NEG_00_04,0.78,0.87
mFRR,45675.0,NEG_04_08,0.61,0.73
mFRR,45675.0,NEG_08_12,0.36,0.43
mFRR,45675.0,NEG_12_16,0.3,0.38
mFRR,45675.0,NEG_16_20,0.29,0.39
mFRR,45675.0,NEG_20_24,0.36,0.4
mFRR,45676.0,POS_00_04,0.35,0.48
mFRR,45676.0,POS_04_08,1.66,2.1
mFRR,45676.0,POS_08_12,3.62,4.08
mFRR,45676.0,POS_12_16,1.99,2.6
mFRR,45676.0,POS_16_20,5.64,7.0
mFRR,45676.0,POS_20_24,1.64,2.02
mFRR,45676.0,NEG_00_04,0.61,0.75
mFRR,45676.0,NEG_04_08,0.2,0.5
mFRR,45676.0,NEG_08_12,0.41,0.67
mFRR,45676.0,NEG_12_16,0.49,0.59
mFRR,45676.0,NEG_16_20,0.29,0.36
mFRR,45676.0,NEG_20_24,0.29,0.36
mFRR,45677.0,POS_00_04,0.38,0.49
mFRR,45677.0,POS_04_08,4.45,6.38
mFRR,45677.0,POS_08_12,14.11,26.87
mFRR,45677.0,POS_12_16,3.04,4.75
mFRR,45677.0,POS_16_20,38.77,60.77
mFRR,45677.0,POS_20_24,3.66,6.23
mFRR,45677.0,NEG_00_04,0.63,0.82
mFRR,45677.0,NEG_04_08,0.48,0.77
mFRR,45677.0,NEG_08_12,0.33,0.42
mFRR,45677.0,NEG_12_16,0.31,0.4
mFRR,45677.0,NEG_16_20,0.18,0.27
mFRR,45677.0,NEG_20_24,0.27,0.38
mFRR,45678.0,POS_00_04,0.37,0.42
mFRR,45678.0,POS_04_08,6.07,7.5
mFRR,45678.0,POS_08_12,28.91,35.75
mFRR,45678.0,POS_12_16,4.67,5.93
mFRR,45678.0,POS_16_20,71.56,116.0
mFRR,45678.0,POS_20_24,5.11,6.5
mFRR,45678.0,NEG_00_04,0.56,0.75
mFRR,45678.0,NEG_04_08,0.47,0.64
mFRR,45678.0,NEG_08_12,0.31,0.42
mFRR,45678.0,NEG_12_16,0.25,0.35
mFRR,45678.0,NEG_16_20,0.19,0.26
mFRR,45678.0,NEG_20_24,0.3,0.38
mFRR,45679.0,POS_00_04,0.28,0.33
mFRR,45679.0,POS_04_08,4.61,5.32
mFRR,45679.0,POS_08_12,16.74,19.79
mFRR,45679.0,POS_12_16,3.19,3.7
mFRR,45679.0,POS_16_20,34.98,43.0
mFRR,45679.0,POS_20_24,3.3,4.1
mFRR,45679.0,NEG_00_04,0.4,0.46
mFRR,45679.0,NEG_04_08,0.32,0.38
mFRR,45679.0,NEG_08_12,0.24,0.28
mFRR,45679.0,NEG_12_16,0.22,0.25
mFRR,45679.0,NEG_16_20,0.17,0.25
mFRR,45679.0,NEG_20_24,0.23,0.25
mFRR,45680.0,POS_00_04,0.2,0.3
mFRR,45680.0,POS_04_08,2.75,3.2
mFRR,45680.0,POS_08_12,8.67,9.48
mFRR,45680.0,POS_12_16,2.34,2.98
mFRR,45680.0,POS_16_20,16.52,18.44
mFRR,45680.0,POS_20_24,2.26,2.8
mFRR,45680.0,NEG_00_04,0.47,0.57
mFRR,45680.0,NEG_04_08,0.42,0.52
mFRR,45680.0,NEG_08_12,0.28,0.33
mFRR,45680.0,NEG_12_16,0.28,0.34
mFRR,45680.0,NEG_16_20,0.23,0.3
mFRR,45680.0,NEG_20_24,2.83,10.0
mFRR,45681.0,POS_00_04,0.18,0.23
mFRR,45681.0,POS_04_08,1.87,2.18
mFRR,45681.0,POS_08_12,5.31,6.5
mFRR,45681.0,POS_12_16,1.58,1.9
mFRR,45681.0,POS_16_20,7.63,8.85
mFRR,45681.0,POS_20_24,1.63,1.99
mFRR,45681.0,NEG_00_04,15.4,33.3
mFRR,45681.0,NEG_04_08,6.67,11.4
mFRR,45681.0,NEG_08_12,0.26,0.3
mFRR,45681.0,NEG_12_16,1.28,2.4
mFRR,45681.0,NEG_16_20,1.6,4.0
mFRR,45681.0,NEG_20_24,7.9,21.66
mFRR,45682.0,POS_00_04,0.13,0.19
mFRR,45682.0,POS_04_08,1.17,1.42
mFRR,45682.0,POS_08_12,3.16,3.8
mFRR,45682.0,POS_12_16,1.06,1.28
mFRR,45682.0,POS_16_20,6.02,7.2
mFRR,45682.0,POS_20_24,1.36,1.62
mFRR,45682.0,NEG_00_04,5.53,6.3
mFRR,45682.0,NEG_04_08,3.31,4.49
mFRR,45682.0,NEG_08_12,0.23,0.34
mFRR,45682.0,NEG_12_16,1.7,4.4
mFRR,45682.0,NEG_16_20,0.55,0.74
mFRR,45682.0,NEG_20_24,3.9,4.99
mFRR,45683.0,POS_00_04,0.12,0.15
mFRR,45683.0,POS_04_08,0.82,1.05
mFRR,45683.0,POS_08_12,2.08,2.48
mFRR,45683.0,POS_12_16,0.71,0.84
mFRR,45683.0,POS_16_20,4.16,5.34
mFRR,45683.0,POS_20_24,0.93,1.23
mFRR,45683.0,NEG_00_04,2.1,2.54
mFRR,45683.0,NEG_04_08,1.32,1.75
mFRR,45683.0,NEG_08_12,0.42,0.9
mFRR,45683.0,NEG_12_16,1.0,2.04
mFRR,45683.0,NEG_16_20,0.4,0.43
mFRR,45683.0,NEG_20_24,8.53,13.0
mFRR,45684.0,POS_00_04,0.08,0.1
mFRR,45684.0,POS_04_08,0.84,1.4
mFRR,45684.0,POS_08_12,2.38,3.37
mFRR,45684.0,POS_12_16,0.82,1.45
mFRR,45684.0,POS_16_20,7.22,9.81
mFRR,45684.0,POS_20_24,1.08,1.63
mFRR,45684.0,NEG_00_04,40.61,61.1
mFRR,45684.0,NEG_04_08,25.31,40.64
mFRR,45684.0,NEG_08_12,4.14,7.01
mFRR,45684.0,NEG_12_16,13.76,30.0
mFRR,45684.0,NEG_16_20,0.45,0.5
mFRR,45684.0,NEG_20_24,8.37,18.59
mFRR,45685.0,POS_00_04,0.08,0.11
mFRR,45685.0,POS_04_08,1.49,2.4
mFRR,45685.0,POS_08_12,3.0,3.7
mFRR,45685.0,POS_12_16,1.18,1.52
mFRR,45685.0,POS_16_20,5.89,7.18
mFRR,45685.0,POS_20_24,1.1,1.4
mFRR,45685.0,NEG_00_04,13.68,19.5
mFRR,45685.0,NEG_04_08,8.76,13.5
mFRR,45685.0,NEG_08_12,0.84,1.35
mFRR,45685.0,NEG_12_16,3.45,4.9
mFRR,45685.0,NEG_16_20,0.28,0.3
mFRR,45685.0,NEG_20_24,4.38,7.44
mFRR,45686.0,POS_00_04,0.09,0.12
mFRR,45686.0,POS_04_08,5.83,11.7
mFRR,45686.0,POS_08_12,3.11,3.9
mFRR,45686.0,POS_12_16,1.69,2.5
mFRR,45686.0,POS_16_20,4.68,5.79
mFRR,45686.0,POS_20_24,0.99,1.14
mFRR,45686.0,NEG_00_04,9.4,11.0
mFRR,45686.0,NEG_04_08,6.07,7.73
mFRR,45686.0,NEG_08_12,0.93,1.29
mFRR,45686.0,NEG_12_16,3.74,5.01
mFRR,45686.0,NEG_16_20,0.34,1.0
mFRR,45686.0,NEG_20_24,3.28,4.07
mFRR,45687.0,POS_00_04,0.13,0.18
mFRR,45687.0,POS_04_08,2.6,3.58
mFRR,45687.0,POS_08_12,3.23,3.9
mFRR,45687.0,POS_12_16,1.76,2.0
mFRR,45687.0,POS_16_20,15.32,25.62
mFRR,45687.0,POS_20_24,1.1,1.34
mFRR,45687.0,NEG_00_04,4.42,4.72
mFRR,45687.0,NEG_04_08,3.45,4.1
mFRR,45687.0,NEG_08_12,0.64,0.91
mFRR,45687.0,NEG_12_16,1.82,2.28
mFRR,45687.0,NEG_16_20,0.41,0.54
mFRR,45687.0,NEG_20_24,1.97,2.39
mFRR,45688.0,POS_00_04,0.1,0.14
mFRR,45688.0,POS_04_08,1.76,2.07
mFRR,45688.0,POS_08_12,2.48,2.9
mFRR,45688.0,POS_12_16,1.19,1.5
mFRR,45688.0,POS_16_20,14.43,17.25
mFRR,45688.0,POS_20_24,0.94,1.08
mFRR,45688.0,NEG_00_04,2.38,2.7
mFRR,45688.0,NEG_04_08,2.07,2.47
mFRR,45688.0,NEG_08_12,0.53,0.72
mFRR,45688.0,NEG_12_16,1.17,1.39
mFRR,45688.0,NEG_16_20,0.32,0.45
mFRR,45688.0,NEG_20_24,1.25,1.58
mFRR,45689.0,POS_00_04,0.11,0.12
mFRR,45689.0,POS_04_08,1.04,1.2
mFRR,45689.0,POS_08_12,1.47,1.68
mFRR,45689.0,POS_12_16,0.82,0.95
mFRR,45689.0,POS_16_20,7.04,8.5
mFRR,45689.0,POS_20_24,0.71,0.81
mFRR,45689.0,NEG_00_04,1.44,1.71
mFRR,45689.0,NEG_04_08,1.39,1.65
mFRR,45689.0,NEG_08_12,0.52,0.71
mFRR,45689.0,NEG_12_16,0.99,1.13
mFRR,45689.0,NEG_16_20,0.38,0.49
mFRR,45689.0,NEG_20_24,0.99,1.14
mFRR,45690.0,POS_00_04,0.09,0.1
mFRR,45690.0,POS_04_08,0.71,0.88
mFRR,45690.0,POS_08_12,0.97,1.11
mFRR,45690.0,POS_12_16,0.63,0.74
mFRR,45690.0,POS_16_20,4.5,5.12
mFRR,45690.0,POS_20_24,0.58,0.66
mFRR,45690.0,NEG_00_04,1.06,1.29
mFRR,45690.0,NEG_04_08,0.99,1.16
mFRR,45690.0,NEG_08_12,0.54,0.73
mFRR,45690.0,NEG_12_16,0.95,1.33
mFRR,45690.0,NEG_16_20,0.4,0.55
mFRR,45690.0,NEG_20_24,0.82,1.0
mFRR,45691.0,POS_00_04,0.09,0.1
mFRR,45691.0,POS_04_08,5.18,7.0
mFRR,45691.0,POS_08_12,14.52,33.28
mFRR,45691.0,POS_12_16,1.62,3.6
mFRR,45691.0,POS_16_20,56.95,84.0
mFRR,45691.0,POS_20_24,1.59,3.57
mFRR,45691.0,NEG_00_04,0.93,1.1
mFRR,45691.0,NEG_04_08,0.82,1.02
mFRR,45691.0,NEG_08_12,0.47,0.6
mFRR,45691.0,NEG_12_16,0.79,1.06
mFRR,45691.0,NEG_16_20,0.38,0.51
mFRR,45691.0,NEG_20_24,0.7,0.88
mFRR,45692.0,POS_00_04,0.08,0.09
mFRR,45692.0,POS_04_08,3.49,4.99
mFRR,45692.0,POS_08_12,11.4,14.9
mFRR,45692.0,POS_12_16,1.52,1.9
mFRR,45692.0,POS_16_20,29.0,32.4
mFRR,45692.0,POS_20_24,1.57,1.98
mFRR,45692.0,NEG_00_04,0.74,0.95
mFRR,45692.0,NEG_04_08,0.77,1.01
mFRR,45692.0,NEG_08_12,0.47,0.6
mFRR,45692.0,NEG_12_16,0.92,1.12
mFRR,45692.0,NEG_16_20,0.4,0.5
mFRR,45692.0,NEG_20_24,0.77,1.05
mFRR,45693.0,POS_00_04,0.06,0.11
mFRR,45693.0,POS_04_08,2.97,3.48
mFRR,45693.0,POS_08_12,8.82,10.1
mFRR,45693.0,POS_12_16,1.97,2.85
mFRR,45693.0,POS_16_20,16.78,24.85
mFRR,45693.0,POS_20_24,1.25,1.54
mFRR,45693.0,NEG_00_04,0.63,0.73
mFRR,45693.0,NEG_04_08,0.65,0.77
mFRR,45693.0,NEG_08_12,0.43,0.59
mFRR,45693.0,NEG_12_16,0.66,0.89
mFRR,45693.0,NEG_16_20,0.31,0.37
mFRR,45693.0,NEG_20_24,0.61,0.71
mFRR,45694.0,POS_00_04,0.08,0.11
mFRR,45694.0,POS_04_08,2.92,3.34
mFRR,45694.0,POS_08_12,8.6,9.99
mFRR,45694.0,POS_12_16,1.48,1.88
mFRR,45694.0,POS_16_20,13.19,15.99
mFRR,45694.0,POS_20_24,1.12,1.4
mFRR,45694.0,NEG_00_04,0.47,0.54
mFRR,45694.0,NEG_04_08,0.48,0.55
mFRR,45694.0,NEG_08_12,0.26,0.31
mFRR,45694.0,NEG_12_16,0.35,0.5
mFRR,45694.0,NEG_16_20,0.21,0.25
mFRR,45694.0,NEG_20_24,0.44,0.52
mFRR,45695.0,POS_00_04,0.09,0.14
mFRR,45695.0,POS_04_08,1.86,2.54
mFRR,45695.0,POS_08_12,5.2,5.92
mFRR,45695.0,POS_12_16,1.05,1.24
mFRR,45695.0,POS_16_20,7.48,8.99
mFRR,45695.0,POS_20_24,0.87,1.02
mFRR,45695.0,NEG_00_04,0.32,0.35
mFRR,45695.0,NEG_04_08,0.37,0.41
mFRR,45695.0,NEG_08_12,0.2,0.24
mFRR,45695.0,NEG_12_16,0.33,0.4
mFRR,45695.0,NEG_16_20,0.18,0.22
mFRR,45695.0,NEG_20_24,0.38,0.44
mFRR,45696.0,POS_00_04,0.08,0.1
mFRR,45696.0,POS_04_08,1.13,1.4
mFRR,45696.0,POS_08_12,2.7,3.3
mFRR,45696.0,POS_12_16,0.66,0.8
mFRR,45696.0,POS_16_20,5.01,6.01
mFRR,45696.0,POS_20_24,0.64,0.79
mFRR,45696.0,NEG_00_04,0.23,0.28
mFRR,45696.0,NEG_04_08,0.3,0.39
mFRR,45696.0,NEG_08_12,0.19,0.24
mFRR,45696.0,NEG_12_16,0.24,0.31
mFRR,45696.0,NEG_16_20,0.16,0.2
mFRR,45696.0,NEG_20_24,0.21,0.29
mFRR,45697.0,POS_00_04,0.07,0.1
mFRR,45697.0,POS_04_08,0.82,0.94
mFRR,45697.0,POS_08_12,1.72,2.14
mFRR,45697.0,POS_12_16,0.52,0.65
mFRR,45697.0,POS_16_20,3.58,4.32
mFRR,45697.0,POS_20_24,0.5,0.63
mFRR,45697.0,NEG_00_04,0.16,0.17
mFRR,45697.0,NEG_04_08,0.17,0.19
mFRR,45697.0,NEG_08_12,0.13,0.17
mFRR,45697.0,NEG_12_16,0.18,0.2
mFRR,45697.0,NEG_16_20,0.14,0.18
mFRR,45697.0,NEG_20_24,0.16,0.2
mFRR,45698.0,POS_00_04,0.08,0.1
mFRR,45698.0,POS_04_08,1.62,4.61
mFRR,45698.0,POS_08_12,4.08,7.5
mFRR,45698.0,POS_12_16,0.56,0.9
mFRR,45698.0,POS_16_20,4.12,4.7
mFRR,45698.0,POS_20_24,0.48,0.58
mFRR,45698.0,NEG_00_04,0.13,0.18
mFRR,45698.0,NEG_04_08,0.15,0.19
mFRR,45698.0,NEG_08_12,0.13,0.2
mFRR,45698.0,NEG_12_16,0.17,0.22
mFRR,45698.0,NEG_16_20,0.16,0.19
mFRR,45698.0,NEG_20_24,0.19,0.24
mFRR,45699.0,POS_00_04,0.07,0.1
mFRR,45699.0,POS_04_08,1.95,2.83
mFRR,45699.0,POS_08_12,3.35,4.01
mFRR,45699.0,POS_12_16,0.92,1.54
mFRR,45699.0,POS_16_20,3.86,4.76
mFRR,45699.0,POS_20_24,0.46,0.59
mFRR,45699.0,NEG_00_04,11.86,24.52
mFRR,45699.0,NEG_04_08,3.94,6.92
mFRR,45699.0,NEG_08_12,0.27,0.71
mFRR,45699.0,NEG_12_16,0.25,0.5
mFRR,45699.0,NEG_16_20,0.15,0.2
mFRR,45699.0,NEG_20_24,0.14,0.2
mFRR,45700.0,POS_00_04,0.08,0.1
mFRR,45700.0,POS_04_08,2.35,2.83
mFRR,45700.0,POS_08_12,4.85,6.11
mFRR,45700.0,POS_12_16,0.99,1.16
mFRR,45700.0,POS_16_20,7.2,12.11
mFRR,45700.0,POS_20_24,0.49,0.59
mFRR,45700.0,NEG_00_04,3.34,4.08
mFRR,45700.0,NEG_04_08,1.47,1.9
mFRR,45700.0,NEG_08_12,0.39,0.6
mFRR,45700.0,NEG_12_16,0.32,0.5
mFRR,45700.0,NEG_16_20,0.2,0.35
mFRR,45700.0,NEG_20_24,0.16,0.31
mFRR,45701.0,POS_00_04,0.08,0.1
mFRR,45701.0,POS_04_08,2.55,2.82
mFRR,45701.0,POS_08_12,5.43,6.12
mFRR,45701.0,POS_12_16,0.88,1.0
mFRR,45701.0,POS_16_20,7.83,9.5
mFRR,45701.0,POS_20_24,0.41,0.49
mFRR,45701.0,NEG_00_04,1.93,2.12
mFRR,45701.0,NEG_04_08,1.06,1.45
mFRR,45701.0,NEG_08_12,0.37,0.56
mFRR,45701.0,NEG_12_16,0.37,0.55
mFRR,45701.0,NEG_16_20,0.27,0.42
mFRR,45701.0,NEG_20_24,0.22,0.39
mFRR,45702.0,POS_00_04,0.08,0.1
mFRR,45702.0,POS_04_08,2.5,2.76
mFRR,45702.0,POS_08_12,8.86,22.4
mFRR,45702.0,POS_12_16,0.93,1.01
mFRR,45702.0,POS_16_20,50.04,80.0
mFRR,45702.0,POS_20_24,1.68,4.4
mFRR,45702.0,NEG_00_04,1.28,1.6
mFRR,45702.0,NEG_04_08,0.86,1.03
mFRR,45702.0,NEG_08_12,0.37,0.5
mFRR,45702.0,NEG_12_16,0.35,0.5
mFRR,45702.0,NEG_16_20,0.28,0.4
mFRR,45702.0,NEG_20_24,0.28,0.43
mFRR,45703.0,POS_00_04,0.08,0.09
mFRR,45703.0,POS_04_08,1.59,2.02
mFRR,45703.0,POS_08_12,5.45,7.33
mFRR,45703.0,POS_12_16,0.6,0.81
mFRR,45703.0,POS_16_20,16.06,20.88
mFRR,45703.0,POS_20_24,1.49,1.94
mFRR,45703.0,NEG_00_04,0.81,1.01
mFRR,45703.0,NEG_04_08,0.64,0.85
mFRR,45703.0,NEG_08_12,0.43,0.66
mFRR,45703.0,NEG_12_16,0.58,0.95
mFRR,45703.0,NEG_16_20,0.37,0.5
mFRR,45703.0,NEG_20_24,0.32,0.45
mFRR,45704.0,POS_00_04,0.07,0.15
mFRR,45704.0,POS_04_08,1.08,1.32
mFRR,45704.0,POS_08_12,3.38,4.0
mFRR,45704.0,POS_12_16,0.5,0.64
mFRR,45704.0,POS_16_20,7.12,9.0
mFRR,45704.0,POS_20_24,0.78,1.1
mFRR,45704.0,NEG_00_04,0.55,0.66
mFRR,45704.0,NEG_04_08,0.54,0.76
mFRR,45704.0,NEG_08_12,2.4,6.67
mFRR,45704.0,NEG_12_16,8.78,22.02
mFRR,45704.0,NEG_16_20,0.37,0.48
mFRR,45704.0,NEG_20_24,0.33,0.42
mFRR,45705.0,POS_00_04,0.07,0.11
mFRR,45705.0,POS_04_08,3.14,10.29
mFRR,45705.0,POS_08_12,7.91,19.98
mFRR,45705.0,POS_12_16,0.81,1.25
mFRR,45705.0,POS_16_20,35.35,49.14
mFRR,45705.0,POS_20_24,1.54,2.9
mFRR,45705.0,NEG_00_04,0.54,0.7
mFRR,45705.0,NEG_04_08,0.51,0.64
mFRR,45705.0,NEG_08_12,1.22,1.84
mFRR,45705.0,NEG_12_16,4.08,5.73
mFRR,45705.0,NEG_16_20,0.32,0.4
mFRR,45705.0,NEG_20_24,0.3,0.36
mFRR,45706.0,POS_00_04,0.07,0.11
mFRR,45706.0,POS_04_08,7.57,20.06
mFRR,45706.0,POS_08_12,12.38,18.72
mFRR,45706.0,POS_12_16,30.63,53.84
mFRR,45706.0,POS_16_20,22.83,28.23
mFRR,45706.0,POS_20_24,1.31,2.0
mFRR,45706.0,NEG_00_04,0.49,0.59
mFRR,45706.0,NEG_04_08,0.47,0.56
mFRR,45706.0,NEG_08_12,1.0,1.4
mFRR,45706.0,NEG_12_16,19.81,56.25
mFRR,45706.0,NEG_16_20,0.29,0.35
mFRR,45706.0,NEG_20_24,0.32,0.42
mFRR,45707.0,POS_00_04,0.11,0.67
mFRR,45707.0,POS_04_08,7.12,9.27
mFRR,45707.0,POS_08_12,8.51,10.58
mFRR,45707.0,POS_12_16,6.58,13.0
mFRR,45707.0,POS_16_20,14.46,17.34
mFRR,45707.0,POS_20_24,1.34,1.73
mFRR,45707.0,NEG_00_04,0.49,0.54
mFRR,45707.0,NEG_04_08,0.48,0.53
mFRR,45707.0,NEG_08_12,1.42,2.29
mFRR,45707.0,NEG_12_16,7.4,15.0
mFRR,45707.0,NEG_16_20,0.3,0.38
mFRR,45707.0,NEG_20_24,0.39,0.52
mFRR,45708.0,POS_00_04,0.33,0.58
mFRR,45708.0,POS_04_08,4.18,5.0
mFRR,45708.0,POS_08_12,6.06,7.32
mFRR,45708.0,POS_12_16,4.01,4.9
mFRR,45708.0,POS_16_20,8.84,9.76
mFRR,45708.0,POS_20_24,1.05,1.32
mFRR,45708.0,NEG_00_04,0.74,1.35
mFRR,45708.0,NEG_04_08,1.29,3.01
mFRR,45708.0,NEG_08_12,1.33,1.84
mFRR,45708.0,NEG_12_16,4.12,5.08
mFRR,45708.0,NEG_16_20,0.31,0.36
mFRR,45708.0,NEG_20_24,0.54,0.8
mFRR,45709.0,POS_00_04,0.29,0.42
mFRR,45709.0,POS_04_08,2.61,3.18
mFRR,45709.0,POS_08_12,4.28,4.94
mFRR,45709.0,POS_12_16,2.01,2.32
mFRR,45709.0,POS_16_20,4.63,5.7
mFRR,45709.0,POS_20_24,0.72,0.93
mFRR,45709.0,NEG_00_04,2.38,5.04
mFRR,45709.0,NEG_04_08,1.43,1.99
mFRR,45709.0,NEG_08_12,0.96,1.09
mFRR,45709.0,NEG_12_16,2.66,3.23
mFRR,45709.0,NEG_16_20,0.23,0.3
mFRR,45709.0,NEG_20_24,2.1,4.3
mFRR,45710.0,POS_00_04,0.2,0.3
mFRR,45710.0,POS_04_08,1.5,1.86
mFRR,45710.0,POS_08_12,2.47,2.82
mFRR,45710.0,POS_12_16,1.06,1.27
mFRR,45710.0,POS_16_20,3.08,3.7
mFRR,45710.0,POS_20_24,0.59,0.7
mFRR,45710.0,NEG_00_04,9.45,13.1
mFRR,45710.0,NEG_04_08,7.96,11.92
mFRR,45710.0,NEG_08_12,2.74,5.5
mFRR,45710.0,NEG_12_16,8.19,12.75
mFRR,45710.0,NEG_16_20,0.73,1.72
mFRR,45710.0,NEG_20_24,1.73,2.1
mFRR,45711.0,POS_00_04,0.15,0.24
mFRR,45711.0,POS_04_08,0.97,1.3
mFRR,45711.0,POS_08_12,1.64,2.1
mFRR,45711.0,POS_12_16,0.67,0.8
mFRR,45711.0,POS_16_20,2.68,3.54
mFRR,45711.0,POS_20_24,0.46,0.61
mFRR,45711.0,NEG_00_04,3.57,4.2
mFRR,45711.0,NEG_04_08,2.8,3.3
mFRR,45711.0,NEG_08_12,2.66,3.42
mFRR,45711.0,NEG_12_16,9.64,11.92
mFRR,45711.0,NEG_16_20,0.98,1.84
mFRR,45711.0,NEG_20_24,1.51,2.33
mFRR,45712.0,POS_00_04,0.13,0.19
mFRR,45712.0,POS_04_08,1.52,2.0
mFRR,45712.0,POS_08_12,2.73,3.35
mFRR,45712.0,POS_12_16,1.0,1.3
mFRR,45712.0,POS_16_20,4.11,4.99
mFRR,45712.0,POS_20_24,0.72,1.02
mFRR,45712.0,NEG_00_04,14.59,31.67
mFRR,45712.0,NEG_04_08,7.12,12.14
mFRR,45712.0,NEG_08_12,2.54,3.19
mFRR,45712.0,NEG_12_16,7.54,10.67
mFRR,45712.0,NEG_16_20,1.14,1.6
mFRR,45712.0,NEG_20_24,1.48,1.9
mFRR,45713.0,POS_00_04,0.13,0.21
mFRR,45713.0,POS_04_08,1.93,2.47
mFRR,45713.0,POS_08_12,3.55,4.32
mFRR,45713.0,POS_12_16,1.29,1.7
mFRR,45713.0,POS_16_20,30.19,52.75
mFRR,45713.0,POS_20_24,1.0,1.78
mFRR,45713.0,NEG_00_04,5.62,7.72
mFRR,45713.0,NEG_04_08,2.87,3.6
mFRR,45713.0,NEG_08_12,1.01,1.62
mFRR,45713.0,NEG_12_16,4.32,5.08
mFRR,45713.0,NEG_16_20,0.52,0.73
mFRR,45713.0,NEG_20_24,0.87,1.05
mFRR,45714.0,POS_00_04,0.13,0.2
mFRR,45714.0,POS_04_08,1.59,1.9
mFRR,45714.0,POS_08_12,2.92,3.73
mFRR,45714.0,POS_12_16,1.06,1.24
mFRR,45714.0,POS_16_20,20.9,24.0
mFRR,45714.0,POS_20_24,0.99,1.2
mFRR,45714.0,NEG_00_04,2.46,3.2
mFRR,45714.0,NEG_04_08,1.42,1.74
mFRR,45714.0,NEG_08_12,0.8,1.1
mFRR,45714.0,NEG_12_16,2.53,3.2
mFRR,45714.0,NEG_16_20,0.45,0.55
mFRR,45714.0,NEG_20_24,0.72,0.95
mFRR,45715.0,POS_00_04,0.13,0.2
mFRR,45715.0,POS_04_08,1.3,1.7
mFRR,45715.0,POS_08_12,2.24,2.7
mFRR,45715.0,POS_12_16,0.84,1.01
mFRR,45715.0,POS_16_20,11.47,13.7
mFRR,45715.0,POS_20_24,0.75,0.96
mFRR,45715.0,NEG_00_04,1.61,1.96
mFRR,45715.0,NEG_04_08,0.89,1.15
mFRR,45715.0,NEG_08_12,0.73,0.98
mFRR,45715.0,NEG_12_16,1.85,2.2
mFRR,45715.0,NEG_16_20,0.35,0.45
mFRR,45715.0,NEG_20_24,0.6,0.75
mFRR,45716.0,POS_00_04,0.14,0.2
mFRR,45716.0,POS_04_08,1.48,6.76
mFRR,45716.0,POS_08_12,5.65,10.8
mFRR,45716.0,POS_12_16,0.74,0.9
mFRR,45716.0,POS_16_20,8.15,9.44
mFRR,45716.0,POS_20_24,0.72,0.93
mFRR,45716.0,NEG_00_04,1.08,1.29
mFRR,45716.0,NEG_04_08,0.68,0.82
mFRR,45716.0,NEG_08_12,0.75,0.89
mFRR,45716.0,NEG_12_16,1.16,1.42
mFRR,45716.0,NEG_16_20,0.31,0.4
mFRR,45716.0,NEG_20_24,0.47,0.59
mFRR,45717.0,POS_00_04,0.16,0.22
mFRR,45717.0,POS_04_08,1.78,2.61
mFRR,45717.0,POS_08_12,3.17,3.9
mFRR,45717.0,POS_12_16,0.6,0.7
mFRR,45717.0,POS_16_20,5.4,6.35
mFRR,45717.0,POS_20_24,0.54,0.68
mFRR,45717.0,NEG_00_04,0.8,0.85
mFRR,45717.0,NEG_04_08,0.57,0.61
mFRR,45717.0,NEG_08_12,0.68,0.8
mFRR,45717.0,NEG_12_16,1.35,1.8
mFRR,45717.0,NEG_16_20,0.34,0.4
mFRR,45717.0,NEG_20_24,0.48,0.57
mFRR,45718.0,POS_00_04,0.16,0.5
mFRR,45718.0,POS_04_08,1.3,1.63
mFRR,45718.0,POS_08_12,1.88,2.45
mFRR,45718.0,POS_12_16,0.43,0.5
mFRR,45718.0,POS_16_20,3.95,4.97
mFRR,45718.0,POS_20_24,0.41,0.5
mFRR,45718.0,NEG_00_04,0.6,0.74
mFRR,45718.0,NEG_04_08,0.48,0.57
mFRR,45718.0,NEG_08_12,10.78,18.22
mFRR,45718.0,NEG_12_16,30.32,59.0
mFRR,45718.0,NEG_16_20,2.38,4.63
mFRR,45718.0,NEG_20_24,0.6,0.73
mFRR,45719.0,POS_00_04,0.16,0.25
mFRR,45719.0,POS_04_08,1.76,2.2
mFRR,45719.0,POS_08_12,2.03,2.43
mFRR,45719.0,POS_12_16,0.57,0.95
mFRR,45719.0,POS_16_20,6.05,7.96
mFRR,45719.0,POS_20_24,0.57,0.76
mFRR,45719.0,NEG_00_04,0.6,0.76
mFRR,45719.0,NEG_04_08,0.45,0.57
mFRR,45719.0,NEG_08_12,8.07,11.21
mFRR,45719.0,NEG_12_16,27.83,40.67
mFRR,45719.0,NEG_16_20,1.55,1.91
mFRR,45719.0,NEG_20_24,0.54,0.73
mFRR,45720.0,POS_00_04,0.16,0.21
mFRR,45720.0,POS_04_08,1.7,2.11
mFRR,45720.0,POS_08_12,1.78,2.06
mFRR,45720.0,POS_12_16,0.64,0.89
mFRR,45720.0,POS_16_20,6.25,14.16
mFRR,45720.0,POS_20_24,0.52,0.79
mFRR,45720.0,NEG_00_04,0.58,0.73
mFRR,45720.0,NEG_04_08,0.45,0.57
mFRR,45720.0,NEG_08_12,11.72,16.36
mFRR,45720.0,NEG_12_16,33.96,52.14
mFRR,45720.0,NEG_16_20,1.02,1.34
mFRR,45720.0,NEG_20_24,0.53,0.7
mFRR,45721.0,POS_00_04,0.14,0.2
mFRR,45721.0,POS_04_08,1.38,1.6
mFRR,45721.0,POS_08_12,1.58,1.88
mFRR,45721.0,POS_12_16,0.6,0.74
mFRR,45721.0,POS_16_20,6.76,7.8
mFRR,45721.0,POS_20_24,0.55,0.7
mFRR,45721.0,NEG_00_04,0.59,0.7
mFRR,45721.0,NEG_04_08,0.51,0.69
mFRR,45721.0,NEG_08_12,19.14,37.0
mFRR,45721.0,NEG_12_16,51.06,77.14
mFRR,45721.0,NEG_16_20,1.31,1.71
mFRR,45721.0,NEG_20_24,0.64,0.9
mFRR,45722.0,POS_00_04,1.42,5.48
mFRR,45722.0,POS_04_08,4.32,9.74
mFRR,45722.0,POS_08_12,6.56,13.16
mFRR,45722.0,POS_12_16,10.58,24.0
mFRR,45722.0,POS_16_20,7.41,8.87
mFRR,45722.0,POS_20_24,0.59,0.82
mFRR,45722.0,NEG_00_04,0.95,1.85
mFRR,45722.0,NEG_04_08,0.97,2.21
mFRR,45722.0,NEG_08_12,21.07,28.3
mFRR,45722.0,NEG_12_16,53.29,67.4
mFRR,45722.0,NEG_16_20,1.5,1.94
mFRR,45722.0,NEG_20_24,0.91,1.35
mFRR,45723.0,POS_00_04,1.48,1.88
mFRR,45723.0,POS_04_08,4.21,6.4
mFRR,45723.0,POS_08_12,4.84,5.49
mFRR,45723.0,POS_12_16,4.43,6.23
mFRR,45723.0,POS_16_20,7.93,9.6
mFRR,45723.0,POS_20_24,1.22,2.8
mFRR,45723.0,NEG_00_04,1.36,1.78
mFRR,45723.0,NEG_04_08,1.21,1.86
mFRR,45723.0,NEG_08_12,16.69,20.0
mFRR,45723.0,NEG_12_16,44.53,61.33
mFRR,45723.0,NEG_16_20,1.29,1.76
mFRR,45723.0,NEG_20_24,0.89,1.25
mFRR,45724.0,POS_00_04,0.98,1.3
mFRR,45724.0,POS_04_08,3.41,4.13
mFRR,45724.0,POS_08_12,2.68,3.5
mFRR,45724.0,POS_12_16,1.99,2.63
mFRR,45724.0,POS_16_20,5.3,6.5
mFRR,45724.0,POS_20_24,1.13,1.4
mFRR,45724.0,NEG_00_04,1.06,1.25
mFRR,45724.0,NEG_04_08,1.28,1.6
mFRR,45724.0,NEG_08_12,32.13,52.0
mFRR,45724.0,NEG_12_16,71.3,97.0
mFRR,45724.0,NEG_16_20,1.97,2.93
mFRR,45724.0,NEG_20_24,1.06,1.23
mFRR,45725.0,POS_00_04,0.68,0.85
mFRR,45725.0,POS_04_08,2.22,2.69
mFRR,45725.0,POS_08_12,1.85,2.1
mFRR,45725.0,POS_12_16,1.15,1.44
mFRR,45725.0,POS_16_20,3.74,4.59
mFRR,45725.0,POS_20_24,0.76,1.0
mFRR,45725.0,NEG_00_04,1.11,1.4
mFRR,45725.0,NEG_04_08,1.54,2.5
mFRR,45725.0,NEG_08_12,42.18,60.01
mFRR,45725.0,NEG_12_16,72.02,93.0
mFRR,45725.0,NEG_16_20,2.8,3.92
mFRR,45725.0,NEG_20_24,0.92,1.02
mFRR,45726.0,POS_00_04,0.55,0.76
mFRR,45726.0,POS_04_08,3.75,10.7
mFRR,45726.0,POS_08_12,2.29,2.63
mFRR,45726.0,POS_12_16,1.47,1.8
mFRR,45726.0,POS_16_20,7.38,10.88
mFRR,45726.0,POS_20_24,1.0,1.28
mFRR,45726.0,NEG_00_04,0.82,1.0
mFRR,45726.0,NEG_04_08,1.14,1.35
mFRR,45726.0,NEG_08_12,16.38,20.17
mFRR,45726.0,NEG_12_16,30.98,35.21
mFRR,45726.0,NEG_16_20,1.08,1.34
mFRR,45726.0,NEG_20_24,0.61,0.75
mFRR,45727.0,POS_00_04,0.51,0.64
mFRR,45727.0,POS_04_08,5.04,7.17
mFRR,45727.0,POS_08_12,2.08,2.5
mFRR,45727.0,POS_12_16,2.56,5.11
mFRR,45727.0,POS_16_20,10.36,15.64
mFRR,45727.0,POS_20_24,0.94,1.1
mFRR,45727.0,NEG_00_04,0.77,0.94
mFRR,45727.0,NEG_04_08,0.99,1.14
mFRR,45727.0,NEG_08_12,7.77,8.87
mFRR,45727.0,NEG_12_16,15.68,17.9
mFRR,45727.0,NEG_16_20,0.78,1.09
mFRR,45727.0,NEG_20_24,0.66,0.93
mFRR,45728.0,POS_00_04,0.47,1.0
mFRR,45728.0,POS_04_08,3.87,4.73
mFRR,45728.0,POS_08_12,1.74,1.97
mFRR,45728.0,POS_12_16,1.72,2.16
mFRR,45728.0,POS_16_20,14.33,30.5
mFRR,45728.0,POS_20_24,0.88,1.66
mFRR,45728.0,NEG_00_04,0.72,0.9
mFRR,45728.0,NEG_04_08,0.87,1.04
mFRR,45728.0,NEG_08_12,4.33,4.96
mFRR,45728.0,NEG_12_16,8.48,9.47
mFRR,45728.0,NEG_16_20,0.64,0.88
mFRR,45728.0,NEG_20_24,0.68,0.89
mFRR,45729.0,POS_00_04,0.61,0.9
mFRR,45729.0,POS_04_08,3.13,3.58
mFRR,45729.0,POS_08_12,1.42,1.7
mFRR,45729.0,POS_12_16,1.15,1.4
mFRR,45729.0,POS_16_20,16.3,19.08
mFRR,45729.0,POS_20_24,1.87,4.99
mFRR,45729.0,NEG_00_04,0.71,0.88
mFRR,45729.0,NEG_04_08,0.73,0.9
mFRR,45729.0,NEG_08_12,2.56,2.82
mFRR,45729.0,NEG_12_16,5.15,5.8
mFRR,45729.0,NEG_16_20,0.67,0.88
mFRR,45729.0,NEG_20_24,0.69,0.9
mFRR,45730.0,POS_00_04,0.63,0.85
mFRR,45730.0,POS_04_08,2.6,2.94
mFRR,45730.0,POS_08_12,1.26,1.6
mFRR,45730.0,POS_12_16,0.86,1.05
mFRR,45730.0,POS_16_20,11.78,13.96
mFRR,45730.0,POS_20_24,2.84,4.77
mFRR,45730.0,NEG_00_04,0.71,0.9
mFRR,45730.0,NEG_04_08,0.67,0.82
mFRR,45730.0,NEG_08_12,1.8,2.02
mFRR,45730.0,NEG_12_16,3.04,3.72
mFRR,45730.0,NEG_16_20,0.65,0.84
mFRR,45730.0,NEG_20_24,0.66,0.82
mFRR,45731.0,POS_00_04,0.85,1.78
mFRR,45731.0,POS_04_08,1.97,2.1
mFRR,45731.0,POS_08_12,1.23,2.22
mFRR,45731.0,POS_12_16,0.71,1.13
mFRR,45731.0,POS_16_20,8.13,8.8
mFRR,45731.0,POS_20_24,2.15,2.5
mFRR,45731.0,NEG_00_04,0.79,0.93
mFRR,45731.0,NEG_04_08,0.78,0.89
mFRR,45731.0,NEG_08_12,7.51,15.0
mFRR,45731.0,NEG_12_16,15.8,24.12
mFRR,45731.0,NEG_16_20,0.96,1.32
mFRR,45731.0,NEG_20_24,0.84,1.05
mFRR,45732.0,POS_00_04,0.91,1.38
mFRR,45732.0,POS_04_08,1.34,1.7
mFRR,45732.0,POS_08_12,1.25,1.57
mFRR,45732.0,POS_12_16,0.62,0.8
mFRR,45732.0,POS_16_20,5.11,6.5
mFRR,45732.0,POS_20_24,1.41,1.84
mFRR,45732.0,NEG_00_04,0.83,1.0
mFRR,45732.0,NEG_04_08,0.84,1.02
mFRR,45732.0,NEG_08_12,29.35,41.48
mFRR,45732.0,NEG_12_16,49.15,65.58
mFRR,45732.0,NEG_16_20,2.19,4.88
mFRR,45732.0,NEG_20_24,1.16,1.72
mFRR,45733.0,POS_00_04,0.76,1.3
mFRR,45733.0,POS_04_08,2.41,4.2
mFRR,45733.0,POS_08_12,5.03,8.67
mFRR,45733.0,POS_12_16,3.31,8.02
mFRR,45733.0,POS_16_20,12.98,24.8
mFRR,45733.0,POS_20_24,2.63,4.99
mFRR,45733.0,NEG_00_04,2.31,4.88
mFRR,45733.0,NEG_04_08,1.05,1.55
mFRR,45733.0,NEG_08_12,15.7,20.34
mFRR,45733.0,NEG_12_16,30.44,37.95
mFRR,45733.0,NEG_16_20,1.48,2.05
mFRR,45733.0,NEG_20_24,0.86,1.1
mFRR,45734.0,POS_00_04,0.83,1.18
mFRR,45734.0,POS_04_08,2.9,3.61
mFRR,45734.0,POS_08_12,4.23,5.23
mFRR,45734.0,POS_12_16,2.26,3.5
mFRR,45734.0,POS_16_20,24.12,33.16
mFRR,45734.0,POS_20_24,3.41,9.0
mFRR,45734.0,NEG_00_04,1.49,1.9
mFRR,45734.0,NEG_04_08,1.05,1.38
mFRR,45734.0,NEG_08_12,32.85,40.0
mFRR,45734.0,NEG_12_16,69.24,89.17
mFRR,45734.0,NEG_16_20,1.3,1.79
mFRR,45734.0,NEG_20_24,0.79,1.0
mFRR,45735.0,POS_00_04,0.83,1.07
mFRR,45735.0,POS_04_08,2.85,3.89
mFRR,45735.0,POS_08_12,3.0,3.5
mFRR,45735.0,POS_12_16,1.76,2.11
mFRR,45735.0,POS_16_20,25.36,34.42
mFRR,45735.0,POS_20_24,5.7,9.44
mFRR,45735.0,NEG_00_04,1.04,1.33
mFRR,45735.0,NEG_04_08,0.96,1.1
mFRR,45735.0,NEG_08_12,33.51,43.0
mFRR,45735.0,NEG_12_16,60.29,72.61
mFRR,45735.0,NEG_16_20,1.34,1.6
mFRR,45735.0,NEG_20_24,0.76,0.92
mFRR,45736.0,POS_00_04,0.79,1.0
mFRR,45736.0,POS_04_08,2.73,3.51
mFRR,45736.0,POS_08_12,2.27,2.75
mFRR,45736.0,POS_12_16,1.23,1.43
mFRR,45736.0,POS_16_20,30.71,40.0
mFRR,45736.0,POS_20_24,7.65,9.11
mFRR,45736.0,NEG_00_04,0.99,1.21
mFRR,45736.0,NEG_04_08,0.87,1.02
mFRR,45736.0,NEG_08_12,32.75,39.94
mFRR,45736.0,NEG_12_16,57.35,77.15
mFRR,45736.0,NEG_16_20,1.14,1.28
mFRR,45736.0,NEG_20_24,0.75,0.87
mFRR,45737.0,POS_00_04,0.8,1.23
mFRR,45737.0,POS_04_08,2.72,3.5
mFRR,45737.0,POS_08_12,2.18,2.8
mFRR,45737.0,POS_12_16,1.12,1.71
mFRR,45737.0,POS_16_20,19.77,24.0
mFRR,45737.0,POS_20_24,4.61,5.77
mFRR,45737.0,NEG_00_04,0.93,1.0
mFRR,45737.0,NEG_04_08,0.85,1.0
mFRR,45737.0,NEG_08_12,25.16,28.72
mFRR,45737.0,NEG_12_16,56.31,62.08
mFRR,45737.0,NEG_16_20,3.11,4.0
mFRR,45737.0,NEG_20_24,3.52,5.4
mFRR,45738.0,POS_00_04,0.8,1.03
mFRR,45738.0,POS_04_08,1.83,2.24
mFRR,45738.0,POS_08_12,1.44,1.7
mFRR,45738.0,POS_12_16,0.86,1.01
mFRR,45738.0,POS_16_20,11.46,13.52
mFRR,45738.0,POS_20_24,3.12,3.76
mFRR,45738.0,NEG_00_04,6.12,8.92
mFRR,45738.0,NEG_04_08,5.67,7.33
mFRR,45738.0,NEG_08_12,28.14,32.0
mFRR,45738.0,NEG_12_16,55.03,59.75
mFRR,45738.0,NEG_16_20,8.16,14.66
mFRR,45738.0,NEG_20_24,4.11,6.58
mFRR,45739.0,POS_00_04,0.56,0.74
mFRR,45739.0,POS_04_08,1.23,1.5
mFRR,45739.0,POS_08_12,1.02,1.23
mFRR,45739.0,POS_12_16,0.52,0.61
mFRR,45739.0,POS_16_20,6.45,7.59
mFRR,45739.0,POS_20_24,2.12,2.7
mFRR,45739.0,NEG_00_04,4.79,5.51
mFRR,45739.0,NEG_04_08,3.97,4.98
mFRR,45739.0,NEG_08_12,20.57,24.68
mFRR,45739.0,NEG_12_16,40.71,45.86
mFRR,45739.0,NEG_16_20,4.55,5.81
mFRR,45739.0,NEG_20_24,1.89,2.53
mFRR,45740.0,POS_00_04,0.59,0.75
mFRR,45740.0,POS_04_08,1.94,2.84
mFRR,45740.0,POS_08_12,2.45,3.8
mFRR,45740.0,POS_12_16,1.57,2.32
mFRR,45740.0,POS_16_20,12.45,18.7
mFRR,45740.0,POS_20_24,3.09,3.89
mFRR,45740.0,NEG_00_04,1.66,2.0
mFRR,45740.0,NEG_04_08,1.6,1.86
mFRR,45740.0,NEG_08_12,8.57,9.28
mFRR,45740.0,NEG_12_16,12.74,16.27
mFRR,45740.0,NEG_16_20,0.99,1.5
mFRR,45740.0,NEG_20_24,0.86,1.03
mFRR,45741.0,POS_00_04,0.58,0.88
mFRR,45741.0,POS_04_08,1.93,2.41
mFRR,45741.0,POS_08_12,2.03,2.34
mFRR,45741.0,POS_12_16,1.02,1.33
mFRR,45741.0,POS_16_20,9.65,11.46
mFRR,45741.0,POS_20_24,2.48,2.97
mFRR,45741.0,NEG_00_04,0.76,0.91
mFRR,45741.0,NEG_04_08,0.79,0.96
mFRR,45741.0,NEG_08_12,5.84,6.7
mFRR,45741.0,NEG_12_16,9.56,10.89
mFRR,45741.0,NEG_16_20,0.7,0.81
mFRR,45741.0,NEG_20_24,0.6,0.75
mFRR,45742.0,POS_00_04,0.55,0.63
mFRR,45742.0,POS_04_08,1.68,2.04
mFRR,45742.0,POS_08_12,1.43,1.63
mFRR,45742.0,POS_12_16,0.72,0.9
mFRR,45742.0,POS_16_20,8.05,9.27
mFRR,45742.0,POS_20_24,2.29,2.94
mFRR,45742.0,NEG_00_04,0.7,0.9
mFRR,45742.0,NEG_04_08,0.74,1.0
mFRR,45742.0,NEG_08_12,4.2,4.98
mFRR,45742.0,NEG_12_16,7.8,8.68
mFRR,45742.0,NEG_16_20,0.66,0.87
mFRR,45742.0,NEG_20_24,0.6,0.84
mFRR,45743.0,POS_00_04,0.51,0.63
mFRR,45743.0,POS_04_08,1.84,7.4
mFRR,45743.0,POS_08_12,1.27,1.63
mFRR,45743.0,POS_12_16,0.81,1.02
mFRR,45743.0,POS_16_20,10.0,30.69
mFRR,45743.0,POS_20_24,3.07,7.5
mFRR,45743.0,NEG_00_04,0.69,0.85
mFRR,45743.0,NEG_04_08,0.72,0.86
mFRR,45743.0,NEG_08_12,7.77,10.37
mFRR,45743.0,NEG_12_16,23.11,36.0
mFRR,45743.0,NEG_16_20,0.65,0.88
mFRR,45743.0,NEG_20_24,0.65,0.82
mFRR,45744.0,POS_00_04,0.42,0.49
mFRR,45744.0,POS_04_08,2.94,4.44
mFRR,45744.0,POS_08_12,1.07,1.31
mFRR,45744.0,POS_12_16,0.7,0.91
mFRR,45744.0,POS_16_20,16.43,25.62
mFRR,45744.0,POS_20_24,3.88,5.33
mFRR,45744.0,NEG_00_04,0.68,0.84
mFRR,45744.0,NEG_04_08,0.64,0.75
mFRR,45744.0,NEG_08_12,25.86,49.22
mFRR,45744.0,NEG_12_16,51.13,81.38
mFRR,45744.0,NEG_16_20,0.72,0.94
mFRR,45744.0,NEG_20_24,0.68,0.93
mFRR,45745.0,POS_00_04,0.48,0.69
mFRR,45745.0,POS_04_08,2.23,3.21
mFRR,45745.0,POS_08_12,1.49,1.89
mFRR,45745.0,POS_12_16,0.58,0.71
mFRR,45745.0,POS_16_20,12.14,14.78
mFRR,45745.0,POS_20_24,2.53,3.5
mFRR,45745.0,NEG_00_04,0.65,0.78
mFRR,45745.0,NEG_04_08,0.61,0.74
mFRR,45745.0,NEG_08_12,17.65,20.29
mFRR,45745.0,NEG_12_16,46.9,66.97
mFRR,45745.0,NEG_16_20,1.13,2.0
mFRR,45745.0,NEG_20_24,0.9,1.01
mFRR,45746.0,POS_00_04,0.57,1.73
mFRR,45746.0,POS_04_08,1.64,2.25
mFRR,45746.0,POS_08_12,1.06,1.26
mFRR,45746.0,POS_12_16,0.44,0.5
mFRR,45746.0,POS_16_20,7.1,9.09
mFRR,45746.0,POS_20_24,1.86,2.34
mFRR,45746.0,NEG_00_04,3.0,5.5
mFRR,45746.0,NEG_04_08,4.42,13.16
mFRR,45746.0,NEG_08_12,24.25,30.83
mFRR,45746.0,NEG_12_16,59.56,66.3
mFRR,45746.0,NEG_16_20,9.56,22.72
mFRR,45746.0,NEG_20_24,3.28,4.1
mFRR,45747.0,POS_00_04,0.54,0.7
mFRR,45747.0,POS_04_08,2.32,2.88
mFRR,45747.0,POS_08_12,2.73,4.0
mFRR,45747.0,POS_12_16,1.0,1.4
mFRR,45747.0,POS_16_20,12.57,14.5
mFRR,45747.0,POS_20_24,4.72,11.0
mFRR,45747.0,NEG_00_04,8.71,13.8
mFRR,45747.0,NEG_04_08,7.2,12.89
mFRR,45747.0,NEG_08_12,13.29,16.25
mFRR,45747.0,NEG_12_16,28.15,32.67
mFRR,45747.0,NEG_16_20,3.85,6.47
mFRR,45747.0,NEG_20_24,1.19,1.4
mFRR,45748.0,POS_00_04,0.5,0.76
mFRR,45748.0,POS_04_08,3.54,11.0
mFRR,45748.0,POS_08_12,5.48,11.25
mFRR,45748.0,POS_12_16,1.24,2.04
mFRR,45748.0,POS_16_20,14.23,18.23
mFRR,45748.0,POS_20_24,6.2,13.1
mFRR,45748.0,NEG_00_04,2.94,3.8
mFRR,45748.0,NEG_04_08,2.7,3.4
mFRR,45748.0,NEG_08_12,12.39,14.76
mFRR,45748.0,NEG_12_16,49.3,59.0
mFRR,45748.0,NEG_16_20,3.94,6.2
mFRR,45748.0,NEG_20_24,0.8,1.0
mFRR,45749.0,POS_00_04,0.5,0.6
mFRR,45749.0,POS_04_08,5.35,8.34
mFRR,45749.0,POS_08_12,4.26,9.75
mFRR,45749.0,POS_12_16,0.8,1.11
mFRR,45749.0,POS_16_20,10.6,13.0
mFRR,45749.0,POS_20_24,6.79,8.8
mFRR,45749.0,NEG_00_04,3.78,11.22
mFRR,45749.0,NEG_04_08,1.6,1.86
mFRR,45749.0,NEG_08_12,12.36,15.19
mFRR,45749.0,NEG_12_16,69.04,106.25
mFRR,45749.0,NEG_16_20,8.54,20.03
mFRR,45749.0,NEG_20_24,0.92,1.51
mFRR,45750.0,POS_00_04,0.41,0.5
mFRR,45750.0,POS_04_08,7.99,11.0
mFRR,45750.0,POS_08_12,8.41,12.0
mFRR,45750.0,POS_12_16,0.64,0.78
mFRR,45750.0,POS_16_20,11.38,22.0
mFRR,45750.0,POS_20_24,9.53,21.84
mFRR,45750.0,NEG_00_04,4.35,7.63
mFRR,45750.0,NEG_04_08,1.22,1.54
mFRR,45750.0,NEG_08_12,13.2,27.53
mFRR,45750.0,NEG_12_16,68.24,77.75
mFRR,45750.0,NEG_16_20,10.8,14.7
mFRR,45750.0,NEG_20_24,0.85,1.0
mFRR,45751.0,POS_00_04,0.4,0.76
mFRR,45751.0,POS_04_08,12.15,26.88
mFRR,45751.0,POS_08_12,6.62,8.81
mFRR,45751.0,POS_12_16,0.49,0.59
mFRR,45751.0,POS_16_20,13.56,18.0
mFRR,45751.0,POS_20_24,13.21,18.32
mFRR,45751.0,NEG_00_04,3.54,4.1
mFRR,45751.0,NEG_04_08,0.96,1.05
mFRR,45751.0,NEG_08_12,14.6,17.5
mFRR,45751.0,NEG_12_16,65.57,98.0
mFRR,45751.0,NEG_16_20,10.88,17.08
mFRR,45751.0,NEG_20_24,0.75,0.88
mFRR,45752.0,POS_00_04,0.68,1.82
mFRR,45752.0,POS_04_08,6.74,8.9
mFRR,45752.0,POS_08_12,4.46,5.0
mFRR,45752.0,POS_12_16,0.38,0.47
mFRR,45752.0,POS_16_20,8.94,9.97
mFRR,45752.0,POS_20_24,7.92,9.13
mFRR,45752.0,NEG_00_04,2.79,3.0
mFRR,45752.0,NEG_04_08,1.08,2.65
mFRR,45752.0,NEG_08_12,23.86,37.18
mFRR,45752.0,NEG_12_16,77.15,87.91
mFRR,45752.0,NEG_16_20,21.08,31.32
mFRR,45752.0,NEG_20_24,1.25,1.8
mFRR,45753.0,POS_00_04,0.81,1.28
mFRR,45753.0,POS_04_08,3.96,5.3
mFRR,45753.0,POS_08_12,2.63,3.0
mFRR,45753.0,POS_12_16,0.33,0.49
mFRR,45753.0,POS_16_20,6.87,8.5
mFRR,45753.0,POS_20_24,6.23,8.5
mFRR,45753.0,NEG_00_04,3.38,4.88
mFRR,45753.0,NEG_04_08,2.4,2.97
mFRR,45753.0,NEG_08_12,30.94,44.0
mFRR,45753.0,NEG_12_16,77.37,100.66
mFRR,45753.0,NEG_16_20,18.44,29.42
mFRR,45753.0,NEG_20_24,0.89,0.94
mFRR,45754.0,POS_00_04,0.77,1.0
mFRR,45754.0,POS_04_08,8.37,15.36
mFRR,45754.0,POS_08_12,5.81,9.34
mFRR,45754.0,POS_12_16,0.65,1.01
mFRR,45754.0,POS_16_20,15.73,27.78
mFRR,45754.0,POS_20_24,10.92,25.0
mFRR,45754.0,NEG_00_04,2.5,2.95
mFRR,45754.0,NEG_04_08,1.56,1.96
mFRR,45754.0,NEG_08_12,23.12,29.77
mFRR,45754.0,NEG_12_16,67.46,85.91
mFRR,45754.0,NEG_16_20,12.15,14.55
mFRR,45754.0,NEG_20_24,0.52,0.56
mFRR,45755.0,POS_00_04,0.7,1.0
mFRR,45755.0,POS_04_08,12.25,16.0
mFRR,45755.0,POS_08_12,5.96,8.33
mFRR,45755.0,POS_12_16,0.8,1.3
mFRR,45755.0,POS_16_20,20.6,27.87
mFRR,45755.0,POS_20_24,17.14,29.0
mFRR,45755.0,NEG_00_04,1.69,1.89
mFRR,45755.0,NEG_04_08,1.15,1.34
mFRR,45755.0,NEG_08_12,16.43,17.78
mFRR,45755.0,NEG_12_16,54.49,60.06
mFRR,45755.0,NEG_16_20,8.05,9.02
mFRR,45755.0,NEG_20_24,0.38,0.44
mFRR,45756.0,POS_00_04,0.64,0.88
mFRR,45756.0,POS_04_08,10.24,11.7
mFRR,45756.0,POS_08_12,5.26,7.0
mFRR,45756.0,POS_12_16,0.8,1.0
mFRR,45756.0,POS_16_20,15.71,18.21
mFRR,45756.0,POS_20_24,13.6,15.61
mFRR,45756.0,NEG_00_04,1.04,1.12
mFRR,45756.0,NEG_04_08,0.86,1.0
mFRR,45756.0,NEG_08_12,10.87,12.6
mFRR,45756.0,NEG_12_16,38.56,42.32
mFRR,45756.0,NEG_16_20,5.4,6.32
mFRR,45756.0,NEG_20_24,0.38,0.65
mFRR,45757.0,POS_00_04,0.62,0.8
mFRR,45757.0,POS_04_08,7.88,8.8
mFRR,45757.0,POS_08_12,4.71,5.53
mFRR,45757.0,POS_12_16,0.92,1.53
mFRR,45757.0,POS_16_20,12.68,14.33
mFRR,45757.0,POS_20_24,9.11,11.0
mFRR,45757.0,NEG_00_04,0.73,0.88
mFRR,45757.0,NEG_04_08,0.68,0.86
mFRR,45757.0,NEG_08_12,8.49,9.65
mFRR,45757.0,NEG_12_16,33.56,50.0
mFRR,45757.0,NEG_16_20,5.45,6.7
mFRR,45757.0,NEG_20_24,0.5,0.73
mFRR,45758.0,POS_00_04,0.56,0.63
mFRR,45758.0,POS_04_08,5.52,6.5
mFRR,45758.0,POS_08_12,3.57,4.0
mFRR,45758.0,POS_12_16,0.72,0.85
mFRR,45758.0,POS_16_20,9.38,10.65
mFRR,45758.0,POS_20_24,7.5,8.7
mFRR,45758.0,NEG_00_04,2.3,5.5
mFRR,45758.0,NEG_04_08,0.97,1.28
mFRR,45758.0,NEG_08_12,21.08,25.0
mFRR,45758.0,NEG_12_16,69.78,85.0
mFRR,45758.0,NEG_16_20,17.22,22.02
mFRR,45758.0,NEG_20_24,0.71,1.0
mFRR,45759.0,POS_00_04,0.55,0.84
mFRR,45759.0,POS_04_08,4.48,6.0
mFRR,45759.0,POS_08_12,3.02,4.0
mFRR,45759.0,POS_12_16,0.56,0.7
mFRR,45759.0,POS_16_20,7.42,8.8
mFRR,45759.0,POS_20_24,6.56,8.4
mFRR,45759.0,NEG_00_04,2.02,2.26
mFRR,45759.0,NEG_04_08,0.89,1.07
mFRR,45759.0,NEG_08_12,18.27,23.2
mFRR,45759.0,NEG_12_16,77.16,95.85
mFRR,45759.0,NEG_16_20,19.28,25.6
mFRR,45759.0,NEG_20_24,0.78,0.98
mFRR,45760.0,POS_00_04,0.55,0.8
mFRR,45760.0,POS_04_08,3.34,3.86
mFRR,45760.0,POS_08_12,2.24,2.62
mFRR,45760.0,POS_12_16,0.45,0.54
mFRR,45760.0,POS_16_20,5.83,6.65
mFRR,45760.0,POS_20_24,5.62,6.6
mFRR,45760.0,NEG_00_04,3.17,3.88
mFRR,45760.0,NEG_04_08,4.48,8.4
mFRR,45760.0,NEG_08_12,27.85,40.01
mFRR,45760.0,NEG_12_16,72.1,79.8
mFRR,45760.0,NEG_16_20,18.87,26.0
mFRR,45760.0,NEG_20_24,0.62,0.8
mFRR,45761.0,POS_00_04,0.56,0.8
mFRR,45761.0,POS_04_08,5.57,7.01
mFRR,45761.0,POS_08_12,5.01,6.3
mFRR,45761.0,POS_12_16,0.68,0.91
mFRR,45761.0,POS_16_20,11.79,17.1
mFRR,45761.0,POS_20_24,9.62,13.86
mFRR,45761.0,NEG_00_04,1.7,1.91
mFRR,45761.0,NEG_04_08,2.2,2.75
mFRR,45761.0,NEG_08_12,14.76,16.56
mFRR,45761.0,NEG_12_16,40.79,45.04
mFRR,45761.0,NEG_16_20,9.47,11.29
mFRR,45761.0,NEG_20_24,0.58,0.67
mFRR,45762.0,POS_00_04,0.59,0.78
mFRR,45762.0,POS_04_08,4.08,4.66
mFRR,45762.0,POS_08_12,3.39,4.0
mFRR,45762.0,POS_12_16,0.57,0.64
mFRR,45762.0,POS_16_20,9.61,10.82
mFRR,45762.0,POS_20_24,7.96,9.26
mFRR,45762.0,NEG_00_04,3.09,7.72
mFRR,45762.0,NEG_04_08,2.56,3.5
mFRR,45762.0,NEG_08_12,14.64,17.0
mFRR,45762.0,NEG_12_16,53.47,82.72
mFRR,45762.0,NEG_16_20,8.2,8.75
mFRR,45762.0,NEG_20_24,0.56,0.69
mFRR,45763.0,POS_00_04,0.59,0.7
mFRR,45763.0,POS_04_08,4.09,4.66
mFRR,45763.0,POS_08_12,3.49,3.89
mFRR,45763.0,POS_12_16,0.52,0.64
mFRR,45763.0,POS_16_20,9.5,10.84
mFRR,45763.0,POS_20_24,7.68,8.75
mFRR,45763.0,NEG_00_04,2.91,3.49
mFRR,45763.0,NEG_04_08,1.71,1.92
mFRR,45763.0,NEG_08_12,11.29,12.01
mFRR,45763.0,NEG_12_16,39.02,40.92
mFRR,45763.0,NEG_16_20,5.69,6.47
mFRR,45763.0,NEG_20_24,0.63,0.82
mFRR,45764.0,POS_00_04,0.51,0.62
mFRR,45764.0,POS_04_08,3.02,3.6
mFRR,45764.0,POS_08_12,2.73,3.3
mFRR,45764.0,POS_12_16,0.46,0.54
mFRR,45764.0,POS_16_20,7.17,8.27
mFRR,45764.0,POS_20_24,5.64,6.55
mFRR,45764.0,NEG_00_04,2.28,2.56
mFRR,45764.0,NEG_04_08,1.28,1.55
mFRR,45764.0,NEG_08_12,7.49,8.07
mFRR,45764.0,NEG_12_16,24.87,27.52
mFRR,45764.0,NEG_16_20,4.44,4.8
mFRR,45764.0,NEG_20_24,0.73,1.1
mFRR,45765.0,POS_00_04,0.44,0.53
mFRR,45765.0,POS_04_08,2.2,2.58
mFRR,45765.0,POS_08_12,2.04,2.29
mFRR,45765.0,POS_12_16,0.36,0.45
mFRR,45765.0,POS_16_20,5.76,6.62
mFRR,45765.0,POS_20_24,5.33,6.5
mFRR,45765.0,NEG_00_04,1.52,2.35
mFRR,45765.0,NEG_04_08,1.52,2.5
mFRR,45765.0,NEG_08_12,6.74,7.74
mFRR,45765.0,NEG_12_16,22.96,26.96
mFRR,45765.0,NEG_16_20,3.8,4.98
mFRR,45765.0,NEG_20_24,0.8,1.8
mFRR,45766.0,POS_00_04,0.52,1.84
mFRR,45766.0,POS_04_08,1.87,3.36
mFRR,45766.0,POS_08_12,1.72,2.51
mFRR,45766.0,POS_12_16,0.35,0.5
mFRR,45766.0,POS_16_20,5.56,15.66
mFRR,45766.0,POS_20_24,5.31,14.99
mFRR,45766.0,NEG_00_04,1.68,2.0
mFRR,45766.0,NEG_04_08,1.71,2.03
mFRR,45766.0,NEG_08_12,16.3,20.91
mFRR,45766.0,NEG_12_16,54.21,74.28
mFRR,45766.0,NEG_16_20,12.24,19.3
mFRR,45766.0,NEG_20_24,1.45,2.5
mFRR,45767.0,POS_00_04,0.69,1.68
mFRR,45767.0,POS_04_08,2.0,3.67
mFRR,45767.0,POS_08_12,1.5,1.74
mFRR,45767.0,POS_12_16,0.34,0.55
mFRR,45767.0,POS_16_20,6.36,9.0
mFRR,45767.0,POS_20_24,6.83,9.7
mFRR,45767.0,NEG_00_04,1.81,2.17
mFRR,45767.0,NEG_04_08,1.29,1.89
mFRR,45767.0,NEG_08_12,20.43,27.4
mFRR,45767.0,NEG_12_16,66.1,83.19
mFRR,45767.0,NEG_16_20,17.88,23.6
mFRR,45767.0,NEG_20_24,1.63,2.29
mFRR,45768.0,POS_00_04,0.7,1.7
mFRR,45768.0,POS_04_08,2.12,2.98
mFRR,45768.0,POS_08_12,1.33,2.12
mFRR,45768.0,POS_12_16,0.38,0.5
mFRR,45768.0,POS_16_20,5.37,6.5
mFRR,45768.0,POS_20_24,5.28,6.8
mFRR,45768.0,NEG_00_04,1.65,2.24
mFRR,45768.0,NEG_04_08,1.91,3.43
mFRR,45768.0,NEG_08_12,20.29,28.0
mFRR,45768.0,NEG_12_16,63.83,76.69
mFRR,45768.0,NEG_16_20,17.17,24.62
mFRR,45768.0,NEG_20_24,2.01,3.02
mFRR,45769.0,POS_00_04,0.55,1.27
mFRR,45769.0,POS_04_08,3.94,7.22
mFRR,45769.0,POS_08_12,4.5,12.44
mFRR,45769.0,POS_12_16,0.88,1.45
mFRR,45769.0,POS_16_20,9.81,22.0
mFRR,45769.0,POS_20_24,10.16,23.0
mFRR,45769.0,NEG_00_04,1.6,1.93
mFRR,45769.0,NEG_04_08,7.4,13.48
mFRR,45769.0,NEG_08_12,12.75,17.04
mFRR,45769.0,NEG_12_16,36.71,44.0
mFRR,45769.0,NEG_16_20,9.4,13.84
mFRR,45769.0,NEG_20_24,1.19,1.74
mFRR,45770.0,POS_00_04,0.85,2.5
mFRR,45770.0,POS_04_08,5.06,12.44
mFRR,45770.0,POS_08_12,5.59,8.44
mFRR,45770.0,POS_12_16,0.65,0.97
mFRR,45770.0,POS_16_20,11.64,17.06
mFRR,45770.0,POS_20_24,11.25,23.96
mFRR,45770.0,NEG_00_04,1.37,1.6
mFRR,45770.0,NEG_04_08,2.86,3.97
mFRR,45770.0,NEG_08_12,9.68,11.0
mFRR,45770.0,NEG_12_16,26.57,34.03
mFRR,45770.0,NEG_16_20,6.32,7.04
mFRR,45770.0,NEG_20_24,1.21,1.55
mFRR,45771.0,POS_00_04,1.19,1.87
mFRR,45771.0,POS_04_08,5.59,8.0
mFRR,45771.0,POS_08_12,5.1,6.46
mFRR,45771.0,POS_12_16,0.53,0.68
mFRR,45771.0,POS_16_20,10.04,12.32
mFRR,45771.0,POS_20_24,10.98,14.75
mFRR,45771.0,NEG_00_04,1.34,1.53
mFRR,45771.0,NEG_04_08,1.9,2.16
mFRR,45771.0,NEG_08_12,6.63,7.42
mFRR,45771.0,NEG_12_16,17.78,19.78
mFRR,45771.0,NEG_16_20,4.52,4.8
mFRR,45771.0,NEG_20_24,1.06,1.29
mFRR,45772.0,POS_00_04,1.18,1.6
mFRR,45772.0,POS_04_08,4.48,5.38
mFRR,45772.0,POS_08_12,3.89,5.0
mFRR,45772.0,POS_12_16,0.8,1.55
mFRR,45772.0,POS_16_20,7.88,8.48
mFRR,45772.0,POS_20_24,8.87,11.32
mFRR,45772.0,NEG_00_04,0.63,0.86
mFRR,45772.0,NEG_04_08,1.23,1.53
mFRR,45772.0,NEG_08_12,4.76,5.16
mFRR,45772.0,NEG_12_16,14.55,16.13
mFRR,45772.0,NEG_16_20,3.05,3.54
mFRR,45772.0,NEG_20_24,0.87,1.0
mFRR,45773.0,POS_00_04,1.39,2.42
mFRR,45773.0,POS_04_08,3.32,4.01
mFRR,45773.0,POS_08_12,2.76,3.5
mFRR,45773.0,POS_12_16,0.57,0.81
mFRR,45773.0,POS_16_20,6.11,7.6
mFRR,45773.0,POS_20_24,9.11,13.23
mFRR,45773.0,NEG_00_04,0.53,0.62
mFRR,45773.0,NEG_04_08,1.09,1.28
mFRR,45773.0,NEG_08_12,17.95,26.75
mFRR,45773.0,NEG_12_16,63.03,73.5
mFRR,45773.0,NEG_16_20,12.56,16.5
mFRR,45773.0,NEG_20_24,1.19,2.0
mFRR,45774.0,POS_00_04,1.1,1.43
mFRR,45774.0,POS_04_08,2.57,2.9
mFRR,45774.0,POS_08_12,1.99,2.25
mFRR,45774.0,POS_12_16,0.42,0.5
mFRR,45774.0,POS_16_20,5.17,6.02
mFRR,45774.0,POS_20_24,7.64,9.39
mFRR,45774.0,NEG_00_04,0.89,1.18
mFRR,45774.0,NEG_04_08,2.4,4.88
mFRR,45774.0,NEG_08_12,31.8,58.57
mFRR,45774.0,NEG_12_16,78.47,105.71
mFRR,45774.0,NEG_16_20,16.15,24.12
mFRR,45774.0,NEG_20_24,1.14,2.0
mFRR,45775.0,POS_00_04,1.05,1.6
mFRR,45775.0,POS_04_08,4.37,9.0
mFRR,45775.0,POS_08_12,4.34,7.3
mFRR,45775.0,POS_12_16,0.48,0.64
mFRR,45775.0,POS_16_20,10.06,19.0
mFRR,45775.0,POS_20_24,20.42,45.0
mFRR,45775.0,NEG_00_04,0.68,0.87
mFRR,45775.0,NEG_04_08,1.68,2.46
mFRR,45775.0,NEG_08_12,22.11,26.35
mFRR,45775.0,NEG_12_16,69.69,85.31
mFRR,45775.0,NEG_16_20,12.85,17.17
mFRR,45775.0,NEG_20_24,1.22,1.88
mFRR,45776.0,POS_00_04,1.08,1.32
mFRR,45776.0,POS_04_08,5.01,6.54
mFRR,45776.0,POS_08_12,7.67,13.7
mFRR,45776.0,POS_12_16,4.65,14.0
mFRR,45776.0,POS_16_20,12.59,15.56
mFRR,45776.0,POS_20_24,23.64,33.16
mFRR,45776.0,NEG_00_04,0.66,0.88
mFRR,45776.0,NEG_04_08,1.44,1.85
mFRR,45776.0,NEG_08_12,32.48,40.01
mFRR,45776.0,NEG_12_16,98.93,125.0
mFRR,45776.0,NEG_16_20,15.09,18.8
mFRR,45776.0,NEG_20_24,1.24,2.0
mFRR,45777.0,POS_00_04,1.07,1.26
mFRR,45777.0,POS_04_08,6.18,9.29
mFRR,45777.0,POS_08_12,25.94,49.7
mFRR,45777.0,POS_12_16,2.39,4.94
mFRR,45777.0,POS_16_20,10.21,11.63
mFRR,45777.0,POS_20_24,26.22,35.4
mFRR,45777.0,NEG_00_04,0.92,1.24
mFRR,45777.0,NEG_04_08,1.77,4.0
mFRR,45777.0,NEG_08_12,69.31,107.5
mFRR,45777.0,NEG_12_16,84.61,96.0
mFRR,45777.0,NEG_16_20,11.36,14.66
mFRR,45777.0,NEG_20_24,1.38,2.06
mFRR,45778.0,POS_00_04,1.03,1.35
mFRR,45778.0,POS_04_08,3.72,4.8
mFRR,45778.0,POS_08_12,6.61,10.26
mFRR,45778.0,POS_12_16,1.31,2.0
mFRR,45778.0,POS_16_20,9.03,11.43
mFRR,45778.0,POS_20_24,19.5,23.45
mFRR,45778.0,NEG_00_04,0.54,0.65
mFRR,45778.0,NEG_04_08,1.51,2.99
mFRR,45778.0,NEG_08_12,53.97,94.45
mFRR,45778.0,NEG_12_16,85.34,134.34
mFRR,45778.0,NEG_16_20,21.48,51.4
mFRR,45778.0,NEG_20_24,1.97,2.93
mFRR,45779.0,POS_00_04,0.76,0.97
mFRR,45779.0,POS_04_08,2.53,2.87
mFRR,45779.0,POS_08_12,4.22,5.24
mFRR,45779.0,POS_12_16,0.93,1.18
mFRR,45779.0,POS_16_20,7.28,8.98
mFRR,45779.0,POS_20_24,14.2,18.47
mFRR,45779.0,NEG_00_04,1.31,2.96
mFRR,45779.0,NEG_04_08,1.77,2.2
mFRR,45779.0,NEG_08_12,40.41,48.13
mFRR,45779.0,NEG_12_16,80.53,96.29
mFRR,45779.0,NEG_16_20,21.34,27.17
mFRR,45779.0,NEG_20_24,1.83,3.43
mFRR,45780.0,POS_00_04,0.92,1.34
mFRR,45780.0,POS_04_08,1.9,2.47
mFRR,45780.0,POS_08_12,2.95,4.11
mFRR,45780.0,POS_12_16,0.66,0.86
mFRR,45780.0,POS_16_20,5.78,6.9
mFRR,45780.0,POS_20_24,11.16,12.93
mFRR,45780.0,NEG_00_04,1.36,1.87
mFRR,45780.0,NEG_04_08,1.53,2.06
mFRR,45780.0,NEG_08_12,27.81,37.3
mFRR,45780.0,NEG_12_16,68.95,76.5
mFRR,45780.0,NEG_16_20,19.39,22.8
mFRR,45780.0,NEG_20_24,1.38,2.21
mFRR,45781.0,POS_00_04,1.01,1.59
mFRR,45781.0,POS_04_08,1.51,1.8
mFRR,45781.0,POS_08_12,2.11,2.59
mFRR,45781.0,POS_12_16,0.5,0.57
mFRR,45781.0,POS_16_20,4.65,5.38
mFRR,45781.0,POS_20_24,8.68,10.38
mFRR,45781.0,NEG_00_04,3.66,5.33
mFRR,45781.0,NEG_04_08,5.82,8.44
mFRR,45781.0,NEG_08_12,27.37,39.4
mFRR,45781.0,NEG_12_16,55.28,62.4
mFRR,45781.0,NEG_16_20,19.08,22.17
mFRR,45781.0,NEG_20_24,1.28,1.75
mFRR,45782.0,POS_00_04,1.06,2.15
mFRR,45782.0,POS_04_08,3.01,5.2
mFRR,45782.0,POS_08_12,4.16,6.0
mFRR,45782.0,POS_12_16,0.84,1.13
mFRR,45782.0,POS_16_20,9.19,12.0
mFRR,45782.0,POS_20_24,15.46,22.0
mFRR,45782.0,NEG_00_04,2.78,4.88
mFRR,45782.0,NEG_04_08,3.08,4.88
mFRR,45782.0,NEG_08_12,17.73,20.4
mFRR,45782.0,NEG_12_16,36.97,39.8
mFRR,45782.0,NEG_16_20,10.56,14.39
mFRR,45782.0,NEG_20_24,1.22,1.51
mFRR,45783.0,POS_00_04,1.25,1.5
mFRR,45783.0,POS_04_08,2.99,4.34
mFRR,45783.0,POS_08_12,3.0,3.5
mFRR,45783.0,POS_12_16,0.53,0.75
mFRR,45783.0,POS_16_20,8.2,9.82
mFRR,45783.0,POS_20_24,14.32,15.87
mFRR,45783.0,NEG_00_04,2.33,2.92
mFRR,45783.0,NEG_04_08,2.34,2.81
mFRR,45783.0,NEG_08_12,14.85,18.5
mFRR,45783.0,NEG_12_16,33.35,46.43
mFRR,45783.0,NEG_16_20,9.8,10.67
mFRR,45783.0,NEG_20_24,0.9,1.1
mFRR,45784.0,POS_00_04,1.11,1.7
mFRR,45784.0,POS_04_08,3.69,5.9
mFRR,45784.0,POS_08_12,2.61,3.18
mFRR,45784.0,POS_12_16,0.55,1.34
mFRR,45784.0,POS_16_20,8.11,13.0
mFRR,45784.0,POS_20_24,12.55,14.37
mFRR,45784.0,NEG_00_04,1.9,2.05
mFRR,45784.0,NEG_04_08,1.37,1.57
mFRR,45784.0,NEG_08_12,11.36,12.33
mFRR,45784.0,NEG_12_16,29.1,32.71
mFRR,45784.0,NEG_16_20,7.04,8.3
mFRR,45784.0,NEG_20_24,0.87,2.0
mFRR,45785.0,POS_00_04,1.19,1.55
mFRR,45785.0,POS_04_08,3.96,4.88
mFRR,45785.0,POS_08_12,2.36,2.65
mFRR,45785.0,POS_12_16,1.22,1.94
mFRR,45785.0,POS_16_20,10.11,17.93
mFRR,45785.0,POS_20_24,11.66,17.91
mFRR,45785.0,NEG_00_04,1.38,1.57
mFRR,45785.0,NEG_04_08,1.08,1.16
mFRR,45785.0,NEG_08_12,8.25,9.59
mFRR,45785.0,NEG_12_16,22.78,26.74
mFRR,45785.0,NEG_16_20,5.37,6.18
mFRR,45785.0,NEG_20_24,0.91,1.21
mFRR,45786.0,POS_00_04,1.11,1.46
mFRR,45786.0,POS_04_08,3.67,4.2
mFRR,45786.0,POS_08_12,2.01,2.32
mFRR,45786.0,POS_12_16,0.91,1.24
mFRR,45786.0,POS_16_20,10.38,13.88
mFRR,45786.0,POS_20_24,18.05,32.52
mFRR,45786.0,NEG_00_04,0.9,1.19
mFRR,45786.0,NEG_04_08,0.94,1.3
mFRR,45786.0,NEG_08_12,13.48,31.1
mFRR,45786.0,NEG_12_16,35.56,57.25
mFRR,45786.0,NEG_16_20,7.7,8.82
mFRR,45786.0,NEG_20_24,0.87,1.6
mFRR,45787.0,POS_00_04,1.26,1.75
mFRR,45787.0,POS_04_08,3.2,3.75
mFRR,45787.0,POS_08_12,1.91,2.2
mFRR,45787.0,POS_12_16,0.69,0.82
mFRR,45787.0,POS_16_20,9.15,11.08
mFRR,45787.0,POS_20_24,18.92,31.0
mFRR,45787.0,NEG_00_04,0.83,1.0
mFRR,45787.0,NEG_04_08,0.93,1.0
mFRR,45787.0,NEG_08_12,33.05,49.46
mFRR,45787.0,NEG_12_16,70.41,119.87
mFRR,45787.0,NEG_16_20,13.64,17.9
mFRR,45787.0,NEG_20_24,1.32,1.8
mFRR,45788.0,POS_00_04,1.23,1.9
mFRR,45788.0,POS_04_08,2.64,3.3
mFRR,45788.0,POS_08_12,1.63,1.98
mFRR,45788.0,POS_12_16,0.51,0.62
mFRR,45788.0,POS_16_20,7.5,8.72
mFRR,45788.0,POS_20_24,16.94,20.42
mFRR,45788.0,NEG_00_04,1.24,1.9
mFRR,45788.0,NEG_04_08,1.55,2.33
mFRR,45788.0,NEG_08_12,55.19,70.0
mFRR,45788.0,NEG_12_16,148.1,249.96
mFRR,45788.0,NEG_16_20,26.27,55.0
mFRR,45788.0,NEG_20_24,1.51,1.73
mFRR,45789.0,POS_00_04,1.2,1.59
mFRR,45789.0,POS_04_08,3.75,6.47
mFRR,45789.0,POS_08_12,28.99,80.0
mFRR,45789.0,POS_12_16,3.33,19.11
mFRR,45789.0,POS_16_20,30.59,57.91
mFRR,45789.0,POS_20_24,27.7,50.0
mFRR,45789.0,NEG_00_04,4.11,7.0
mFRR,45789.0,NEG_04_08,2.29,4.1
mFRR,45789.0,NEG_08_12,82.32,135.53
mFRR,45789.0,NEG_12_16,143.49,216.31
mFRR,45789.0,NEG_16_20,62.49,112.2
mFRR,45789.0,NEG_20_24,3.29,8.4
mFRR,45790.0,POS_00_04,1.68,3.0
mFRR,45790.0,POS_04_08,6.02,12.29
mFRR,45790.0,POS_08_12,15.46,35.32
mFRR,45790.0,POS_12_16,2.74,5.32
mFRR,45790.0,POS_16_20,18.73,26.58
mFRR,45790.0,POS_20_24,30.63,47.37
mFRR,45790.0,NEG_00_04,3.6,5.35
mFRR,45790.0,NEG_04_08,2.51,3.8
mFRR,45790.0,NEG_08_12,53.3,66.73
mFRR,45790.0,NEG_12_16,110.38,137.87
mFRR,45790.0,NEG_16_20,39.02,50.75
mFRR,45790.0,NEG_20_24,2.65,3.67
mFRR,45791.0,POS_00_04,1.46,1.9
mFRR,45791.0,POS_04_08,6.19,9.27
mFRR,45791.0,POS_08_12,11.9,16.43
mFRR,45791.0,POS_12_16,1.86,2.28
mFRR,45791.0,POS_16_20,12.96,15.2
mFRR,45791.0,POS_20_24,26.45,29.9
mFRR,45791.0,NEG_00_04,2.03,2.55
mFRR,45791.0,NEG_04_08,1.65,1.88
mFRR,45791.0,NEG_08_12,51.38,74.38
mFRR,45791.0,NEG_12_16,113.93,159.17
mFRR,45791.0,NEG_16_20,28.03,34.0
mFRR,45791.0,NEG_20_24,1.39,1.63
mFRR,45792.0,POS_00_04,1.04,1.22
mFRR,45792.0,POS_04_08,5.02,6.72
mFRR,45792.0,POS_08_12,22.85,34.1
mFRR,45792.0,POS_12_16,4.38,7.74
mFRR,45792.0,POS_16_20,12.55,14.44
mFRR,45792.0,POS_20_24,21.07,24.08
mFRR,45792.0,NEG_00_04,1.6,2.0
mFRR,45792.0,NEG_04_08,1.35,1.59
mFRR,45792.0,NEG_08_12,92.78,126.23
mFRR,45792.0,NEG_12_16,186.47,263.36
mFRR,45792.0,NEG_16_20,58.95,87.9
mFRR,45792.0,NEG_20_24,1.13,1.43
mFRR,45793.0,POS_00_04,0.85,0.96
mFRR,45793.0,POS_04_08,4.34,4.99
mFRR,45793.0,POS_08_12,13.64,18.11
mFRR,45793.0,POS_12_16,3.58,4.29
mFRR,45793.0,POS_16_20,9.5,11.8
mFRR,45793.0,POS_20_24,18.58,23.19
mFRR,45793.0,NEG_00_04,1.05,1.26
mFRR,45793.0,NEG_04_08,1.08,1.4
mFRR,45793.0,NEG_08_12,54.91,62.0
mFRR,45793.0,NEG_12_16,104.25,120.84
mFRR,45793.0,NEG_16_20,32.27,38.3
mFRR,45793.0,NEG_20_24,1.16,1.7
mFRR,45794.0,POS_00_04,0.72,0.9
mFRR,45794.0,POS_04_08,2.93,3.74
mFRR,45794.0,POS_08_12,7.9,9.69
mFRR,45794.0,POS_12_16,1.88,2.1
mFRR,45794.0,POS_16_20,6.84,8.23
mFRR,45794.0,POS_20_24,14.39,18.13
mFRR,45794.0,NEG_00_04,0.91,1.25
mFRR,45794.0,NEG_04_08,2.19,4.83
mFRR,45794.0,NEG_08_12,45.75,53.75
mFRR,45794.0,NEG_12_16,90.02,115.46
mFRR,45794.0,NEG_16_20,26.93,33.25
mFRR,45794.0,NEG_20_24,1.44,2.2
mFRR,45795.0,POS_00_04,0.68,0.81
mFRR,45795.0,POS_04_08,2.31,2.9
mFRR,45795.0,POS_08_12,5.37,6.33
mFRR,45795.0,POS_12_16,1.08,1.33
mFRR,45795.0,POS_16_20,5.42,6.52
mFRR,45795.0,POS_20_24,12.6,18.13
mFRR,45795.0,NEG_00_04,0.88,1.39
mFRR,45795.0,NEG_04_08,3.55,6.0
mFRR,45795.0,NEG_08_12,47.68,69.0
mFRR,45795.0,NEG_12_16,81.16,110.18
mFRR,45795.0,NEG_16_20,26.09,42.17
mFRR,45795.0,NEG_20_24,1.53,2.05
mFRR,45796.0,POS_00_04,0.58,0.95
mFRR,45796.0,POS_04_08,2.79,3.26
mFRR,45796.0,POS_08_12,6.16,7.22
mFRR,45796.0,POS_12_16,1.07,1.44
mFRR,45796.0,POS_16_20,7.22,12.13
mFRR,45796.0,POS_20_24,19.23,32.0
mFRR,45796.0,NEG_00_04,0.96,1.28
mFRR,45796.0,NEG_04_08,2.21,2.6
mFRR,45796.0,NEG_08_12,35.14,38.92
mFRR,45796.0,NEG_12_16,60.22,68.66
mFRR,45796.0,NEG_16_20,20.66,22.78
mFRR,45796.0,NEG_20_24,1.54,2.18
mFRR,45797.0,POS_00_04,0.63,1.15
mFRR,45797.0,POS_04_08,2.45,3.24
mFRR,45797.0,POS_08_12,4.71,5.72
mFRR,45797.0,POS_12_16,1.77,2.99
mFRR,45797.0,POS_16_20,7.65,9.5
mFRR,45797.0,POS_20_24,21.12,26.5
mFRR,45797.0,NEG_00_04,0.91,1.26
mFRR,45797.0,NEG_04_08,1.64,1.93
mFRR,45797.0,NEG_08_12,25.26,39.0
mFRR,45797.0,NEG_12_16,65.78,96.2
mFRR,45797.0,NEG_16_20,16.71,20.43
mFRR,45797.0,NEG_20_24,1.51,2.0
mFRR,45798.0,POS_00_04,0.68,0.85
mFRR,45798.0,POS_04_08,2.12,2.59
mFRR,45798.0,POS_08_12,3.85,4.54
mFRR,45798.0,POS_12_16,1.36,1.84
mFRR,45798.0,POS_16_20,6.21,7.43
mFRR,45798.0,POS_20_24,16.09,19.0
mFRR,45798.0,NEG_00_04,0.98,1.41
mFRR,45798.0,NEG_04_08,1.33,1.6
mFRR,45798.0,NEG_08_12,25.73,34.87
mFRR,45798.0,NEG_12_16,78.08,94.09
mFRR,45798.0,NEG_16_20,20.99,27.52
mFRR,45798.0,NEG_20_24,1.57,1.8
mFRR,45799.0,POS_00_04,0.57,0.69
mFRR,45799.0,POS_04_08,1.82,2.11
mFRR,45799.0,POS_08_12,3.07,3.46
mFRR,45799.0,POS_12_16,0.98,1.11
mFRR,45799.0,POS_16_20,4.99,5.48
mFRR,45799.0,POS_20_24,13.02,15.62
mFRR,45799.0,NEG_00_04,1.22,1.62
mFRR,45799.0,NEG_04_08,1.31,1.52
mFRR,45799.0,NEG_08_12,31.91,45.6
mFRR,45799.0,NEG_12_16,84.38,99.55
mFRR,45799.0,NEG_16_20,31.99,37.85
mFRR,45799.0,NEG_20_24,1.89,2.92
mFRR,45800.0,POS_00_04,0.5,0.63
mFRR,45800.0,POS_04_08,2.17,3.44
mFRR,45800.0,POS_08_12,2.52,2.92
mFRR,45800.0,POS_12_16,0.72,0.8
mFRR,45800.0,POS_16_20,4.16,4.63
mFRR,45800.0,POS_20_24,13.34,15.79
mFRR,45800.0,NEG_00_04,1.04,1.4
mFRR,45800.0,NEG_04_08,1.06,1.6
mFRR,45800.0,NEG_08_12,32.27,45.1
mFRR,45800.0,NEG_12_16,73.31,90.0
mFRR,45800.0,NEG_16_20,23.68,29.85
mFRR,45800.0,NEG_20_24,1.33,1.68
mFRR,45801.0,POS_00_04,0.75,1.1
mFRR,45801.0,POS_04_08,1.53,1.91
mFRR,45801.0,POS_08_12,2.07,2.34
mFRR,45801.0,POS_12_16,0.5,0.55
mFRR,45801.0,POS_16_20,3.79,4.36
mFRR,45801.0,POS_20_24,12.88,14.31
mFRR,45801.0,NEG_00_04,1.13,2.0
mFRR,45801.0,NEG_04_08,1.33,1.54
mFRR,45801.0,NEG_08_12,40.35,50.7
mFRR,45801.0,NEG_12_16,75.66,81.0
mFRR,45801.0,NEG_16_20,23.14,25.35
mFRR,45801.0,NEG_20_24,1.44,2.18
mFRR,45802.0,POS_00_04,0.72,1.23
mFRR,45802.0,POS_04_08,1.07,1.25
mFRR,45802.0,POS_08_12,1.55,1.72
mFRR,45802.0,POS_12_16,0.33,0.4
mFRR,45802.0,POS_16_20,2.79,3.09
mFRR,45802.0,POS_20_24,9.41,11.5
mFRR,45802.0,NEG_00_04,3.2,7.49
mFRR,45802.0,NEG_04_08,5.55,12.5
mFRR,45802.0,NEG_08_12,34.4,37.0
mFRR,45802.0,NEG_12_16,61.44,65.8
mFRR,45802.0,NEG_16_20,22.18,26.19
mFRR,45802.0,NEG_20_24,1.47,1.71
mFRR,45803.0,POS_00_04,0.83,1.28
mFRR,45803.0,POS_04_08,1.61,1.91
mFRR,45803.0,POS_08_12,3.83,5.89
mFRR,45803.0,POS_12_16,0.46,0.53
mFRR,45803.0,POS_16_20,5.11,10.29
mFRR,45803.0,POS_20_24,16.82,30.0
mFRR,45803.0,NEG_00_04,2.3,2.79
mFRR,45803.0,NEG_04_08,3.05,3.63
mFRR,45803.0,NEG_08_12,30.49,43.33
mFRR,45803.0,NEG_12_16,72.92,102.86
mFRR,45803.0,NEG_16_20,22.23,37.0
mFRR,45803.0,NEG_20_24,1.09,1.21
mFRR,45804.0,POS_00_04,0.77,1.0
mFRR,45804.0,POS_04_08,1.3,1.52
mFRR,45804.0,POS_08_12,2.66,3.27
mFRR,45804.0,POS_12_16,0.36,0.44
mFRR,45804.0,POS_16_20,5.4,7.84
mFRR,45804.0,POS_20_24,20.04,39.97
mFRR,45804.0,NEG_00_04,1.7,2.75
mFRR,45804.0,NEG_04_08,2.01,2.4
mFRR,45804.0,NEG_08_12,33.05,47.18
mFRR,45804.0,NEG_12_16,74.32,90.78
mFRR,45804.0,NEG_16_20,20.2,25.4
mFRR,45804.0,NEG_20_24,0.88,0.94
mFRR,45805.0,POS_00_04,0.79,2.06
mFRR,45805.0,POS_04_08,1.07,1.2
mFRR,45805.0,POS_08_12,2.11,2.47
mFRR,45805.0,POS_12_16,0.36,0.55
mFRR,45805.0,POS_16_20,5.87,6.85
mFRR,45805.0,POS_20_24,20.7,24.48
mFRR,45805.0,NEG_00_04,5.75,13.15
mFRR,45805.0,NEG_04_08,6.31,18.53
mFRR,45805.0,NEG_08_12,25.51,28.3
mFRR,45805.0,NEG_12_16,62.09,71.25
mFRR,45805.0,NEG_16_20,20.46,30.32
mFRR,45805.0,NEG_20_24,0.86,2.0
mFRR,45806.0,POS_00_04,1.11,1.52
mFRR,45806.0,POS_04_08,0.81,0.98
mFRR,45806.0,POS_08_12,1.64,1.89
mFRR,45806.0,POS_12_16,0.37,0.55
mFRR,45806.0,POS_16_20,4.42,4.98
mFRR,45806.0,POS_20_24,14.18,17.41
mFRR,45806.0,NEG_00_04,3.64,4.74
mFRR,45806.0,NEG_04_08,4.15,5.11
mFRR,45806.0,NEG_08_12,24.22,27.15
mFRR,45806.0,NEG_12_16,62.17,66.2
mFRR,45806.0,NEG_16_20,20.4,22.28
mFRR,45806.0,NEG_20_24,1.21,1.67
mFRR,45807.0,POS_00_04,0.9,1.1
mFRR,45807.0,POS_04_08,0.66,0.78
mFRR,45807.0,POS_08_12,1.34,1.6
mFRR,45807.0,POS_12_16,0.35,0.44
mFRR,45807.0,POS_16_20,3.91,5.16
mFRR,45807.0,POS_20_24,13.48,18.44
mFRR,45807.0,NEG_00_04,4.49,7.38
mFRR,45807.0,NEG_04_08,4.36,5.26
mFRR,45807.0,NEG_08_12,23.88,27.86
mFRR,45807.0,NEG_12_16,57.3,62.03
mFRR,45807.0,NEG_16_20,21.87,32.45
mFRR,45807.0,NEG_20_24,1.11,1.36
mFRR,45808.0,POS_00_04,1.08,2.0
mFRR,45808.0,POS_04_08,0.61,0.9
mFRR,45808.0,POS_08_12,1.21,1.41
mFRR,45808.0,POS_12_16,0.29,0.36
mFRR,45808.0,POS_16_20,4.85,6.36
mFRR,45808.0,POS_20_24,16.81,20.04
mFRR,45808.0,NEG_00_04,3.41,3.85
mFRR,45808.0,NEG_04_08,3.25,3.73
mFRR,45808.0,NEG_08_12,26.46,36.88
mFRR,45808.0,NEG_12_16,58.94,74.03
mFRR,45808.0,NEG_16_20,20.85,25.2
mFRR,45808.0,NEG_20_24,1.08,1.35
mFRR,45809.0,POS_00_04,1.15,1.54
mFRR,45809.0,POS_04_08,0.63,0.86
mFRR,45809.0,POS_08_12,0.97,1.16
mFRR,45809.0,POS_12_16,0.24,0.29
mFRR,45809.0,POS_16_20,3.67,4.4
mFRR,45809.0,POS_20_24,12.35,14.7
mFRR,45809.0,NEG_00_04,2.66,3.13
mFRR,45809.0,NEG_04_08,3.63,5.75
mFRR,45809.0,NEG_08_12,28.7,32.44
mFRR,45809.0,NEG_12_16,64.7,71.26
mFRR,45809.0,NEG_16_20,24.44,34.09
mFRR,45809.0,NEG_20_24,1.16,1.37
mFRR,45810.0,POS_00_04,1.69,5.98
mFRR,45810.0,POS_04_08,5.51,19.15
mFRR,45810.0,POS_08_12,3.67,8.33
mFRR,45810.0,POS_12_16,0.65,1.09
mFRR,45810.0,POS_16_20,10.86,29.1
mFRR,45810.0,POS_20_24,26.03,46.93
mFRR,45810.0,NEG_00_04,2.25,2.51
mFRR,45810.0,NEG_04_08,3.02,3.5
mFRR,45810.0,NEG_08_12,27.52,30.85
mFRR,45810.0,NEG_12_16,58.16,63.0
mFRR,45810.0,NEG_16_20,19.2,21.6
mFRR,45810.0,NEG_20_24,1.08,1.33
mFRR,45811.0,POS_00_04,2.73,4.65
mFRR,45811.0,POS_04_08,7.28,13.79
mFRR,45811.0,POS_08_12,3.13,4.23
mFRR,45811.0,POS_12_16,0.54,0.8
mFRR,45811.0,POS_16_20,12.14,15.07
mFRR,45811.0,POS_20_24,28.21,56.25
mFRR,45811.0,NEG_00_04,1.84,2.04
mFRR,45811.0,NEG_04_08,2.21,2.7
mFRR,45811.0,NEG_08_12,22.7,29.92
mFRR,45811.0,NEG_12_16,62.83,82.01
mFRR,45811.0,NEG_16_20,19.26,24.36
mFRR,45811.0,NEG_20_24,1.21,2.0
mFRR,45812.0,POS_00_04,2.46,3.32
mFRR,45812.0,POS_04_08,6.26,8.28
mFRR,45812.0,POS_08_12,2.67,3.57
mFRR,45812.0,POS_12_16,0.67,1.41
mFRR,45812.0,POS_16_20,9.27,12.3
mFRR,45812.0,POS_20_24,29.08,37.0
mFRR,45812.0,NEG_00_04,1.62,1.94
mFRR,45812.0,NEG_04_08,1.92,2.12
mFRR,45812.0,NEG_08_12,19.91,22.73
mFRR,45812.0,NEG_12_16,56.81,59.65
mFRR,45812.0,NEG_16_20,15.98,18.4
mFRR,45812.0,NEG_20_24,1.17,1.38
mFRR,45813.0,POS_00_04,2.4,3.18
mFRR,45813.0,POS_04_08,6.28,8.28
mFRR,45813.0,POS_08_12,7.97,20.64
mFRR,45813.0,POS_12_16,2.14,7.19
mFRR,45813.0,POS_16_20,10.75,15.75
mFRR,45813.0,POS_20_24,25.04,28.38
mFRR,45813.0,NEG_00_04,1.52,1.85
mFRR,45813.0,NEG_04_08,1.85,2.12
mFRR,45813.0,NEG_08_12,21.63,26.18
mFRR,45813.0,NEG_12_16,70.09,82.14
mFRR,45813.0,NEG_16_20,15.18,16.01
mFRR,45813.0,NEG_20_24,1.56,2.5
mFRR,45814.0,POS_00_04,2.8,4.04
mFRR,45814.0,POS_04_08,5.0,5.88
mFRR,45814.0,POS_08_12,6.33,7.7
mFRR,45814.0,POS_12_16,1.79,2.42
mFRR,45814.0,POS_16_20,8.65,12.15
mFRR,45814.0,POS_20_24,25.81,38.0
mFRR,45814.0,NEG_00_04,1.89,2.35
mFRR,45814.0,NEG_04_08,1.79,2.58
mFRR,45814.0,NEG_08_12,25.33,37.28
mFRR,45814.0,NEG_12_16,70.67,82.5
mFRR,45814.0,NEG_16_20,24.81,35.33
mFRR,45814.0,NEG_20_24,1.59,2.17
mFRR,45815.0,POS_00_04,2.7,3.24
mFRR,45815.0,POS_04_08,4.05,4.48
mFRR,45815.0,POS_08_12,3.5,3.86
mFRR,45815.0,POS_12_16,1.22,1.45
mFRR,45815.0,POS_16_20,7.57,8.87
mFRR,45815.0,POS_20_24,26.07,31.22
mFRR,45815.0,NEG_00_04,1.54,2.0
mFRR,45815.0,NEG_04_08,1.79,2.09
mFRR,45815.0,NEG_08_12,23.04,26.65
mFRR,45815.0,NEG_12_16,61.44,69.58
mFRR,45815.0,NEG_16_20,26.84,31.49
mFRR,45815.0,NEG_20_24,1.59,2.0
mFRR,45816.0,POS_00_04,2.58,3.21
mFRR,45816.0,POS_04_08,2.62,4.03
mFRR,45816.0,POS_08_12,2.14,2.45
mFRR,45816.0,POS_12_16,0.75,0.9
mFRR,45816.0,POS_16_20,5.11,6.04
mFRR,45816.0,POS_20_24,18.93,24.2
mFRR,45816.0,NEG_00_04,1.8,2.01
mFRR,45816.0,NEG_04_08,2.36,3.5
mFRR,45816.0,NEG_08_12,37.23,45.0
mFRR,45816.0,NEG_12_16,90.97,111.0
mFRR,45816.0,NEG_16_20,33.82,45.56
mFRR,45816.0,NEG_20_24,1.88,2.29
mFRR,45817.0,POS_00_04,2.7,3.2
mFRR,45817.0,POS_04_08,2.94,3.64
mFRR,45817.0,POS_08_12,1.86,2.55
mFRR,45817.0,POS_12_16,0.78,1.08
mFRR,45817.0,POS_16_20,5.58,7.31
mFRR,45817.0,POS_20_24,23.9,28.46
mFRR,45817.0,NEG_00_04,2.02,2.9
mFRR,45817.0,NEG_04_08,3.42,5.91
mFRR,45817.0,NEG_08_12,26.35,28.99
mFRR,45817.0,NEG_12_16,70.37,77.35
mFRR,45817.0,NEG_16_20,24.01,27.41
mFRR,45817.0,NEG_20_24,1.5,2.0
mFRR,45818.0,POS_00_04,2.04,2.61
mFRR,45818.0,POS_04_08,3.77,5.27
mFRR,45818.0,POS_08_12,3.21,4.1
mFRR,45818.0,POS_12_16,1.01,1.25
mFRR,45818.0,POS_16_20,6.95,8.0
mFRR,45818.0,POS_20_24,21.94,23.81
mFRR,45818.0,NEG_00_04,1.72,2.02
mFRR,45818.0,NEG_04_08,2.54,3.14
mFRR,45818.0,NEG_08_12,20.31,24.27
mFRR,45818.0,NEG_12_16,59.0,67.9
mFRR,45818.0,NEG_16_20,18.28,27.7
mFRR,45818.0,NEG_20_24,1.34,1.6
mFRR,45819.0,POS_00_04,1.92,5.49
mFRR,45819.0,POS_04_08,5.78,18.5
mFRR,45819.0,POS_08_12,4.0,5.66
mFRR,45819.0,POS_12_16,1.56,2.68
mFRR,45819.0,POS_16_20,11.47,18.21
mFRR,45819.0,POS_20_24,34.48,51.21
mFRR,45819.0,NEG_00_04,1.83,3.76
mFRR,45819.0,NEG_04_08,1.79,1.98
mFRR,45819.0,NEG_08_12,21.89,25.0
mFRR,45819.0,NEG_12_16,64.78,84.16
mFRR,45819.0,NEG_16_20,17.18,19.6
mFRR,45819.0,NEG_20_24,1.23,1.51
mFRR,45820.0,POS_00_04,3.4,7.5
mFRR,45820.0,POS_04_08,10.18,27.25
mFRR,45820.0,POS_08_12,3.19,4.18
mFRR,45820.0,POS_12_16,1.34,1.75
mFRR,45820.0,POS_16_20,10.41,12.87
mFRR,45820.0,POS_20_24,25.33,34.15
mFRR,45820.0,NEG_00_04,1.8,2.01
mFRR,45820.0,NEG_04_08,1.33,1.57
mFRR,45820.0,NEG_08_12,21.69,30.52
mFRR,45820.0,NEG_12_16,62.65,72.43
mFRR,45820.0,NEG_16_20,21.68,38.25
mFRR,45820.0,NEG_20_24,1.52,2.47
mFRR,45821.0,POS_00_04,2.57,3.28
mFRR,45821.0,POS_04_08,7.97,9.76
mFRR,45821.0,POS_08_12,2.54,3.04
mFRR,45821.0,POS_12_16,1.01,1.2
mFRR,45821.0,POS_16_20,9.07,15.06
mFRR,45821.0,POS_20_24,27.42,37.66
mFRR,45821.0,NEG_00_04,2.28,3.26
mFRR,45821.0,NEG_04_08,1.82,3.5
mFRR,45821.0,NEG_08_12,26.29,40.2
mFRR,45821.0,NEG_12_16,63.53,74.85
mFRR,45821.0,NEG_16_20,24.5,31.69
mFRR,45821.0,NEG_20_24,1.45,1.6
mFRR,45822.0,POS_00_04,2.41,3.0
mFRR,45822.0,POS_04_08,5.24,6.38
mFRR,45822.0,POS_08_12,1.9,2.28
mFRR,45822.0,POS_12_16,0.77,0.92
mFRR,45822.0,POS_16_20,7.88,9.7
mFRR,45822.0,POS_20_24,22.99,27.74
mFRR,45822.0,NEG_00_04,3.18,4.39
mFRR,45822.0,NEG_04_08,3.92,6.9
mFRR,45822.0,NEG_08_12,28.86,36.92
mFRR,45822.0,NEG_12_16,54.62,62.25
mFRR,45822.0,NEG_16_20,23.05,25.43
mFRR,45822.0,NEG_20_24,1.2,1.41
mFRR,45823.0,POS_00_04,1.77,2.4
mFRR,45823.0,POS_04_08,3.28,4.65
mFRR,45823.0,POS_08_12,1.38,1.87
mFRR,45823.0,POS_12_16,0.59,0.77
mFRR,45823.0,POS_16_20,7.34,12.85
mFRR,45823.0,POS_20_24,19.2,25.28
mFRR,45823.0,NEG_00_04,1.73,2.0
mFRR,45823.0,NEG_04_08,2.85,4.2
mFRR,45823.0,NEG_08_12,28.49,40.94
mFRR,45823.0,NEG_12_16,51.14,66.0
mFRR,45823.0,NEG_16_20,19.78,24.03
mFRR,45823.0,NEG_20_24,1.02,1.25
mFRR,45824.0,POS_00_04,2.16,5.37
mFRR,45824.0,POS_04_08,6.42,13.02
mFRR,45824.0,POS_08_12,6.93,21.43
mFRR,45824.0,POS_12_16,0.92,1.4
mFRR,45824.0,POS_16_20,10.57,19.5
mFRR,45824.0,POS_20_24,30.24,51.0
mFRR,45824.0,NEG_00_04,1.61,2.19
mFRR,45824.0,NEG_04_08,2.16,2.59
mFRR,45824.0,NEG_08_12,24.68,31.86
mFRR,45824.0,NEG_12_16,51.4,66.65
mFRR,45824.0,NEG_16_20,18.68,25.39
mFRR,45824.0,NEG_20_24,0.98,1.16
mFRR,45825.0,POS_00_04,3.22,4.5
mFRR,45825.0,POS_04_08,10.69,14.24
mFRR,45825.0,POS_08_12,15.46,20.47
mFRR,45825.0,POS_12_16,1.92,4.04
mFRR,45825.0,POS_16_20,20.25,31.1
mFRR,45825.0,POS_20_24,49.3,67.5
mFRR,45825.0,NEG_00_04,1.7,1.91
mFRR,45825.0,NEG_04_08,1.75,2.0
mFRR,45825.0,NEG_08_12,31.69,42.59
mFRR,45825.0,NEG_12_16,78.69,92.5
mFRR,45825.0,NEG_16_20,25.73,30.98
mFRR,45825.0,NEG_20_24,1.22,1.4
mFRR,45826.0,POS_00_04,3.12,5.19
mFRR,45826.0,POS_04_08,8.0,9.47
mFRR,45826.0,POS_08_12,10.76,14.0
mFRR,45826.0,POS_12_16,1.84,2.4
mFRR,45826.0,POS_16_20,14.84,17.0
mFRR,45826.0,POS_20_24,34.76,40.0
mFRR,45826.0,NEG_00_04,1.43,1.66
mFRR,45826.0,NEG_04_08,1.53,1.91
mFRR,45826.0,NEG_08_12,29.51,32.67
mFRR,45826.0,NEG_12_16,62.82,72.3
mFRR,45826.0,NEG_16_20,22.38,26.7
mFRR,45826.0,NEG_20_24,1.14,1.4
mFRR,45827.0,POS_00_04,3.49,4.67
mFRR,45827.0,POS_04_08,5.95,7.0
mFRR,45827.0,POS_08_12,6.8,8.12
mFRR,45827.0,POS_12_16,1.11,1.49
mFRR,45827.0,POS_16_20,10.5,12.0
mFRR,45827.0,POS_20_24,26.69,33.61
mFRR,45827.0,NEG_00_04,1.68,3.08
mFRR,45827.0,NEG_04_08,2.02,3.0
mFRR,45827.0,NEG_08_12,36.34,46.29
mFRR,45827.0,NEG_12_16,76.28,109.5
mFRR,45827.0,NEG_16_20,25.92,35.64
mFRR,45827.0,NEG_20_24,1.3,2.0
mFRR,45828.0,POS_00_04,3.04,3.8
mFRR,45828.0,POS_04_08,4.98,6.01
mFRR,45828.0,POS_08_12,5.29,6.37
mFRR,45828.0,POS_12_16,0.96,1.15
mFRR,45828.0,POS_16_20,9.84,10.84
mFRR,45828.0,POS_20_24,36.11,49.0
mFRR,45828.0,NEG_00_04,1.77,2.0
mFRR,45828.0,NEG_04_08,1.73,2.32
mFRR,45828.0,NEG_08_12,29.85,32.76
mFRR,45828.0,NEG_12_16,74.22,87.28
mFRR,45828.0,NEG_16_20,22.11,24.0
mFRR,45828.0,NEG_20_24,1.3,1.54
mFRR,45829.0,POS_00_04,3.63,6.95
mFRR,45829.0,POS_04_08,4.46,5.3
mFRR,45829.0,POS_08_12,4.12,4.92
mFRR,45829.0,POS_12_16,0.74,0.85
mFRR,45829.0,POS_16_20,7.8,10.0
mFRR,45829.0,POS_20_24,33.3,43.0
mFRR,45829.0,NEG_00_04,1.63,2.0
mFRR,45829.0,NEG_04_08,1.85,2.34
mFRR,45829.0,NEG_08_12,32.21,44.3
mFRR,45829.0,NEG_12_16,72.52,81.27
mFRR,45829.0,NEG_16_20,22.46,29.9
mFRR,45829.0,NEG_20_24,1.3,1.71
mFRR,45830.0,POS_00_04,3.48,5.67
mFRR,45830.0,POS_04_08,4.02,4.51
mFRR,45830.0,POS_08_12,2.94,3.67
mFRR,45830.0,POS_12_16,0.54,0.65
mFRR,45830.0,POS_16_20,7.01,8.29
mFRR,45830.0,POS_20_24,31.83,36.78
mFRR,45830.0,NEG_00_04,1.7,1.9
mFRR,45830.0,NEG_04_08,3.61,5.28
mFRR,45830.0,NEG_08_12,48.73,62.74
mFRR,45830.0,NEG_12_16,96.01,129.0
mFRR,45830.0,NEG_16_20,29.66,40.18
mFRR,45830.0,NEG_20_24,1.45,1.95
mFRR,45831.0,POS_00_04,3.51,4.34
mFRR,45831.0,POS_04_08,4.59,5.75
mFRR,45831.0,POS_08_12,6.98,21.0
mFRR,45831.0,POS_12_16,1.69,4.3
mFRR,45831.0,POS_16_20,7.59,9.13
mFRR,45831.0,POS_20_24,25.98,29.5
mFRR,45831.0,NEG_00_04,2.03,4.25
mFRR,45831.0,NEG_04_08,3.3,4.84
mFRR,45831.0,NEG_08_12,64.54,96.0
mFRR,45831.0,NEG_12_16,148.6,185.0
mFRR,45831.0,NEG_16_20,70.72,89.7
mFRR,45831.0,NEG_20_24,3.15,6.0
mFRR,45832.0,POS_00_04,3.68,4.22
mFRR,45832.0,POS_04_08,4.46,5.1
mFRR,45832.0,POS_08_12,10.01,18.26
mFRR,45832.0,POS_12_16,1.29,1.95
mFRR,45832.0,POS_16_20,8.82,12.73
mFRR,45832.0,POS_20_24,26.46,29.38
mFRR,45832.0,NEG_00_04,3.12,7.8
mFRR,45832.0,NEG_04_08,4.73,8.49
mFRR,45832.0,NEG_08_12,47.32,67.73
mFRR,45832.0,NEG_12_16,94.69,125.04
mFRR,45832.0,NEG_16_20,39.73,45.33
mFRR,45832.0,NEG_20_24,2.7,3.1
mFRR,45833.0,POS_00_04,2.67,3.45
mFRR,45833.0,POS_04_08,3.43,3.87
mFRR,45833.0,POS_08_12,4.96,8.24
mFRR,45833.0,POS_12_16,1.06,1.27
mFRR,45833.0,POS_16_20,8.76,14.03
mFRR,45833.0,POS_20_24,40.18,67.0
mFRR,45833.0,NEG_00_04,2.85,4.0
mFRR,45833.0,NEG_04_08,3.14,3.69
mFRR,45833.0,NEG_08_12,36.86,41.73
mFRR,45833.0,NEG_12_16,72.25,81.97
mFRR,45833.0,NEG_16_20,24.75,28.45
mFRR,45833.0,NEG_20_24,1.65,2.0
mFRR,45834.0,POS_00_04,2.82,3.88
mFRR,45834.0,POS_04_08,3.53,5.25
mFRR,45834.0,POS_08_12,4.68,5.99
mFRR,45834.0,POS_12_16,0.71,0.93
mFRR,45834.0,POS_16_20,7.75,9.34
mFRR,45834.0,POS_20_24,31.71,37.99
mFRR,45834.0,NEG_00_04,1.57,1.74
mFRR,45834.0,NEG_04_08,1.4,1.5
mFRR,45834.0,NEG_08_12,20.08,22.9
mFRR,45834.0,NEG_12_16,45.62,52.0
mFRR,45834.0,NEG_16_20,13.61,15.66
mFRR,45834.0,NEG_20_24,1.41,1.56
mFRR,45835.0,POS_00_04,2.37,2.96
mFRR,45835.0,POS_04_08,3.15,3.56
mFRR,45835.0,POS_08_12,3.83,4.32
mFRR,45835.0,POS_12_16,0.57,0.96
mFRR,45835.0,POS_16_20,6.58,7.57
mFRR,45835.0,POS_20_24,30.81,43.0
mFRR,45835.0,NEG_00_04,1.5,1.7
mFRR,45835.0,NEG_04_08,1.32,1.55
mFRR,45835.0,NEG_08_12,14.42,15.9
mFRR,45835.0,NEG_12_16,48.49,82.3
mFRR,45835.0,NEG_16_20,17.73,35.0
mFRR,45835.0,NEG_20_24,1.02,1.07
mFRR,45836.0,POS_00_04,1.98,2.4
mFRR,45836.0,POS_04_08,2.54,3.31
mFRR,45836.0,POS_08_12,2.34,2.88
mFRR,45836.0,POS_12_16,0.51,0.62
mFRR,45836.0,POS_16_20,4.87,5.7
mFRR,45836.0,POS_20_24,27.19,30.6
mFRR,45836.0,NEG_00_04,1.51,3.96
mFRR,45836.0,NEG_04_08,1.81,5.33
mFRR,45836.0,NEG_08_12,30.15,57.19
mFRR,45836.0,NEG_12_16,66.86,78.25
mFRR,45836.0,NEG_16_20,24.06,31.43
mFRR,45836.0,NEG_20_24,0.74,1.22
mFRR,45837.0,POS_00_04,1.57,1.86
mFRR,45837.0,POS_04_08,2.17,2.7
mFRR,45837.0,POS_08_12,1.7,1.9
mFRR,45837.0,POS_12_16,0.39,0.44
mFRR,45837.0,POS_16_20,3.59,4.07
mFRR,45837.0,POS_20_24,20.78,25.64
mFRR,45837.0,NEG_00_04,2.57,3.38
mFRR,45837.0,NEG_04_08,4.47,8.0
mFRR,45837.0,NEG_08_12,44.57,66.0
mFRR,45837.0,NEG_12_16,80.29,107.03
mFRR,45837.0,NEG_16_20,27.08,37.13
mFRR,45837.0,NEG_20_24,0.81,0.85
mFRR,45838.0,POS_00_04,1.69,2.5
mFRR,45838.0,POS_04_08,4.0,14.98
mFRR,45838.0,POS_08_12,3.31,5.0
mFRR,45838.0,POS_12_16,0.71,1.65
mFRR,45838.0,POS_16_20,7.19,23.27
mFRR,45838.0,POS_20_24,38.75,74.36
mFRR,45838.0,NEG_00_04,1.8,2.19
mFRR,45838.0,NEG_04_08,2.82,3.55
mFRR,45838.0,NEG_08_12,50.29,60.0
mFRR,45838.0,NEG_12_16,78.97,98.44
mFRR,45838.0,NEG_16_20,23.91,30.36
mFRR,45838.0,NEG_20_24,0.61,0.73
mFRR,45839.0,POS_00_04,1.96,2.71
mFRR,45839.0,POS_04_08,4.84,6.3
mFRR,45839.0,POS_08_12,3.89,4.9
mFRR,45839.0,POS_12_16,0.89,1.03
mFRR,45839.0,POS_16_20,19.39,30.53
mFRR,45839.0,POS_20_24,70.73,102.58
mFRR,45839.0,NEG_00_04,1.52,1.69
mFRR,45839.0,NEG_04_08,2.03,2.11
mFRR,45839.0,NEG_08_12,40.15,50.52
mFRR,45839.0,NEG_12_16,76.77,85.0
mFRR,45839.0,NEG_16_20,20.81,23.98
mFRR,45839.0,NEG_20_24,0.54,0.58
mFRR,45840.0,POS_00_04,2.5,3.05
mFRR,45840.0,POS_04_08,4.99,6.0
mFRR,45840.0,POS_08_12,3.02,4.44
mFRR,45840.0,POS_12_16,0.66,0.94
mFRR,45840.0,POS_16_20,16.71,23.33
mFRR,45840.0,POS_20_24,58.43,99.0
mFRR,45840.0,NEG_00_04,1.15,1.25
mFRR,45840.0,NEG_04_08,1.44,1.56
mFRR,45840.0,NEG_08_12,32.08,45.4
mFRR,45840.0,NEG_12_16,62.78,87.5
mFRR,45840.0,NEG_16_20,15.08,16.1
mFRR,45840.0,NEG_20_24,0.47,0.5
mFRR,45841.0,POS_00_04,1.88,2.12
mFRR,45841.0,POS_04_08,4.22,5.15
mFRR,45841.0,POS_08_12,3.34,4.0
mFRR,45841.0,POS_12_16,0.84,1.12
mFRR,45841.0,POS_16_20,18.48,21.76
mFRR,45841.0,POS_20_24,67.01,88.39
mFRR,45841.0,NEG_00_04,1.13,1.69
mFRR,45841.0,NEG_04_08,1.58,2.57
mFRR,45841.0,NEG_08_12,41.05,54.0
mFRR,45841.0,NEG_12_16,73.5,83.8
mFRR,45841.0,NEG_16_20,13.95,16.48
mFRR,45841.0,NEG_20_24,0.45,0.48
mFRR,45842.0,POS_00_04,1.64,1.99
mFRR,45842.0,POS_04_08,3.69,4.45
mFRR,45842.0,POS_08_12,2.41,2.96
mFRR,45842.0,POS_12_16,0.55,0.69
mFRR,45842.0,POS_16_20,12.34,14.47
mFRR,45842.0,POS_20_24,45.72,54.58
mFRR,45842.0,NEG_00_04,1.06,1.19
mFRR,45842.0,NEG_04_08,1.43,1.58
mFRR,45842.0,NEG_08_12,26.93,31.66
mFRR,45842.0,NEG_12_16,63.05,75.0
mFRR,45842.0,NEG_16_20,13.09,25.0
mFRR,45842.0,NEG_20_24,0.43,0.5
mFRR,45843.0,POS_00_04,1.78,2.13
mFRR,45843.0,POS_04_08,4.27,6.18
mFRR,45843.0,POS_08_12,1.67,1.88
mFRR,45843.0,POS_12_16,0.39,0.48
mFRR,45843.0,POS_16_20,8.84,9.88
mFRR,45843.0,POS_20_24,34.03,36.32
mFRR,45843.0,NEG_00_04,2.27,5.0
mFRR,45843.0,NEG_04_08,2.32,4.98
mFRR,45843.0,NEG_08_12,27.72,41.43
mFRR,45843.0,NEG_12_16,67.01,82.08
mFRR,45843.0,NEG_16_20,22.02,30.0
mFRR,45843.0,NEG_20_24,0.46,0.55
mFRR,45844.0,POS_00_04,1.31,1.6
mFRR,45844.0,POS_04_08,3.16,3.86
mFRR,45844.0,POS_08_12,1.23,1.39
mFRR,45844.0,POS_12_16,0.31,0.39
mFRR,45844.0,POS_16_20,6.85,7.53
mFRR,45844.0,POS_20_24,24.6,26.98
mFRR,45844.0,NEG_00_04,2.67,4.21
mFRR,45844.0,NEG_04_08,3.17,4.82
mFRR,45844.0,NEG_08_12,34.35,49.19
mFRR,45844.0,NEG_12_16,66.38,72.0
mFRR,45844.0,NEG_16_20,18.83,20.4
mFRR,45844.0,NEG_20_24,0.44,0.57
mFRR,45845.0,POS_00_04,1.45,2.47
mFRR,45845.0,POS_04_08,3.7,4.57
mFRR,45845.0,POS_08_12,2.15,2.84
mFRR,45845.0,POS_12_16,0.51,0.8
mFRR,45845.0,POS_16_20,7.65,8.0
mFRR,45845.0,POS_20_24,21.1,22.6
mFRR,45845.0,NEG_00_04,2.12,2.75
mFRR,45845.0,NEG_04_08,2.19,2.92
mFRR,45845.0,NEG_08_12,24.63,27.0
mFRR,45845.0,NEG_12_16,50.93,54.58
mFRR,45845.0,NEG_16_20,14.99,16.21
mFRR,45845.0,NEG_20_24,0.61,1.11
mFRR,45846.0,POS_00_04,1.71,2.04
mFRR,45846.0,POS_04_08,3.33,3.67
mFRR,45846.0,POS_08_12,2.76,3.64
mFRR,45846.0,POS_12_16,0.73,1.2
mFRR,45846.0,POS_16_20,6.51,7.5
mFRR,45846.0,POS_20_24,17.9,22.0
mFRR,45846.0,NEG_00_04,2.29,2.95
mFRR,45846.0,NEG_04_08,2.28,2.8
mFRR,45846.0,NEG_08_12,24.49,29.47
mFRR,45846.0,NEG_12_16,43.23,51.91
mFRR,45846.0,NEG_16_20,12.79,14.3
mFRR,45846.0,NEG_20_24,0.68,0.87
mFRR,45847.0,POS_00_04,1.58,1.82
mFRR,45847.0,POS_04_08,2.93,3.21
mFRR,45847.0,POS_08_12,2.08,2.38
mFRR,45847.0,POS_12_16,0.65,0.81
mFRR,45847.0,POS_16_20,9.48,35.99
mFRR,45847.0,POS_20_24,17.16,18.47
mFRR,45847.0,NEG_00_04,2.05,2.54
mFRR,45847.0,NEG_04_08,1.95,2.2
mFRR,45847.0,NEG_08_12,19.41,24.0
mFRR,45847.0,NEG_12_16,40.39,44.7
mFRR,45847.0,NEG_16_20,11.16,12.75
mFRR,45847.0,NEG_20_24,0.61,0.73
mFRR,45848.0,POS_00_04,1.35,1.58
mFRR,45848.0,POS_04_08,2.48,2.78
mFRR,45848.0,POS_08_12,1.67,1.88
mFRR,45848.0,POS_12_16,0.5,0.58
mFRR,45848.0,POS_16_20,8.79,14.58
mFRR,45848.0,POS_20_24,16.36,27.47
mFRR,45848.0,NEG_00_04,1.76,2.0
mFRR,45848.0,NEG_04_08,1.62,1.85
mFRR,45848.0,NEG_08_12,16.23,18.05
mFRR,45848.0,NEG_12_16,35.61,42.27
mFRR,45848.0,NEG_16_20,10.95,20.1
mFRR,45848.0,NEG_20_24,0.57,0.68
mFRR,45849.0,POS_00_04,1.23,1.38
mFRR,45849.0,POS_04_08,2.13,2.34
mFRR,45849.0,POS_08_12,1.34,1.5
mFRR,45849.0,POS_12_16,0.4,0.46
mFRR,45849.0,POS_16_20,8.24,9.53
mFRR,45849.0,POS_20_24,15.13,17.1
mFRR,45849.0,NEG_00_04,1.4,1.7
mFRR,45849.0,NEG_04_08,1.46,2.0
mFRR,45849.0,NEG_08_12,12.11,12.75
mFRR,45849.0,NEG_12_16,33.81,36.47
mFRR,45849.0,NEG_16_20,10.54,12.47
mFRR,45849.0,NEG_20_24,0.54,0.61
mFRR,45850.0,POS_00_04,1.07,1.21
mFRR,45850.0,POS_04_08,1.77,2.0
mFRR,45850.0,POS_08_12,1.01,1.12
mFRR,45850.0,POS_12_16,0.3,0.34
mFRR,45850.0,POS_16_20,6.43,7.11
mFRR,45850.0,POS_20_24,13.06,14.9
mFRR,45850.0,NEG_00_04,1.43,1.74
mFRR,45850.0,NEG_04_08,2.23,3.25
mFRR,45850.0,NEG_08_12,19.06,35.01
mFRR,45850.0,NEG_12_16,45.66,64.37
mFRR,45850.0,NEG_16_20,13.06,16.48
mFRR,45850.0,NEG_20_24,0.53,0.64
mFRR,45851.0,POS_00_04,0.93,1.01
mFRR,45851.0,POS_04_08,1.53,1.75
mFRR,45851.0,POS_08_12,0.78,0.89
mFRR,45851.0,POS_12_16,0.24,0.28
mFRR,45851.0,POS_16_20,4.97,5.44
mFRR,45851.0,POS_20_24,11.17,12.0
mFRR,45851.0,NEG_00_04,1.37,1.7
mFRR,45851.0,NEG_04_08,2.23,2.79
mFRR,45851.0,NEG_08_12,29.99,42.06
mFRR,45851.0,NEG_12_16,58.04,75.99
mFRR,45851.0,NEG_16_20,14.48,20.76
mFRR,45851.0,NEG_20_24,0.49,0.61
mFRR,45852.0,POS_00_04,1.08,1.49
mFRR,45852.0,POS_04_08,2.48,3.74
mFRR,45852.0,POS_08_12,1.83,2.59
mFRR,45852.0,POS_12_16,0.52,0.75
mFRR,45852.0,POS_16_20,7.17,8.23
mFRR,45852.0,POS_20_24,17.55,29.0
mFRR,45852.0,NEG_00_04,1.18,1.3
mFRR,45852.0,NEG_04_08,1.33,1.7
mFRR,45852.0,NEG_08_12,20.07,27.49
mFRR,45852.0,NEG_12_16,40.0,47.26
mFRR,45852.0,NEG_16_20,11.22,13.58
mFRR,45852.0,NEG_20_24,0.43,0.54
mFRR,45853.0,POS_00_04,1.06,1.41
mFRR,45853.0,POS_04_08,2.02,2.95
mFRR,45853.0,POS_08_12,1.49,2.01
mFRR,45853.0,POS_12_16,0.38,0.47
mFRR,45853.0,POS_16_20,5.86,6.57
mFRR,45853.0,POS_20_24,16.81,21.34
mFRR,45853.0,NEG_00_04,0.9,1.09
mFRR,45853.0,NEG_04_08,1.14,1.3
mFRR,45853.0,NEG_08_12,17.44,19.0
mFRR,45853.0,NEG_12_16,44.4,59.36
mFRR,45853.0,NEG_16_20,9.53,10.65
mFRR,45853.0,NEG_20_24,0.45,0.61
mFRR,45854.0,POS_00_04,0.98,1.15
mFRR,45854.0,POS_04_08,1.7,2.06
mFRR,45854.0,POS_08_12,1.28,1.54
mFRR,45854.0,POS_12_16,0.36,0.44
mFRR,45854.0,POS_16_20,4.79,5.36
mFRR,45854.0,POS_20_24,14.22,15.66
mFRR,45854.0,NEG_00_04,0.76,0.82
mFRR,45854.0,NEG_04_08,0.86,0.97
mFRR,45854.0,NEG_08_12,11.98,13.12
mFRR,45854.0,NEG_12_16,33.84,37.08
mFRR,45854.0,NEG_16_20,6.96,7.42
mFRR,45854.0,NEG_20_24,0.43,0.49
mFRR,45855.0,POS_00_04,0.86,1.05
mFRR,45855.0,POS_04_08,1.49,2.2
mFRR,45855.0,POS_08_12,1.06,1.3
mFRR,45855.0,POS_12_16,0.3,0.4
mFRR,45855.0,POS_16_20,4.02,4.66
mFRR,45855.0,POS_20_24,12.19,18.0
mFRR,45855.0,NEG_00_04,0.62,0.73
mFRR,45855.0,NEG_04_08,0.73,1.56
mFRR,45855.0,NEG_08_12,9.14,10.0
mFRR,45855.0,NEG_12_16,34.27,47.28
mFRR,45855.0,NEG_16_20,5.69,6.9
mFRR,45855.0,NEG_20_24,0.42,0.48
mFRR,45856.0,POS_00_04,0.79,0.9
mFRR,45856.0,POS_04_08,1.6,1.92
mFRR,45856.0,POS_08_12,1.02,1.29
mFRR,45856.0,POS_12_16,0.29,0.43
mFRR,45856.0,POS_16_20,4.1,4.82
mFRR,45856.0,POS_20_24,14.0,16.25
mFRR,45856.0,NEG_00_04,0.54,0.57
mFRR,45856.0,NEG_04_08,0.88,1.07
mFRR,45856.0,NEG_08_12,6.53,7.3
mFRR,45856.0,NEG_12_16,24.76,28.0
mFRR,45856.0,NEG_16_20,4.8,7.6
mFRR,45856.0,NEG_20_24,0.43,1.0
mFRR,45857.0,POS_00_04,0.8,1.0
mFRR,45857.0,POS_04_08,1.52,1.83
mFRR,45857.0,POS_08_12,0.85,0.93
mFRR,45857.0,POS_12_16,0.25,0.29
mFRR,45857.0,POS_16_20,3.37,3.8
mFRR,45857.0,POS_20_24,11.63,12.89
mFRR,45857.0,NEG_00_04,0.5,0.56
mFRR,45857.0,NEG_04_08,1.05,1.21
mFRR,45857.0,NEG_08_12,20.12,34.1
mFRR,45857.0,NEG_12_16,45.65,61.12
mFRR,45857.0,NEG_16_20,10.62,15.38
mFRR,45857.0,NEG_20_24,0.77,1.0
mFRR,45858.0,POS_00_04,0.65,0.74
mFRR,45858.0,POS_04_08,1.27,1.43
mFRR,45858.0,POS_08_12,0.64,0.72
mFRR,45858.0,POS_12_16,0.19,0.22
mFRR,45858.0,POS_16_20,2.92,3.29
mFRR,45858.0,POS_20_24,9.76,10.45
mFRR,45858.0,NEG_00_04,0.79,1.34
mFRR,45858.0,NEG_04_08,2.0,3.57
mFRR,45858.0,NEG_08_12,34.36,41.26
mFRR,45858.0,NEG_12_16,60.41,79.15
mFRR,45858.0,NEG_16_20,12.92,15.79
mFRR,45858.0,NEG_20_24,0.71,0.8
mFRR,45859.0,POS_00_04,0.61,0.92
mFRR,45859.0,POS_04_08,1.56,1.72
mFRR,45859.0,POS_08_12,0.92,1.09
mFRR,45859.0,POS_12_16,0.35,0.5
mFRR,45859.0,POS_16_20,3.44,4.11
mFRR,45859.0,POS_20_24,13.94,19.0
mFRR,45859.0,NEG_00_04,0.57,0.78
mFRR,45859.0,NEG_04_08,1.3,1.6
mFRR,45859.0,NEG_08_12,10.4,12.33
mFRR,45859.0,NEG_12_16,25.12,27.12
mFRR,45859.0,NEG_16_20,6.2,7.72
mFRR,45859.0,NEG_20_24,0.69,1.0
mFRR,45860.0,POS_00_04,0.64,1.08
mFRR,45860.0,POS_04_08,1.13,1.34
mFRR,45860.0,POS_08_12,1.05,1.4
mFRR,45860.0,POS_12_16,0.41,0.49
mFRR,45860.0,POS_16_20,2.7,3.35
mFRR,45860.0,POS_20_24,12.3,14.25
mFRR,45860.0,NEG_00_04,0.72,2.05
mFRR,45860.0,NEG_04_08,1.4,2.46
mFRR,45860.0,NEG_08_12,11.84,17.0
mFRR,45860.0,NEG_12_16,45.21,70.75
mFRR,45860.0,NEG_16_20,10.1,16.5
mFRR,45860.0,NEG_20_24,1.02,2.05
mFRR,45861.0,POS_00_04,0.66,0.8
mFRR,45861.0,POS_04_08,0.92,1.19
mFRR,45861.0,POS_08_12,0.93,1.1
mFRR,45861.0,POS_12_16,0.32,0.38
mFRR,45861.0,POS_16_20,2.56,3.42
mFRR,45861.0,POS_20_24,10.05,13.13
mFRR,45861.0,NEG_00_04,2.0,3.8
mFRR,45861.0,NEG_04_08,2.65,5.14
mFRR,45861.0,NEG_08_12,13.54,20.56
mFRR,45861.0,NEG_12_16,54.2,78.48
mFRR,45861.0,NEG_16_20,12.15,16.35
mFRR,45861.0,NEG_20_24,1.01,1.2
mFRR,45862.0,POS_00_04,0.55,0.68
mFRR,45862.0,POS_04_08,0.93,1.12
mFRR,45862.0,POS_08_12,0.78,1.0
mFRR,45862.0,POS_12_16,0.24,0.37
mFRR,45862.0,POS_16_20,2.44,3.28
mFRR,45862.0,POS_20_24,10.44,14.72
mFRR,45862.0,NEG_00_04,1.28,1.62
mFRR,45862.0,NEG_04_08,1.73,2.12
mFRR,45862.0,NEG_08_12,10.05,10.77
mFRR,45862.0,NEG_12_16,26.6,31.95
mFRR,45862.0,NEG_16_20,6.88,7.75
mFRR,45862.0,NEG_20_24,0.78,0.92
mFRR,45863.0,POS_00_04,0.48,0.56
mFRR,45863.0,POS_04_08,0.65,0.82
mFRR,45863.0,POS_08_12,0.65,0.85
mFRR,45863.0,POS_12_16,0.23,0.28
mFRR,45863.0,POS_16_20,2.04,2.57
mFRR,45863.0,POS_20_24,8.34,9.73
mFRR,45863.0,NEG_00_04,0.9,1.1
mFRR,45863.0,NEG_04_08,1.26,1.45
mFRR,45863.0,NEG_08_12,6.57,7.1
mFRR,45863.0,NEG_12_16,19.45,21.55
mFRR,45863.0,NEG_16_20,4.99,5.49
mFRR,45863.0,NEG_20_24,0.59,0.7
mFRR,45864.0,POS_00_04,0.46,0.68
mFRR,45864.0,POS_04_08,0.58,0.67
mFRR,45864.0,POS_08_12,0.55,0.7
mFRR,45864.0,POS_12_16,0.18,0.23
mFRR,45864.0,POS_16_20,1.78,2.08
mFRR,45864.0,POS_20_24,7.15,8.9
mFRR,45864.0,NEG_00_04,0.82,0.92
mFRR,45864.0,NEG_04_08,1.16,1.3
mFRR,45864.0,NEG_08_12,8.67,15.4
mFRR,45864.0,NEG_12_16,25.97,41.0
mFRR,45864.0,NEG_16_20,5.31,5.94
mFRR,45864.0,NEG_20_24,0.54,0.66
mFRR,45865.0,POS_00_04,0.42,0.51
mFRR,45865.0,POS_04_08,0.46,0.6
mFRR,45865.0,POS_08_12,0.4,0.5
mFRR,45865.0,POS_12_16,0.14,0.18
mFRR,45865.0,POS_16_20,1.34,1.66
mFRR,45865.0,POS_20_24,5.96,8.2
mFRR,45865.0,NEG_00_04,0.78,0.91
mFRR,45865.0,NEG_04_08,1.28,1.7
mFRR,45865.0,NEG_08_12,13.35,19.17
mFRR,45865.0,NEG_12_16,41.9,57.5
mFRR,45865.0,NEG_16_20,6.67,12.31
mFRR,45865.0,NEG_20_24,0.54,0.67
mFRR,45866.0,POS_00_04,0.51,1.0
mFRR,45866.0,POS_04_08,0.6,1.19
mFRR,45866.0,POS_08_12,0.65,1.42
mFRR,45866.0,POS_12_16,0.24,0.49
mFRR,45866.0,POS_16_20,1.64,2.73
mFRR,45866.0,POS_20_24,7.69,9.8
mFRR,45866.0,NEG_00_04,0.94,2.85
mFRR,45866.0,NEG_04_08,1.16,2.0
mFRR,45866.0,NEG_08_12,7.92,8.48
mFRR,45866.0,NEG_12_16,23.28,26.25
mFRR,45866.0,NEG_16_20,5.25,5.94
mFRR,45866.0,NEG_20_24,0.59,1.5
mFRR,45867.0,POS_00_04,0.6,0.75
mFRR,45867.0,POS_04_08,0.76,0.9
mFRR,45867.0,POS_08_12,0.9,1.35
mFRR,45867.0,POS_12_16,0.28,0.37
mFRR,45867.0,POS_16_20,1.99,2.4
mFRR,45867.0,POS_20_24,7.39,9.02
mFRR,45867.0,NEG_00_04,1.52,2.5
mFRR,45867.0,NEG_04_08,1.38,2.0
mFRR,45867.0,NEG_08_12,8.86,17.0
mFRR,45867.0,NEG_12_16,37.48,53.6
mFRR,45867.0,NEG_16_20,5.62,11.5
mFRR,45867.0,NEG_20_24,0.91,2.0
mFRR,45868.0,POS_00_04,0.51,0.6
mFRR,45868.0,POS_04_08,0.62,0.79
mFRR,45868.0,POS_08_12,0.88,1.13
mFRR,45868.0,POS_12_16,0.22,0.25
mFRR,45868.0,POS_16_20,1.74,2.48
mFRR,45868.0,POS_20_24,6.45,7.69
mFRR,45868.0,NEG_00_04,1.4,2.0
mFRR,45868.0,NEG_04_08,1.38,1.9
mFRR,45868.0,NEG_08_12,8.55,11.14
mFRR,45868.0,NEG_12_16,32.91,48.14
mFRR,45868.0,NEG_16_20,5.61,6.97
mFRR,45868.0,NEG_20_24,1.1,2.0
mFRR,45869.0,POS_00_04,0.44,0.48
mFRR,45869.0,POS_04_08,0.59,0.68
mFRR,45869.0,POS_08_12,0.73,0.82
mFRR,45869.0,POS_12_16,0.18,0.21
mFRR,45869.0,POS_16_20,1.8,2.17
mFRR,45869.0,POS_20_24,5.86,6.38
mFRR,45869.0,NEG_00_04,1.44,1.9
mFRR,45869.0,NEG_04_08,1.48,2.0
mFRR,45869.0,NEG_08_12,7.9,10.0
mFRR,45869.0,NEG_12_16,33.85,47.52
mFRR,45869.0,NEG_16_20,4.96,7.0
mFRR,45869.0,NEG_20_24,1.13,1.25
mFRR,45870.0,POS_00_04,0.38,0.55
mFRR,45870.0,POS_04_08,0.54,0.77
mFRR,45870.0,POS_08_12,0.66,0.98
mFRR,45870.0,POS_12_16,0.15,0.19
mFRR,45870.0,POS_16_20,1.63,2.18
mFRR,45870.0,POS_20_24,5.21,6.38
mFRR,45870.0,NEG_00_04,1.19,1.5
mFRR,45870.0,NEG_04_08,1.23,1.54
mFRR,45870.0,NEG_08_12,6.68,7.1
mFRR,45870.0,NEG_12_16,28.49,32.0
mFRR,45870.0,NEG_16_20,4.86,5.63
mFRR,45870.0,NEG_20_24,0.92,1.29
mFRR,45871.0,POS_00_04,0.53,0.69
mFRR,45871.0,POS_04_08,0.55,0.68
mFRR,45871.0,POS_08_12,0.64,0.8
mFRR,45871.0,POS_12_16,0.13,0.22
mFRR,45871.0,POS_16_20,1.58,1.99
mFRR,45871.0,POS_20_24,5.21,6.48
mFRR,45871.0,NEG_00_04,1.15,1.47
mFRR,45871.0,NEG_04_08,1.44,2.5
mFRR,45871.0,NEG_08_12,11.24,13.93
mFRR,45871.0,NEG_12_16,40.93,49.8
mFRR,45871.0,NEG_16_20,9.73,13.64
mFRR,45871.0,NEG_20_24,0.95,1.1
mFRR,45872.0,POS_00_04,0.41,0.52
mFRR,45872.0,POS_04_08,0.41,0.49
mFRR,45872.0,POS_08_12,0.49,0.59
mFRR,45872.0,POS_12_16,0.12,0.15
mFRR,45872.0,POS_16_20,1.26,1.69
mFRR,45872.0,POS_20_24,4.03,4.99
mFRR,45872.0,NEG_00_04,2.48,4.8
mFRR,45872.0,NEG_04_08,3.8,4.97
mFRR,45872.0,NEG_08_12,23.44,36.58
mFRR,45872.0,NEG_12_16,50.49,69.62
mFRR,45872.0,NEG_16_20,15.15,17.62
mFRR,45872.0,NEG_20_24,0.87,1.03
mFRR,45873.0,POS_00_04,0.49,0.76
mFRR,45873.0,POS_04_08,0.66,0.85
mFRR,45873.0,POS_08_12,1.26,1.96
mFRR,45873.0,POS_12_16,0.31,0.44
mFRR,45873.0,POS_16_20,1.82,2.29
mFRR,45873.0,POS_20_24,4.79,5.55
mFRR,45873.0,NEG_00_04,2.58,5.0
mFRR,45873.0,NEG_04_08,2.33,3.64
mFRR,45873.0,NEG_08_12,11.26,14.54
mFRR,45873.0,NEG_12_16,33.7,39.0
mFRR,45873.0,NEG_16_20,7.8,9.0
mFRR,45873.0,NEG_20_24,1.47,2.65
mFRR,45874.0,POS_00_04,0.6,0.8
mFRR,45874.0,POS_04_08,0.8,0.99
mFRR,45874.0,POS_08_12,0.89,1.02
mFRR,45874.0,POS_12_16,0.24,0.3
mFRR,45874.0,POS_16_20,1.59,1.8
mFRR,45874.0,POS_20_24,4.4,4.93
mFRR,45874.0,NEG_00_04,3.99,5.66
mFRR,45874.0,NEG_04_08,2.73,4.35
mFRR,45874.0,NEG_08_12,11.8,13.4
mFRR,45874.0,NEG_12_16,42.29,50.0
mFRR,45874.0,NEG_16_20,13.06,24.2
mFRR,45874.0,NEG_20_24,1.57,2.3
mFRR,45875.0,POS_00_04,0.55,0.69
mFRR,45875.0,POS_04_08,0.77,0.9
mFRR,45875.0,POS_08_12,0.92,1.53
mFRR,45875.0,POS_12_16,0.29,0.5
mFRR,45875.0,POS_16_20,1.95,3.02
mFRR,45875.0,POS_20_24,6.88,9.47
mFRR,45875.0,NEG_00_04,3.67,4.66
mFRR,45875.0,NEG_04_08,5.91,9.8
mFRR,45875.0,NEG_08_12,25.64,47.57
mFRR,45875.0,NEG_12_16,63.87,94.0
mFRR,45875.0,NEG_16_20,20.08,26.7
mFRR,45875.0,NEG_20_24,0.91,1.25
mFRR,45876.0,POS_00_04,0.5,0.64
mFRR,45876.0,POS_04_08,0.68,0.84
mFRR,45876.0,POS_08_12,0.86,0.99
mFRR,45876.0,POS_12_16,0.25,0.31
mFRR,45876.0,POS_16_20,2.11,2.49
mFRR,45876.0,POS_20_24,6.08,7.73
mFRR,45876.0,NEG_00_04,2.0,2.34
mFRR,45876.0,NEG_04_08,3.22,5.75
mFRR,45876.0,NEG_08_12,18.41,23.7
mFRR,45876.0,NEG_12_16,54.0,66.18
mFRR,45876.0,NEG_16_20,14.55,18.7
mFRR,45876.0,NEG_20_24,0.75,0.98
mFRR,45877.0,POS_00_04,0.45,0.57
mFRR,45877.0,POS_04_08,0.6,0.79
mFRR,45877.0,POS_08_12,0.68,0.89
mFRR,45877.0,POS_12_16,0.2,0.25
mFRR,45877.0,POS_16_20,1.75,2.28
mFRR,45877.0,POS_20_24,5.6,6.88
mFRR,45877.0,NEG_00_04,1.34,1.46
mFRR,45877.0,NEG_04_08,2.29,2.55
mFRR,45877.0,NEG_08_12,16.14,21.6
mFRR,45877.0,NEG_12_16,49.4,66.2
mFRR,45877.0,NEG_16_20,12.41,19.32
mFRR,45877.0,NEG_20_24,0.65,0.72
mFRR,45878.0,POS_00_04,0.53,0.67
mFRR,45878.0,POS_04_08,0.52,0.63
mFRR,45878.0,POS_08_12,0.6,0.8
mFRR,45878.0,POS_12_16,0.14,0.18
mFRR,45878.0,POS_16_20,1.46,1.75
mFRR,45878.0,POS_20_24,4.3,4.9
mFRR,45878.0,NEG_00_04,0.89,1.02
mFRR,45878.0,NEG_04_08,1.6,2.0
mFRR,45878.0,NEG_08_12,27.38,42.45
mFRR,45878.0,NEG_12_16,67.69,83.85
mFRR,45878.0,NEG_16_20,21.18,31.51
mFRR,45878.0,NEG_20_24,0.73,1.0
mFRR,45879.0,POS_00_04,0.4,0.48
mFRR,45879.0,POS_04_08,0.41,0.48
mFRR,45879.0,POS_08_12,0.47,0.56
mFRR,45879.0,POS_12_16,0.11,0.13
mFRR,45879.0,POS_16_20,1.16,1.4
mFRR,45879.0,POS_20_24,3.39,15.0
mFRR,45879.0,NEG_00_04,1.78,3.36
mFRR,45879.0,NEG_04_08,3.34,4.98
mFRR,45879.0,NEG_08_12,48.62,66.29
mFRR,45879.0,NEG_12_16,84.03,114.0
mFRR,45879.0,NEG_16_20,31.03,43.4
mFRR,45879.0,NEG_20_24,1.12,2.42
mFRR,45880.0,POS_00_04,0.48,0.68
mFRR,45880.0,POS_04_08,0.65,1.0
mFRR,45880.0,POS_08_12,0.88,1.4
mFRR,45880.0,POS_12_16,0.2,0.33
mFRR,45880.0,POS_16_20,1.87,2.38
mFRR,45880.0,POS_20_24,6.99,14.1
mFRR,45880.0,NEG_00_04,1.61,2.23
mFRR,45880.0,NEG_04_08,2.07,2.4
mFRR,45880.0,NEG_08_12,24.44,29.8
mFRR,45880.0,NEG_12_16,61.91,82.53
mFRR,45880.0,NEG_16_20,12.95,16.93
mFRR,45880.0,NEG_20_24,1.38,2.09
mFRR,45881.0,POS_00_04,0.5,0.65
mFRR,45881.0,POS_04_08,0.81,1.1
mFRR,45881.0,POS_08_12,1.26,1.75
mFRR,45881.0,POS_12_16,0.3,0.4
mFRR,45881.0,POS_16_20,1.9,2.4
mFRR,45881.0,POS_20_24,8.72,18.0
mFRR,45881.0,NEG_00_04,1.26,2.0
mFRR,45881.0,NEG_04_08,1.28,1.51
mFRR,45881.0,NEG_08_12,25.23,36.4
mFRR,45881.0,NEG_12_16,66.99,88.04
mFRR,45881.0,NEG_16_20,15.39,21.47
mFRR,45881.0,NEG_20_24,1.3,1.53
mFRR,45882.0,POS_00_04,0.47,0.58
mFRR,45882.0,POS_04_08,0.67,0.87
mFRR,45882.0,POS_08_12,0.96,1.13
mFRR,45882.0,POS_12_16,0.26,0.33
mFRR,45882.0,POS_16_20,2.53,5.21
mFRR,45882.0,POS_20_24,14.48,23.0
mFRR,45882.0,NEG_00_04,1.25,1.4
mFRR,45882.0,NEG_04_08,1.34,2.51
mFRR,45882.0,NEG_08_12,23.01,28.78
mFRR,45882.0,NEG_12_16,58.27,72.81
mFRR,45882.0,NEG_16_20,13.99,17.32
mFRR,45882.0,NEG_20_24,1.02,1.26
mFRR,45883.0,POS_00_04,0.43,0.47
mFRR,45883.0,POS_04_08,0.66,0.85
mFRR,45883.0,POS_08_12,0.84,0.93
mFRR,45883.0,POS_12_16,0.28,1.0
mFRR,45883.0,POS_16_20,3.86,9.75
mFRR,45883.0,POS_20_24,17.99,22.75
mFRR,45883.0,NEG_00_04,1.03,1.34
mFRR,45883.0,NEG_04_08,1.38,1.8
mFRR,45883.0,NEG_08_12,20.02,21.88
mFRR,45883.0,NEG_12_16,53.72,58.69
mFRR,45883.0,NEG_16_20,10.52,12.62
mFRR,45883.0,NEG_20_24,0.91,1.03
mFRR,45884.0,POS_00_04,0.38,0.54
mFRR,45884.0,POS_04_08,0.63,0.8
mFRR,45884.0,POS_08_12,0.71,0.93
mFRR,45884.0,POS_12_16,0.29,0.6
mFRR,45884.0,POS_16_20,3.42,4.48
mFRR,45884.0,POS_20_24,12.61,14.5
mFRR,45884.0,NEG_00_04,1.17,2.2
mFRR,45884.0,NEG_04_08,1.26,2.0
mFRR,45884.0,NEG_08_12,22.51,28.89
mFRR,45884.0,NEG_12_16,69.47,87.97
mFRR,45884.0,NEG_16_20,13.79,20.47
mFRR,45884.0,NEG_20_24,0.88,1.34
mFRR,45885.0,POS_00_04,0.43,0.5
mFRR,45885.0,POS_04_08,0.5,0.6
mFRR,45885.0,POS_08_12,0.57,0.69
mFRR,45885.0,POS_12_16,0.29,0.39
mFRR,45885.0,POS_16_20,2.3,2.53
mFRR,45885.0,POS_20_24,8.87,10.27
mFRR,45885.0,NEG_00_04,2.09,3.68
mFRR,45885.0,NEG_04_08,2.42,4.0
mFRR,45885.0,NEG_08_12,32.04,35.36
mFRR,45885.0,NEG_12_16,75.46,97.56
mFRR,45885.0,NEG_16_20,25.01,36.4
mFRR,45885.0,NEG_20_24,1.96,4.27
mFRR,45886.0,POS_00_04,0.35,0.5
mFRR,45886.0,POS_04_08,0.47,1.12
mFRR,45886.0,POS_08_12,0.47,0.8
mFRR,45886.0,POS_12_16,0.22,0.27
mFRR,45886.0,POS_16_20,1.74,2.04
mFRR,45886.0,POS_20_24,9.73,20.47
mFRR,45886.0,NEG_00_04,2.69,4.09
mFRR,45886.0,NEG_04_08,3.3,4.98
mFRR,45886.0,NEG_08_12,43.02,53.5
mFRR,45886.0,NEG_12_16,85.48,93.85
mFRR,45886.0,NEG_16_20,25.78,31.0
mFRR,45886.0,NEG_20_24,2.41,3.35
mFRR,45887.0,POS_00_04,0.45,0.78
mFRR,45887.0,POS_04_08,1.84,6.44
mFRR,45887.0,POS_08_12,1.64,2.4
mFRR,45887.0,POS_12_16,0.66,1.79
mFRR,45887.0,POS_16_20,7.23,24.0
mFRR,45887.0,POS_20_24,33.66,54.0
mFRR,45887.0,NEG_00_04,1.92,2.47
mFRR,45887.0,NEG_04_08,2.02,2.5
mFRR,45887.0,NEG_08_12,24.28,26.8
mFRR,45887.0,NEG_12_16,59.31,66.94
mFRR,45887.0,NEG_16_20,13.78,16.0
mFRR,45887.0,NEG_20_24,1.25,1.5
mFRR,45888.0,POS_00_04,0.78,2.27
mFRR,45888.0,POS_04_08,3.43,6.98
mFRR,45888.0,POS_08_12,1.42,1.83
mFRR,45888.0,POS_12_16,0.55,0.95
mFRR,45888.0,POS_16_20,14.5,21.0
mFRR,45888.0,POS_20_24,29.0,32.58
mFRR,45888.0,NEG_00_04,1.59,1.89
mFRR,45888.0,NEG_04_08,1.46,1.82
mFRR,45888.0,NEG_08_12,16.89,18.93
mFRR,45888.0,NEG_12_16,53.1,62.98
mFRR,45888.0,NEG_16_20,10.96,12.19
mFRR,45888.0,NEG_20_24,0.98,1.13
mFRR,45889.0,POS_00_04,1.34,2.04
mFRR,45889.0,POS_04_08,3.12,4.26
mFRR,45889.0,POS_08_12,1.83,4.87
mFRR,45889.0,POS_12_16,0.54,1.33
mFRR,45889.0,POS_16_20,11.68,14.47
mFRR,45889.0,POS_20_24,18.79,21.1
mFRR,45889.0,NEG_00_04,0.76,1.21
mFRR,45889.0,NEG_04_08,1.24,1.63
mFRR,45889.0,NEG_08_12,11.99,13.02
mFRR,45889.0,NEG_12_16,43.66,49.8
mFRR,45889.0,NEG_16_20,8.04,8.57
mFRR,45889.0,NEG_20_24,0.84,0.97
mFRR,45890.0,POS_00_04,1.05,1.44
mFRR,45890.0,POS_04_08,3.57,9.6
mFRR,45890.0,POS_08_12,2.38,3.35
mFRR,45890.0,POS_12_16,0.63,0.84
mFRR,45890.0,POS_16_20,8.25,9.37
mFRR,45890.0,POS_20_24,11.82,13.18
mFRR,45890.0,NEG_00_04,0.57,0.81
mFRR,45890.0,NEG_04_08,1.12,1.39
mFRR,45890.0,NEG_08_12,8.41,9.21
mFRR,45890.0,NEG_12_16,32.21,34.28
mFRR,45890.0,NEG_16_20,5.26,6.0
mFRR,45890.0,NEG_20_24,1.24,2.18
mFRR,45891.0,POS_00_04,0.89,1.06
mFRR,45891.0,POS_04_08,3.75,4.58
mFRR,45891.0,POS_08_12,2.09,2.58
mFRR,45891.0,POS_12_16,0.49,0.6
mFRR,45891.0,POS_16_20,5.89,6.77
mFRR,45891.0,POS_20_24,7.86,8.9
mFRR,45891.0,NEG_00_04,0.66,1.5
mFRR,45891.0,NEG_04_08,0.98,1.24
mFRR,45891.0,NEG_08_12,14.32,25.32
mFRR,45891.0,NEG_12_16,47.84,64.76
mFRR,45891.0,NEG_16_20,8.97,12.66
mFRR,45891.0,NEG_20_24,0.94,1.19
mFRR,45892.0,POS_00_04,0.85,1.1
mFRR,45892.0,POS_04_08,2.61,3.19
mFRR,45892.0,POS_08_12,1.64,1.89
mFRR,45892.0,POS_12_16,0.37,0.42
mFRR,45892.0,POS_16_20,4.32,4.96
mFRR,45892.0,POS_20_24,6.74,17.82
mFRR,45892.0,NEG_00_04,1.18,1.86
mFRR,45892.0,NEG_04_08,1.69,3.05
mFRR,45892.0,NEG_08_12,32.04,40.54
mFRR,45892.0,NEG_12_16,71.0,82.95
mFRR,45892.0,NEG_16_20,14.87,23.87
mFRR,45892.0,NEG_20_24,1.11,1.8
mFRR,45893.0,POS_00_04,0.72,0.84
mFRR,45893.0,POS_04_08,2.11,2.68
mFRR,45893.0,POS_08_12,1.32,1.77
mFRR,45893.0,POS_12_16,0.25,0.35
mFRR,45893.0,POS_16_20,3.51,4.65
mFRR,45893.0,POS_20_24,8.4,11.21
mFRR,45893.0,NEG_00_04,1.11,1.31
mFRR,45893.0,NEG_04_08,1.88,2.26
mFRR,45893.0,NEG_08_12,36.27,43.04
mFRR,45893.0,NEG_12_16,70.82,81.46
mFRR,45893.0,NEG_16_20,18.67,21.48
mFRR,45893.0,NEG_20_24,1.18,1.39
mFRR,45894.0,POS_00_04,1.18,2.49
mFRR,45894.0,POS_04_08,3.44,4.8
mFRR,45894.0,POS_08_12,12.4,29.0
mFRR,45894.0,POS_12_16,2.07,5.0
mFRR,45894.0,POS_16_20,10.47,17.0
mFRR,45894.0,POS_20_24,27.78,39.79
mFRR,45894.0,NEG_00_04,1.93,3.29
mFRR,45894.0,NEG_04_08,2.74,3.8
mFRR,45894.0,NEG_08_12,41.56,52.78
mFRR,45894.0,NEG_12_16,81.46,103.33
mFRR,45894.0,NEG_16_20,22.78,38.11
mFRR,45894.0,NEG_20_24,1.46,2.64
mFRR,45895.0,POS_00_04,2.32,3.61
mFRR,45895.0,POS_04_08,4.48,6.26
mFRR,45895.0,POS_08_12,7.69,15.43
mFRR,45895.0,POS_12_16,1.65,2.36
mFRR,45895.0,POS_16_20,10.3,13.0
mFRR,45895.0,POS_20_24,22.07,29.5
mFRR,45895.0,NEG_00_04,3.47,5.27
mFRR,45895.0,NEG_04_08,2.2,3.74
mFRR,45895.0,NEG_08_12,22.81,29.23
mFRR,45895.0,NEG_12_16,61.96,73.31
mFRR,45895.0,NEG_16_20,17.39,21.48
mFRR,45895.0,NEG_20_24,1.37,1.6
mFRR,45896.0,POS_00_04,1.63,2.05
mFRR,45896.0,POS_04_08,3.18,3.59
mFRR,45896.0,POS_08_12,8.25,10.61
mFRR,45896.0,POS_12_16,1.45,2.0
mFRR,45896.0,POS_16_20,8.45,9.73
mFRR,45896.0,POS_20_24,18.42,23.0
mFRR,45896.0,NEG_00_04,2.33,3.2
mFRR,45896.0,NEG_04_08,1.95,2.28
mFRR,45896.0,NEG_08_12,18.61,20.4
mFRR,45896.0,NEG_12_16,45.5,49.95
mFRR,45896.0,NEG_16_20,12.31,13.66
mFRR,45896.0,NEG_20_24,1.03,1.25
mFRR,45897.0,POS_00_04,1.29,1.52
mFRR,45897.0,POS_04_08,2.42,2.81
mFRR,45897.0,POS_08_12,5.33,6.88
mFRR,45897.0,POS_12_16,1.27,1.67
mFRR,45897.0,POS_16_20,9.58,18.47
mFRR,45897.0,POS_20_24,17.42,21.47
mFRR,45897.0,NEG_00_04,1.86,2.96
mFRR,45897.0,NEG_04_08,1.58,3.51
mFRR,45897.0,NEG_08_12,8.76,10.0
mFRR,45897.0,NEG_12_16,29.45,32.92
mFRR,45897.0,NEG_16_20,7.37,8.32
mFRR,45897.0,NEG_20_24,0.85,0.92
mFRR,45898.0,POS_00_04,0.97,1.12
mFRR,45898.0,POS_04_08,1.83,2.0
mFRR,45898.0,POS_08_12,3.75,4.57
mFRR,45898.0,POS_12_16,0.89,1.12
mFRR,45898.0,POS_16_20,8.79,11.25
mFRR,45898.0,POS_20_24,13.12,15.69
mFRR,45898.0,NEG_00_04,1.73,1.96
mFRR,45898.0,NEG_04_08,1.85,2.2
mFRR,45898.0,NEG_08_12,7.18,8.0
mFRR,45898.0,NEG_12_16,24.45,29.09
mFRR,45898.0,NEG_16_20,6.86,10.3
mFRR,45898.0,NEG_20_24,0.71,0.97
mFRR,45899.0,POS_00_04,0.8,1.0
mFRR,45899.0,POS_04_08,1.34,1.53
mFRR,45899.0,POS_08_12,2.49,2.85
mFRR,45899.0,POS_12_16,0.66,0.79
mFRR,45899.0,POS_16_20,6.43,7.42
mFRR,45899.0,POS_20_24,10.1,11.5
mFRR,45899.0,NEG_00_04,1.39,1.87
mFRR,45899.0,NEG_04_08,1.75,2.0
mFRR,45899.0,NEG_08_12,17.09,30.76
mFRR,45899.0,NEG_12_16,69.18,104.34
mFRR,45899.0,NEG_16_20,15.06,25.04
mFRR,45899.0,NEG_20_24,0.73,0.9
mFRR,45900.0,POS_00_04,0.66,0.82
mFRR,45900.0,POS_04_08,1.04,1.23
mFRR,45900.0,POS_08_12,1.62,1.98
mFRR,45900.0,POS_12_16,0.48,0.58
mFRR,45900.0,POS_16_20,5.0,5.6
mFRR,45900.0,POS_20_24,7.97,8.94
mFRR,45900.0,NEG_00_04,1.64,2.55
mFRR,45900.0,NEG_04_08,2.42,4.23
mFRR,45900.0,NEG_08_12,50.83,85.0
mFRR,45900.0,NEG_12_16,83.94,96.68
mFRR,45900.0,NEG_16_20,18.02,23.65
mFRR,45900.0,NEG_20_24,0.75,1.25
mFRR,45901.0,POS_00_04,0.86,1.6
mFRR,45901.0,POS_04_08,2.16,3.74
mFRR,45901.0,POS_08_12,4.67,9.0
mFRR,45901.0,POS_12_16,1.06,1.5
mFRR,45901.0,POS_16_20,9.96,12.32
mFRR,45901.0,POS_20_24,13.29,17.1
mFRR,45901.0,NEG_00_04,1.71,2.03
mFRR,45901.0,NEG_04_08,2.21,2.83
mFRR,45901.0,NEG_08_12,23.63,28.24
mFRR,45901.0,NEG_12_16,45.75,58.0
mFRR,45901.0,NEG_16_20,9.89,12.81
mFRR,45901.0,NEG_20_24,0.9,1.1
mFRR,45902.0,POS_00_04,1.11,1.5
mFRR,45902.0,POS_04_08,3.13,4.99
mFRR,45902.0,POS_08_12,6.34,9.0
mFRR,45902.0,POS_12_16,1.05,1.55
mFRR,45902.0,POS_16_20,18.17,28.85
mFRR,45902.0,POS_20_24,20.84,27.9
mFRR,45902.0,NEG_00_04,1.43,1.61
mFRR,45902.0,NEG_04_08,1.68,2.18
mFRR,45902.0,NEG_08_12,13.06,14.38
mFRR,45902.0,NEG_12_16,32.13,38.8
mFRR,45902.0,NEG_16_20,7.25,8.27
mFRR,45902.0,NEG_20_24,0.79,1.1
mFRR,45903.0,POS_00_04,1.09,1.49
mFRR,45903.0,POS_04_08,2.84,3.62
mFRR,45903.0,POS_08_12,5.17,6.88
mFRR,45903.0,POS_12_16,0.88,1.2
mFRR,45903.0,POS_16_20,12.55,18.47
mFRR,45903.0,POS_20_24,13.64,16.85
mFRR,45903.0,NEG_00_04,1.21,1.29
mFRR,45903.0,NEG_04_08,1.63,1.8
mFRR,45903.0,NEG_08_12,19.44,26.54
mFRR,45903.0,NEG_12_16,57.83,77.1
mFRR,45903.0,NEG_16_20,13.61,21.16
mFRR,45903.0,NEG_20_24,1.52,2.61
mFRR,45904.0,POS_00_04,1.0,1.21
mFRR,45904.0,POS_04_08,2.78,3.29
mFRR,45904.0,POS_08_12,4.38,4.99
mFRR,45904.0,POS_12_16,1.55,3.0
mFRR,45904.0,POS_16_20,26.88,55.0
mFRR,45904.0,POS_20_24,18.5,24.75
mFRR,45904.0,NEG_00_04,10.76,30.28
mFRR,45904.0,NEG_04_08,5.17,10.15
mFRR,45904.0,NEG_08_12,27.84,32.2
mFRR,45904.0,NEG_12_16,80.74,93.25
mFRR,45904.0,NEG_16_20,14.92,18.8
mFRR,45904.0,NEG_20_24,1.26,1.58
mFRR,45905.0,POS_00_04,0.79,1.06
mFRR,45905.0,POS_04_08,1.79,2.16
mFRR,45905.0,POS_08_12,6.58,9.77
mFRR,45905.0,POS_12_16,1.19,1.45
mFRR,45905.0,POS_16_20,19.67,25.0
mFRR,45905.0,POS_20_24,12.99,15.57
mFRR,45905.0,NEG_00_04,4.05,5.25
mFRR,45905.0,NEG_04_08,2.64,3.12
mFRR,45905.0,NEG_08_12,14.54,16.01
mFRR,45905.0,NEG_12_16,36.43,40.5
mFRR,45905.0,NEG_16_20,11.06,12.51
mFRR,45905.0,NEG_20_24,1.14,1.28
mFRR,45906.0,POS_00_04,0.72,0.88
mFRR,45906.0,POS_04_08,1.18,1.33
mFRR,45906.0,POS_08_12,2.71,3.53
mFRR,45906.0,POS_12_16,0.75,0.95
mFRR,45906.0,POS_16_20,9.65,13.47
mFRR,45906.0,POS_20_24,7.97,9.32
mFRR,45906.0,NEG_00_04,1.59,1.89
mFRR,45906.0,NEG_04_08,1.2,1.46
mFRR,45906.0,NEG_08_12,23.68,35.2
mFRR,45906.0,NEG_12_16,67.57,89.63
mFRR,45906.0,NEG_16_20,9.35,11.4
mFRR,45906.0,NEG_20_24,0.96,1.2
mFRR,45907.0,POS_00_04,0.5,0.7
mFRR,45907.0,POS_04_08,0.78,0.94
mFRR,45907.0,POS_08_12,1.7,2.04
mFRR,45907.0,POS_12_16,0.47,0.64
mFRR,45907.0,POS_16_20,6.0,8.11
mFRR,45907.0,POS_20_24,4.96,6.01
mFRR,45907.0,NEG_00_04,1.2,1.38
mFRR,45907.0,NEG_04_08,1.69,2.44
mFRR,45907.0,NEG_08_12,42.75,48.0
mFRR,45907.0,NEG_12_16,86.12,103.15
mFRR,45907.0,NEG_16_20,13.22,29.4
mFRR,45907.0,NEG_20_24,1.61,3.89
mFRR,45908.0,POS_00_04,0.72,0.99
mFRR,45908.0,POS_04_08,1.32,1.65
mFRR,45908.0,POS_08_12,4.12,5.34
mFRR,45908.0,POS_12_16,1.1,1.45
mFRR,45908.0,POS_16_20,22.24,52.8
mFRR,45908.0,POS_20_24,13.64,22.9
mFRR,45908.0,NEG_00_04,2.83,13.22
mFRR,45908.0,NEG_04_08,2.08,2.81
mFRR,45908.0,NEG_08_12,17.95,20.6
mFRR,45908.0,NEG_12_16,51.45,70.77
mFRR,45908.0,NEG_16_20,9.68,13.39
mFRR,45908.0,NEG_20_24,1.24,1.49
mFRR,45909.0,POS_00_04,1.06,1.84
mFRR,45909.0,POS_04_08,4.62,13.48
mFRR,45909.0,POS_08_12,4.57,14.57
mFRR,45909.0,POS_12_16,0.99,1.24
mFRR,45909.0,POS_16_20,43.85,84.0
mFRR,45909.0,POS_20_24,22.56,55.0
mFRR,45909.0,NEG_00_04,1.8,2.16
mFRR,45909.0,NEG_04_08,1.21,1.37
mFRR,45909.0,NEG_08_12,11.42,12.32
mFRR,45909.0,NEG_12_16,35.8,40.0
mFRR,45909.0,NEG_16_20,6.99,7.83
mFRR,45909.0,NEG_20_24,1.38,2.27
mFRR,45910.0,POS_00_04,1.51,4.99
mFRR,45910.0,POS_04_08,21.04,39.47
mFRR,45910.0,POS_08_12,14.15,30.4
mFRR,45910.0,POS_12_16,1.88,4.99
mFRR,45910.0,POS_16_20,62.68,79.0
mFRR,45910.0,POS_20_24,32.39,39.47
mFRR,45910.0,NEG_00_04,3.11,9.1
mFRR,45910.0,NEG_04_08,1.02,1.15
mFRR,45910.0,NEG_08_12,9.71,22.0
mFRR,45910.0,NEG_12_16,25.67,30.46
mFRR,45910.0,NEG_16_20,4.92,6.23
mFRR,45910.0,NEG_20_24,1.3,1.7
mFRR,45911.0,POS_00_04,1.97,3.5
mFRR,45911.0,POS_04_08,7.33,11.61
mFRR,45911.0,POS_08_12,10.26,12.1
mFRR,45911.0,POS_12_16,2.17,2.94
mFRR,45911.0,POS_16_20,29.3,34.75
mFRR,45911.0,POS_20_24,20.68,24.12
mFRR,45911.0,NEG_00_04,2.6,3.8
mFRR,45911.0,NEG_04_08,1.39,2.45
mFRR,45911.0,NEG_08_12,24.32,39.0
mFRR,45911.0,NEG_12_16,64.32,97.17
mFRR,45911.0,NEG_16_20,28.49,45.54
mFRR,45911.0,NEG_20_24,1.83,2.67
mFRR,45912.0,POS_00_04,1.88,2.67
mFRR,45912.0,POS_04_08,4.93,6.42
mFRR,45912.0,POS_08_12,9.02,12.25
mFRR,45912.0,POS_12_16,1.59,1.88
mFRR,45912.0,POS_16_20,27.39,37.56
mFRR,45912.0,POS_20_24,16.53,18.55
mFRR,45912.0,NEG_00_04,8.01,18.95
mFRR,45912.0,NEG_04_08,2.92,4.7
mFRR,45912.0,NEG_08_12,26.25,38.92
mFRR,45912.0,NEG_12_16,81.17,101.14
mFRR,45912.0,NEG_16_20,24.67,33.86
mFRR,45912.0,NEG_20_24,1.95,2.39
mFRR,45913.0,POS_00_04,1.58,2.12
mFRR,45913.0,POS_04_08,3.39,3.87
mFRR,45913.0,POS_08_12,5.19,6.2
mFRR,45913.0,POS_12_16,1.06,1.29
mFRR,45913.0,POS_16_20,18.19,21.1
mFRR,45913.0,POS_20_24,12.0,13.77
mFRR,45913.0,NEG_00_04,4.19,5.51
mFRR,45913.0,NEG_04_08,2.48,3.05
mFRR,45913.0,NEG_08_12,29.95,39.7
mFRR,45913.0,NEG_12_16,82.15,91.5
mFRR,45913.0,NEG_16_20,19.81,23.51
mFRR,45913.0,NEG_20_24,1.86,2.23
mFRR,45914.0,POS_00_04,1.28,1.6
mFRR,45914.0,POS_04_08,2.39,3.11
mFRR,45914.0,POS_08_12,3.37,3.94
mFRR,45914.0,POS_12_16,0.8,0.9
mFRR,45914.0,POS_16_20,12.32,13.9
mFRR,45914.0,POS_20_24,9.28,11.46
mFRR,45914.0,NEG_00_04,2.68,3.29
mFRR,45914.0,NEG_04_08,2.09,2.33
mFRR,45914.0,NEG_08_12,27.8,30.0
mFRR,45914.0,NEG_12_16,76.63,84.2
mFRR,45914.0,NEG_16_20,15.42,17.0
mFRR,45914.0,NEG_20_24,1.98,2.45
mFRR,45915.0,POS_00_04,1.18,1.7
mFRR,45915.0,POS_04_08,2.54,3.3
mFRR,45915.0,POS_08_12,4.83,7.33
mFRR,45915.0,POS_12_16,1.07,2.25
mFRR,45915.0,POS_16_20,16.25,28.72
mFRR,45915.0,POS_20_24,11.15,14.25
mFRR,45915.0,NEG_00_04,14.45,29.98
mFRR,45915.0,NEG_04_08,19.63,51.0
mFRR,45915.0,NEG_08_12,41.2,72.0
mFRR,45915.0,NEG_12_16,95.87,148.79
mFRR,45915.0,NEG_16_20,36.36,71.94
mFRR,45915.0,NEG_20_24,3.65,7.42
mFRR,45916.0,POS_00_04,1.11,1.29
mFRR,45916.0,POS_04_08,2.65,2.98
mFRR,45916.0,POS_08_12,18.31,48.88
mFRR,45916.0,POS_12_16,3.8,11.95
mFRR,45916.0,POS_16_20,16.73,19.87
mFRR,45916.0,POS_20_24,10.22,13.0
mFRR,45916.0,NEG_00_04,26.22,56.5
mFRR,45916.0,NEG_04_08,19.96,33.99
mFRR,45916.0,NEG_08_12,77.15,97.0
mFRR,45916.0,NEG_12_16,114.05,134.86
mFRR,45916.0,NEG_16_20,63.25,75.0
mFRR,45916.0,NEG_20_24,11.32,29.75
mFRR,45917.0,POS_00_04,0.7,0.91
mFRR,45917.0,POS_04_08,2.22,2.7
mFRR,45917.0,POS_08_12,11.33,17.87
mFRR,45917.0,POS_12_16,2.36,3.23
mFRR,45917.0,POS_16_20,13.33,14.97
mFRR,45917.0,POS_20_24,9.22,10.76
mFRR,45917.0,NEG_00_04,24.54,42.26
mFRR,45917.0,NEG_04_08,12.68,19.37
mFRR,45917.0,NEG_08_12,33.39,40.71
mFRR,45917.0,NEG_12_16,73.49,93.53
mFRR,45917.0,NEG_16_20,26.35,34.0
mFRR,45917.0,NEG_20_24,6.45,8.25
mFRR,45918.0,POS_00_04,0.58,0.73
mFRR,45918.0,POS_04_08,1.9,2.37
mFRR,45918.0,POS_08_12,8.49,9.85
mFRR,45918.0,POS_12_16,1.68,2.04
mFRR,45918.0,POS_16_20,21.91,43.0
mFRR,45918.0,POS_20_24,7.45,9.15
mFRR,45918.0,NEG_00_04,24.08,37.8
mFRR,45918.0,NEG_04_08,15.25,20.39
mFRR,45918.0,NEG_08_12,26.0,31.3
mFRR,45918.0,NEG_12_16,77.22,102.44
mFRR,45918.0,NEG_16_20,18.52,21.8
mFRR,45918.0,NEG_20_24,5.09,5.8
mFRR,45919.0,POS_00_04,0.47,0.58
mFRR,45919.0,POS_04_08,1.59,2.13
mFRR,45919.0,POS_08_12,5.54,6.47
mFRR,45919.0,POS_12_16,1.1,1.33
mFRR,45919.0,POS_16_20,15.8,21.16
mFRR,45919.0,POS_20_24,7.01,8.83
mFRR,45919.0,NEG_00_04,18.02,22.69
mFRR,45919.0,NEG_04_08,8.93,10.6
mFRR,45919.0,NEG_08_12,58.19,77.65
mFRR,45919.0,NEG_12_16,82.4,95.15
mFRR,45919.0,NEG_16_20,14.56,17.0
mFRR,45919.0,NEG_20_24,2.8,3.4
mFRR,45920.0,POS_00_04,0.47,0.68
mFRR,45920.0,POS_04_08,1.38,1.64
mFRR,45920.0,POS_08_12,3.56,4.23
mFRR,45920.0,POS_12_16,0.79,0.91
mFRR,45920.0,POS_16_20,11.65,15.0
mFRR,45920.0,POS_20_24,6.09,7.01
mFRR,45920.0,NEG_00_04,7.77,9.1
mFRR,45920.0,NEG_04_08,6.24,6.89
mFRR,45920.0,NEG_08_12,42.75,52.4
mFRR,45920.0,NEG_12_16,72.92,82.34
mFRR,45920.0,NEG_16_20,11.37,13.28
mFRR,45920.0,NEG_20_24,2.25,2.74
mFRR,45921.0,POS_00_04,0.41,0.69
mFRR,45921.0,POS_04_08,0.9,1.05
mFRR,45921.0,POS_08_12,2.05,2.54
mFRR,45921.0,POS_12_16,0.48,0.56
mFRR,45921.0,POS_16_20,7.42,9.7
mFRR,45921.0,POS_20_24,4.15,5.21
mFRR,45921.0,NEG_00_04,11.96,23.65
mFRR,45921.0,NEG_04_08,11.85,25.27
mFRR,45921.0,NEG_08_12,38.35,48.67
mFRR,45921.0,NEG_12_16,59.72,71.0
mFRR,45921.0,NEG_16_20,11.4,14.09
mFRR,45921.0,NEG_20_24,2.77,6.38
mFRR,45922.0,POS_00_04,0.6,1.06
mFRR,45922.0,POS_04_08,1.76,2.99
mFRR,45922.0,POS_08_12,5.78,11.99
mFRR,45922.0,POS_12_16,1.07,1.99
mFRR,45922.0,POS_16_20,16.21,22.99
mFRR,45922.0,POS_20_24,7.8,12.4
mFRR,45922.0,NEG_00_04,13.5,20.76
mFRR,45922.0,NEG_04_08,10.53,15.0
mFRR,45922.0,NEG_08_12,22.84,27.01
mFRR,45922.0,NEG_12_16,43.36,48.42
mFRR,45922.0,NEG_16_20,16.52,27.01
mFRR,45922.0,NEG_20_24,4.27,6.22
mFRR,45923.0,POS_00_04,1.02,3.48
mFRR,45923.0,POS_04_08,5.19,11.99
mFRR,45923.0,POS_08_12,23.64,42.44
mFRR,45923.0,POS_12_16,5.0,8.0
mFRR,45923.0,POS_16_20,20.62,25.75
mFRR,45923.0,POS_20_24,9.45,11.0
mFRR,45923.0,NEG_00_04,5.38,7.01
mFRR,45923.0,NEG_04_08,4.55,5.24
mFRR,45923.0,NEG_08_12,25.2,27.0
mFRR,45923.0,NEG_12_16,45.7,54.0
mFRR,45923.0,NEG_16_20,9.34,11.39
mFRR,45923.0,NEG_20_24,2.55,3.4
mFRR,45924.0,POS_00_04,1.5,2.6
mFRR,45924.0,POS_04_08,5.65,7.42
mFRR,45924.0,POS_08_12,14.33,17.87
mFRR,45924.0,POS_12_16,3.16,4.36
mFRR,45924.0,POS_16_20,21.72,29.0
mFRR,45924.0,POS_20_24,6.96,8.42
mFRR,45924.0,NEG_00_04,3.52,3.9
mFRR,45924.0,NEG_04_08,3.75,3.97
mFRR,45924.0,NEG_08_12,30.08,43.35
mFRR,45924.0,NEG_12_16,60.45,78.6
mFRR,45924.0,NEG_16_20,18.6,26.72
mFRR,45924.0,NEG_20_24,3.44,8.0
mFRR,45925.0,POS_00_04,1.49,1.94
mFRR,45925.0,POS_04_08,3.64,4.61
mFRR,45925.0,POS_08_12,8.86,11.27
mFRR,45925.0,POS_12_16,1.87,2.38
mFRR,45925.0,POS_16_20,12.52,15.0
mFRR,45925.0,POS_20_24,6.05,7.12
mFRR,45925.0,NEG_00_04,7.75,18.04
mFRR,45925.0,NEG_04_08,6.42,11.25
mFRR,45925.0,NEG_08_12,24.27,27.84
mFRR,45925.0,NEG_12_16,59.75,71.54
mFRR,45925.0,NEG_16_20,14.18,16.34
mFRR,45925.0,NEG_20_24,3.52,4.34
mFRR,45926.0,POS_00_04,1.11,1.4
mFRR,45926.0,POS_04_08,2.51,3.35
mFRR,45926.0,POS_08_12,5.37,6.32
mFRR,45926.0,POS_12_16,1.06,1.24
mFRR,45926.0,POS_16_20,7.48,8.64
mFRR,45926.0,POS_20_24,4.37,5.22
mFRR,45926.0,NEG_00_04,7.4,9.87
mFRR,45926.0,NEG_04_08,4.26,4.96
mFRR,45926.0,NEG_08_12,15.41,18.88
mFRR,45926.0,NEG_12_16,39.19,45.16
mFRR,45926.0,NEG_16_20,8.49,10.2
mFRR,45926.0,NEG_20_24,2.56,3.05
mFRR,45927.0,POS_00_04,0.82,1.1
mFRR,45927.0,POS_04_08,1.8,2.1
mFRR,45927.0,POS_08_12,3.12,3.81
mFRR,45927.0,POS_12_16,0.7,0.83
mFRR,45927.0,POS_16_20,4.57,5.59
mFRR,45927.0,POS_20_24,3.54,4.63
mFRR,45927.0,NEG_00_04,4.86,5.28
mFRR,45927.0,NEG_04_08,2.99,3.2
mFRR,45927.0,NEG_08_12,12.06,13.58
mFRR,45927.0,NEG_12_16,34.09,42.45
mFRR,45927.0,NEG_16_20,6.44,8.08
mFRR,45927.0,NEG_20_24,1.93,2.1
mFRR,45928.0,POS_00_04,0.56,0.69
mFRR,45928.0,POS_04_08,1.18,1.49
mFRR,45928.0,POS_08_12,1.8,2.5
mFRR,45928.0,POS_12_16,0.44,0.54
mFRR,45928.0,POS_16_20,2.97,3.9
mFRR,45928.0,POS_20_24,2.55,3.15
mFRR,45928.0,NEG_00_04,2.47,3.11
mFRR,45928.0,NEG_04_08,1.93,2.15
mFRR,45928.0,NEG_08_12,14.74,31.55
mFRR,45928.0,NEG_12_16,63.85,99.46
mFRR,45928.0,NEG_16_20,5.51,6.1
mFRR,45928.0,NEG_20_24,1.36,1.53
mFRR,45929.0,POS_00_04,0.91,1.26
mFRR,45929.0,POS_04_08,6.51,19.7
mFRR,45929.0,POS_08_12,10.2,24.4
mFRR,45929.0,POS_12_16,1.66,2.93
mFRR,45929.0,POS_16_20,32.52,77.78
mFRR,45929.0,POS_20_24,11.29,28.0
mFRR,45929.0,NEG_00_04,2.26,2.73
mFRR,45929.0,NEG_04_08,1.54,1.64
mFRR,45929.0,NEG_08_12,11.02,14.44
mFRR,45929.0,NEG_12_16,39.5,47.67
mFRR,45929.0,NEG_16_20,3.43,3.6
mFRR,45929.0,NEG_20_24,0.99,1.04
mFRR,45930.0,POS_00_04,0.9,1.12
mFRR,45930.0,POS_04_08,8.46,12.0
mFRR,45930.0,POS_08_12,16.74,27.16
mFRR,45930.0,POS_12_16,1.59,1.95
mFRR,45930.0,POS_16_20,33.25,50.93
mFRR,45930.0,POS_20_24,11.83,16.65
mFRR,45930.0,NEG_00_04,1.87,2.5
mFRR,45930.0,NEG_04_08,1.03,1.33
mFRR,45930.0,NEG_08_12,8.47,10.4
mFRR,45930.0,NEG_12_16,28.37,35.14
mFRR,45930.0,NEG_16_20,2.45,2.98
mFRR,45930.0,NEG_20_24,0.75,0.82
mFRR,45931.0,POS_00_04,1.48,3.44
mFRR,45931.0,POS_04_08,9.71,13.9
mFRR,45931.0,POS_08_12,13.26,18.67
mFRR,45931.0,POS_12_16,1.37,1.7
mFRR,45931.0,POS_16_20,51.27,94.0
mFRR,45931.0,POS_20_24,13.68,16.9
mFRR,45931.0,NEG_00_04,1.71,2.0
mFRR,45931.0,NEG_04_08,0.83,1.03
mFRR,45931.0,NEG_08_12,7.06,8.15
mFRR,45931.0,NEG_12_16,24.41,28.54
mFRR,45931.0,NEG_16_20,1.46,2.0
mFRR,45931.0,NEG_20_24,0.58,0.65
mFRR,45932.0,POS_00_04,1.36,1.7
mFRR,45932.0,POS_04_08,9.0,11.8
mFRR,45932.0,POS_08_12,10.09,12.0
mFRR,45932.0,POS_12_16,1.02,1.21
mFRR,45932.0,POS_16_20,42.08,50.0
mFRR,45932.0,POS_20_24,9.66,11.62
mFRR,45932.0,NEG_00_04,1.49,1.65
mFRR,45932.0,NEG_04_08,0.79,1.01
mFRR,45932.0,NEG_08_12,6.18,7.59
mFRR,45932.0,NEG_12_16,22.19,26.34
mFRR,45932.0,NEG_16_20,1.73,2.35
mFRR,45932.0,NEG_20_24,1.61,4.51
mFRR,45933.0,POS_00_04,0.99,1.2
mFRR,45933.0,POS_04_08,5.65,6.46
mFRR,45933.0,POS_08_12,5.83,7.36
mFRR,45933.0,POS_12_16,0.69,0.83
mFRR,45933.0,POS_16_20,19.09,21.99
mFRR,45933.0,POS_20_24,6.12,7.27
mFRR,45933.0,NEG_00_04,1.58,2.0
mFRR,45933.0,NEG_04_08,1.38,1.98
mFRR,45933.0,NEG_08_12,13.97,21.64
mFRR,45933.0,NEG_12_16,37.63,48.92
mFRR,45933.0,NEG_16_20,4.9,8.22
mFRR,45933.0,NEG_20_24,4.85,8.27
mFRR,45934.0,POS_00_04,0.74,1.08
mFRR,45934.0,POS_04_08,2.8,3.75
mFRR,45934.0,POS_08_12,3.1,3.75
mFRR,45934.0,POS_12_16,0.46,0.61
mFRR,45934.0,POS_16_20,9.4,12.25
mFRR,45934.0,POS_20_24,3.88,4.75
mFRR,45934.0,NEG_00_04,6.58,7.45
mFRR,45934.0,NEG_04_08,7.75,12.7
mFRR,45934.0,NEG_08_12,13.76,15.98
mFRR,45934.0,NEG_12_16,34.74,38.24
mFRR,45934.0,NEG_16_20,8.94,12.0
mFRR,45934.0,NEG_20_24,7.64,11.65
mFRR,45935.0,POS_00_04,0.54,0.69
mFRR,45935.0,POS_04_08,1.92,2.29
mFRR,45935.0,POS_08_12,2.31,2.7
mFRR,45935.0,POS_12_16,0.37,0.5
mFRR,45935.0,POS_16_20,6.55,8.23
mFRR,45935.0,POS_20_24,3.07,4.04
mFRR,45935.0,NEG_00_04,7.79,11.56
mFRR,45935.0,NEG_04_08,7.21,10.23
mFRR,45935.0,NEG_08_12,13.43,19.16
mFRR,45935.0,NEG_12_16,36.99,80.85
mFRR,45935.0,NEG_16_20,9.17,17.34
mFRR,45935.0,NEG_20_24,5.29,7.02
mFRR,45936.0,POS_00_04,0.76,1.0
mFRR,45936.0,POS_04_08,3.21,4.38
mFRR,45936.0,POS_08_12,10.29,18.0
mFRR,45936.0,POS_12_16,1.63,6.0
mFRR,45936.0,POS_16_20,20.23,27.06
mFRR,45936.0,POS_20_24,6.31,8.09
mFRR,45936.0,NEG_00_04,8.27,15.0
mFRR,45936.0,NEG_04_08,10.0,19.0
mFRR,45936.0,NEG_08_12,10.91,12.36
mFRR,45936.0,NEG_12_16,34.38,37.98
mFRR,45936.0,NEG_16_20,6.75,7.7
mFRR,45936.0,NEG_20_24,2.7,3.2
mFRR,45937.0,POS_00_04,0.99,1.5
mFRR,45937.0,POS_04_08,10.28,50.0
mFRR,45937.0,POS_08_12,11.91,17.44
mFRR,45937.0,POS_12_16,2.06,3.1
mFRR,45937.0,POS_16_20,41.61,58.75
mFRR,45937.0,POS_20_24,6.69,8.3
mFRR,45937.0,NEG_00_04,4.85,6.01
mFRR,45937.0,NEG_04_08,6.0,7.31
mFRR,45937.0,NEG_08_12,6.28,7.3
mFRR,45937.0,NEG_12_16,20.75,22.77
mFRR,45937.0,NEG_16_20,3.43,4.13
mFRR,45937.0,NEG_20_24,1.72,2.03
mFRR,45938.0,POS_00_04,0.95,1.11
mFRR,45938.0,POS_04_08,16.46,22.5
mFRR,45938.0,POS_08_12,25.23,42.0
mFRR,45938.0,POS_12_16,1.76,2.0
mFRR,45938.0,POS_16_20,43.44,55.75
mFRR,45938.0,POS_20_24,7.31,9.0
mFRR,45938.0,NEG_00_04,3.1,3.56
mFRR,45938.0,NEG_04_08,3.36,3.72
mFRR,45938.0,NEG_08_12,7.73,12.1
mFRR,45938.0,NEG_12_16,15.26,19.8
mFRR,45938.0,NEG_16_20,2.29,2.57
mFRR,45938.0,NEG_20_24,1.18,1.37
mFRR,45939.0,POS_00_04,0.66,0.75
mFRR,45939.0,POS_04_08,11.5,15.48
mFRR,45939.0,POS_08_12,17.19,22.0
mFRR,45939.0,POS_12_16,1.0,1.25
mFRR,45939.0,POS_16_20,24.48,28.29
mFRR,45939.0,POS_20_24,5.4,6.73
mFRR,45939.0,NEG_00_04,2.15,2.41
mFRR,45939.0,NEG_04_08,2.27,2.6
mFRR,45939.0,NEG_08_12,6.81,8.14
mFRR,45939.0,NEG_12_16,19.59,24.23
mFRR,45939.0,NEG_16_20,2.52,3.01
mFRR,45939.0,NEG_20_24,1.21,1.8
mFRR,45940.0,POS_00_04,0.47,0.56
mFRR,45940.0,POS_04_08,7.25,8.6
mFRR,45940.0,POS_08_12,9.22,11.0
mFRR,45940.0,POS_12_16,0.67,0.82
mFRR,45940.0,POS_16_20,14.11,17.99
mFRR,45940.0,POS_20_24,3.93,4.9
mFRR,45940.0,NEG_00_04,2.37,3.03
mFRR,45940.0,NEG_04_08,1.89,2.25
mFRR,45940.0,NEG_08_12,6.37,8.42
mFRR,45940.0,NEG_12_16,19.62,26.19
mFRR,45940.0,NEG_16_20,2.04,2.52
mFRR,45940.0,NEG_20_24,1.16,1.33
mFRR,45941.0,POS_00_04,0.34,0.4
mFRR,45941.0,POS_04_08,3.74,4.34
mFRR,45941.0,POS_08_12,4.2,4.9
mFRR,45941.0,POS_12_16,0.42,0.48
mFRR,45941.0,POS_16_20,8.22,9.5
mFRR,45941.0,POS_20_24,2.74,3.31
mFRR,45941.0,NEG_00_04,1.96,2.34
mFRR,45941.0,NEG_04_08,1.8,2.14
mFRR,45941.0,NEG_08_12,6.29,7.67
mFRR,45941.0,NEG_12_16,27.08,47.67
mFRR,45941.0,NEG_16_20,1.73,1.98
mFRR,45941.0,NEG_20_24,1.06,1.2
mFRR,45942.0,POS_00_04,0.24,0.3
mFRR,45942.0,POS_04_08,1.97,2.69
mFRR,45942.0,POS_08_12,2.44,3.13
mFRR,45942.0,POS_12_16,0.26,0.31
mFRR,45942.0,POS_16_20,4.7,5.7
mFRR,45942.0,POS_20_24,1.94,2.37
mFRR,45942.0,NEG_00_04,1.52,1.75
mFRR,45942.0,NEG_04_08,1.79,2.25
mFRR,45942.0,NEG_08_12,6.27,9.91
mFRR,45942.0,NEG_12_16,25.92,28.34
mFRR,45942.0,NEG_16_20,1.34,1.55
mFRR,45942.0,NEG_20_24,0.93,1.12
mFRR,45943.0,POS_00_04,0.45,0.94
mFRR,45943.0,POS_04_08,10.31,22.6
mFRR,45943.0,POS_08_12,15.84,31.8
mFRR,45943.0,POS_12_16,1.64,3.3
mFRR,45943.0,POS_16_20,51.45,84.0
mFRR,45943.0,POS_20_24,6.1,9.35
mFRR,45943.0,NEG_00_04,1.21,1.34
mFRR,45943.0,NEG_04_08,1.32,1.58
mFRR,45943.0,NEG_08_12,4.54,5.1
mFRR,45943.0,NEG_12_16,17.1,18.4
mFRR,45943.0,NEG_16_20,1.01,1.16
mFRR,45943.0,NEG_20_24,0.7,0.82
mFRR,45944.0,POS_00_04,0.75,0.97
mFRR,45944.0,POS_04_08,9.9,11.86
mFRR,45944.0,POS_08_12,11.93,13.8
mFRR,45944.0,POS_12_16,1.29,1.7
mFRR,45944.0,POS_16_20,45.19,52.48
mFRR,45944.0,POS_20_24,5.97,7.55
mFRR,45944.0,NEG_00_04,0.87,0.95
mFRR,45944.0,NEG_04_08,0.87,1.15
mFRR,45944.0,NEG_08_12,5.39,7.2
mFRR,45944.0,NEG_12_16,16.3,19.11
mFRR,45944.0,NEG_16_20,0.81,0.89
mFRR,45944.0,NEG_20_24,0.56,0.62
mFRR,45945.0,POS_00_04,0.64,0.74
mFRR,45945.0,POS_04_08,9.67,12.76
mFRR,45945.0,POS_08_12,8.53,9.9
mFRR,45945.0,POS_12_16,0.9,1.12
mFRR,45945.0,POS_16_20,39.33,59.0
mFRR,45945.0,POS_20_24,5.46,6.5
mFRR,45945.0,NEG_00_04,0.44,0.54
mFRR,45945.0,NEG_04_08,0.66,0.81
mFRR,45945.0,NEG_08_12,3.74,4.25
mFRR,45945.0,NEG_12_16,11.53,13.12
mFRR,45945.0,NEG_16_20,0.56,0.66
mFRR,45945.0,NEG_20_24,0.44,0.49
mFRR,45946.0,POS_00_04,0.47,0.56
mFRR,45946.0,POS_04_08,6.06,7.2
mFRR,45946.0,POS_08_12,5.87,6.51
mFRR,45946.0,POS_12_16,0.69,1.21
mFRR,45946.0,POS_16_20,21.74,27.47
mFRR,45946.0,POS_20_24,3.89,4.43
mFRR,45946.0,NEG_00_04,0.51,0.89
mFRR,45946.0,NEG_04_08,0.6,0.8
mFRR,45946.0,NEG_08_12,3.68,4.27
mFRR,45946.0,NEG_12_16,8.08,9.8
mFRR,45946.0,NEG_16_20,0.43,0.57
mFRR,45946.0,NEG_20_24,0.34,0.4
mFRR,45947.0,POS_00_04,0.39,0.42
mFRR,45947.0,POS_04_08,3.96,4.47
mFRR,45947.0,POS_08_12,3.54,4.0
mFRR,45947.0,POS_12_16,0.55,0.91
mFRR,45947.0,POS_16_20,13.26,14.46
mFRR,45947.0,POS_20_24,2.63,2.91
mFRR,45947.0,NEG_00_04,0.54,0.63
mFRR,45947.0,NEG_04_08,0.51,0.61
mFRR,45947.0,NEG_08_12,2.42,3.06
mFRR,45947.0,NEG_12_16,6.13,6.78
mFRR,45947.0,NEG_16_20,0.39,0.48
mFRR,45947.0,NEG_20_24,0.33,0.43
mFRR,45948.0,POS_00_04,0.32,0.37
mFRR,45948.0,POS_04_08,2.42,2.63
mFRR,45948.0,POS_08_12,1.92,2.34
mFRR,45948.0,POS_12_16,0.45,0.56
mFRR,45948.0,POS_16_20,7.71,8.39
mFRR,45948.0,POS_20_24,1.81,2.11
mFRR,45948.0,NEG_00_04,0.43,0.53
mFRR,45948.0,NEG_04_08,0.5,0.69
mFRR,45948.0,NEG_08_12,2.13,3.65
mFRR,45948.0,NEG_12_16,6.3,9.5
mFRR,45948.0,NEG_16_20,0.39,0.53
mFRR,45948.0,NEG_20_24,0.39,0.5
mFRR,45949.0,POS_00_04,0.22,0.28
mFRR,45949.0,POS_04_08,1.53,1.85
mFRR,45949.0,POS_08_12,1.22,1.5
mFRR,45949.0,POS_12_16,0.32,0.4
mFRR,45949.0,POS_16_20,4.22,5.4
mFRR,45949.0,POS_20_24,1.21,1.5
mFRR,45949.0,NEG_00_04,0.57,0.76
mFRR,45949.0,NEG_04_08,0.68,0.79
mFRR,45949.0,NEG_08_12,3.32,4.3
mFRR,45949.0,NEG_12_16,13.91,23.02
mFRR,45949.0,NEG_16_20,0.82,1.13
mFRR,45949.0,NEG_20_24,2.28,5.46
mFRR,45950.0,POS_00_04,0.32,0.65
mFRR,45950.0,POS_04_08,3.09,6.02
mFRR,45950.0,POS_08_12,8.04,14.0
mFRR,45950.0,POS_12_16,1.18,2.43
mFRR,45950.0,POS_16_20,14.98,29.0
mFRR,45950.0,POS_20_24,2.45,4.2
mFRR,45950.0,NEG_00_04,8.92,30.35
mFRR,45950.0,NEG_04_08,5.42,12.0
mFRR,45950.0,NEG_08_12,7.77,14.9
mFRR,45950.0,NEG_12_16,21.96,29.4
mFRR,45950.0,NEG_16_20,1.69,2.68
mFRR,45950.0,NEG_20_24,3.52,6.1
mFRR,45951.0,POS_00_04,0.37,0.48
mFRR,45951.0,POS_04_08,3.13,4.32
mFRR,45951.0,POS_08_12,6.42,7.95
mFRR,45951.0,POS_12_16,1.11,1.46
mFRR,45951.0,POS_16_20,14.65,17.0
mFRR,45951.0,POS_20_24,2.47,3.0
mFRR,45951.0,NEG_00_04,17.59,30.0
mFRR,45951.0,NEG_04_08,12.14,15.6
mFRR,45951.0,NEG_08_12,10.6,18.37
mFRR,45951.0,NEG_12_16,25.46,38.0
mFRR,45951.0,NEG_16_20,1.33,1.77
mFRR,45951.0,NEG_20_24,3.11,5.05
mFRR,45952.0,POS_00_04,0.33,0.41
mFRR,45952.0,POS_04_08,3.28,3.95
mFRR,45952.0,POS_08_12,5.35,8.75
mFRR,45952.0,POS_12_16,1.15,2.0
mFRR,45952.0,POS_16_20,35.06,80.66
mFRR,45952.0,POS_20_24,4.5,6.53
mFRR,45952.0,NEG_00_04,12.54,16.36
mFRR,45952.0,NEG_04_08,6.3,8.0
mFRR,45952.0,NEG_08_12,5.64,6.91
mFRR,45952.0,NEG_12_16,12.98,15.24
mFRR,45952.0,NEG_16_20,0.81,0.97
mFRR,45952.0,NEG_20_24,1.97,2.6
mFRR,45953.0,POS_00_04,0.43,0.94
mFRR,45953.0,POS_04_08,2.81,3.12
mFRR,45953.0,POS_08_12,4.9,5.92
mFRR,45953.0,POS_12_16,2.03,4.34
mFRR,45953.0,POS_16_20,21.42,24.63
mFRR,45953.0,POS_20_24,3.3,3.77
mFRR,45953.0,NEG_00_04,5.8,6.62
mFRR,45953.0,NEG_04_08,5.6,6.68
mFRR,45953.0,NEG_08_12,7.68,10.0
mFRR,45953.0,NEG_12_16,20.74,32.0
mFRR,45953.0,NEG_16_20,2.18,8.0
mFRR,45953.0,NEG_20_24,5.86,10.67
mFRR,45954.0,POS_00_04,0.38,0.47
mFRR,45954.0,POS_04_08,1.84,2.25
mFRR,45954.0,POS_08_12,2.69,3.44
mFRR,45954.0,POS_12_16,1.23,1.7
mFRR,45954.0,POS_16_20,11.1,13.84
mFRR,45954.0,POS_20_24,2.0,2.3
mFRR,45954.0,NEG_00_04,11.2,24.0
mFRR,45954.0,NEG_04_08,7.19,12.0
mFRR,45954.0,NEG_08_12,4.67,6.05
mFRR,45954.0,NEG_12_16,19.67,23.64
mFRR,45954.0,NEG_16_20,6.24,13.57
mFRR,45954.0,NEG_20_24,5.61,7.8
mFRR,45955.0,POS_00_04,0.28,0.33
mFRR,45955.0,POS_04_08,1.39,1.58
mFRR,45955.0,POS_08_12,1.68,1.92
mFRR,45955.0,POS_12_16,0.82,0.97
mFRR,45955.0,POS_16_20,7.99,8.7
mFRR,45955.0,POS_20_24,1.89,2.34
mFRR,45955.0,NEG_00_04,10.05,13.2
mFRR,45955.0,NEG_04_08,7.84,9.47
mFRR,45955.0,NEG_08_12,4.53,6.0
mFRR,45955.0,NEG_12_16,15.95,19.3
mFRR,45955.0,NEG_16_20,5.21,6.71
mFRR,45955.0,NEG_20_24,4.48,4.8
mFRR,45956.0,POS_00_04,0.22,0.27
mFRR,45956.0,POS_04_08,0.99,1.14
mFRR,45956.0,POS_08_12,1.13,1.41
mFRR,45956.0,POS_12_16,0.55,0.7
mFRR,45956.0,POS_16_20,4.96,5.5
mFRR,45956.0,POS_20_24,1.43,1.7
mFRR,45956.0,NEG_00_04,9.11,10.5
mFRR,45956.0,NEG_04_08,7.15,7.76
mFRR,45956.0,NEG_08_12,4.25,8.29
mFRR,45956.0,NEG_12_16,14.17,16.7
mFRR,45956.0,NEG_16_20,5.65,7.63
mFRR,45956.0,NEG_20_24,5.27,9.0
mFRR,45957.0,POS_00_04,0.37,0.56
mFRR,45957.0,POS_04_08,2.24,3.59
mFRR,45957.0,POS_08_12,4.75,7.29
mFRR,45957.0,POS_12_16,1.3,1.8
mFRR,45957.0,POS_16_20,11.39,13.9
mFRR,45957.0,POS_20_24,3.06,4.43
mFRR,45957.0,NEG_00_04,9.62,14.46
mFRR,45957.0,NEG_04_08,9.14,26.41
mFRR,45957.0,NEG_08_12,4.35,5.1
mFRR,45957.0,NEG_12_16,12.06,14.56
mFRR,45957.0,NEG_16_20,3.45,4.84
mFRR,45957.0,NEG_20_24,4.23,10.59
mFRR,45958.0,POS_00_04,0.33,0.43
mFRR,45958.0,POS_04_08,1.95,2.46
mFRR,45958.0,POS_08_12,3.41,4.2
mFRR,45958.0,POS_12_16,0.91,1.1
mFRR,45958.0,POS_16_20,9.11,10.45
mFRR,45958.0,POS_20_24,2.36,3.23
mFRR,45958.0,NEG_00_04,17.3,43.34
mFRR,45958.0,NEG_04_08,17.75,30.0
mFRR,45958.0,NEG_08_12,4.01,4.85
mFRR,45958.0,NEG_12_16,10.84,12.38
mFRR,45958.0,NEG_16_20,3.17,4.73
mFRR,45958.0,NEG_20_24,5.07,7.55
mFRR,45959.0,POS_00_04,0.31,0.36
mFRR,45959.0,POS_04_08,1.7,1.9
mFRR,45959.0,POS_08_12,2.49,2.81
mFRR,45959.0,POS_12_16,0.69,0.95
mFRR,45959.0,POS_16_20,7.96,8.68
mFRR,45959.0,POS_20_24,2.13,2.42
mFRR,45959.0,NEG_00_04,11.48,14.0
mFRR,45959.0,NEG_04_08,9.79,12.05
mFRR,45959.0,NEG_08_12,3.26,4.03
mFRR,45959.0,NEG_12_16,8.0,9.0
mFRR,45959.0,NEG_16_20,2.72,3.47
mFRR,45959.0,NEG_20_24,3.68,4.33
mFRR,45960.0,POS_00_04,0.31,0.39
mFRR,45960.0,POS_04_08,1.44,1.6
mFRR,45960.0,POS_08_12,1.73,1.9
mFRR,45960.0,POS_12_16,0.62,1.0
mFRR,45960.0,POS_16_20,6.44,6.9
mFRR,45960.0,POS_20_24,1.8,2.0
mFRR,45960.0,NEG_00_04,7.45,8.57
mFRR,45960.0,NEG_04_08,7.77,9.1
mFRR,45960.0,NEG_08_12,8.47,28.03
mFRR,45960.0,NEG_12_16,12.51,30.2
mFRR,45960.0,NEG_16_20,1.96,2.09
mFRR,45960.0,NEG_20_24,2.44,2.66
mFRR,45961.0,POS_00_04,0.24,0.3
mFRR,45961.0,POS_04_08,1.08,1.22
mFRR,45961.0,POS_08_12,1.2,1.36
mFRR,45961.0,POS_12_16,0.56,0.74
mFRR,45961.0,POS_16_20,4.69,5.4
mFRR,45961.0,POS_20_24,1.24,1.45
mFRR,45961.0,NEG_00_04,4.62,4.87
mFRR,45961.0,NEG_04_08,4.47,4.71
mFRR,45961.0,NEG_08_12,6.75,8.0
mFRR,45961.0,NEG_12_16,10.66,12.08
mFRR,45961.0,NEG_16_20,1.35,1.52
mFRR,45961.0,NEG_20_24,1.65,1.9
mFRR,45962.0,POS_00_04,0.23,0.27
mFRR,45962.0,POS_04_08,0.78,0.91
mFRR,45962.0,POS_08_12,0.78,0.88
mFRR,45962.0,POS_12_16,0.42,0.48
mFRR,45962.0,POS_16_20,3.28,3.53
mFRR,45962.0,POS_20_24,0.88,1.0
mFRR,45962.0,NEG_00_04,4.15,4.96
mFRR,45962.0,NEG_04_08,4.34,4.99
mFRR,45962.0,NEG_08_12,8.24,14.2
mFRR,45962.0,NEG_12_16,13.55,18.7
mFRR,45962.0,NEG_16_20,2.51,6.14
mFRR,45962.0,NEG_20_24,2.16,2.7
mFRR,45963.0,POS_00_04,0.16,0.2
mFRR,45963.0,POS_04_08,0.54,0.62
mFRR,45963.0,POS_08_12,0.52,0.66
mFRR,45963.0,POS_12_16,0.3,0.35
mFRR,45963.0,POS_16_20,2.61,3.12
mFRR,45963.0,POS_20_24,0.75,0.85
mFRR,45963.0,NEG_00_04,4.33,12.5
mFRR,45963.0,NEG_04_08,3.7,7.0
mFRR,45963.0,NEG_08_12,5.57,6.27
mFRR,45963.0,NEG_12_16,7.21,8.1
mFRR,45963.0,NEG_16_20,1.43,1.9
mFRR,45963.0,NEG_20_24,1.8,3.0
mFRR,45964.0,POS_00_04,0.27,0.48
mFRR,45964.0,POS_04_08,1.34,1.88
mFRR,45964.0,POS_08_12,2.79,4.5
mFRR,45964.0,POS_12_16,0.99,1.38
mFRR,45964.0,POS_16_20,6.8,9.2
mFRR,45964.0,POS_20_24,1.63,2.14
mFRR,45964.0,NEG_00_04,4.88,6.1
mFRR,45964.0,NEG_04_08,3.6,4.22
mFRR,45964.0,NEG_08_12,3.84,4.4
mFRR,45964.0,NEG_12_16,5.69,6.33
mFRR,45964.0,NEG_16_20,1.24,1.45
mFRR,45964.0,NEG_20_24,2.84,3.37
mFRR,45965.0,POS_00_04,0.32,0.4
mFRR,45965.0,POS_04_08,1.25,1.4
mFRR,45965.0,POS_08_12,1.84,2.4
mFRR,45965.0,POS_12_16,0.65,0.9
mFRR,45965.0,POS_16_20,5.16,6.49
mFRR,45965.0,POS_20_24,1.21,1.5
mFRR,45965.0,NEG_00_04,11.73,19.25
mFRR,45965.0,NEG_04_08,7.21,10.37
mFRR,45965.0,NEG_08_12,4.11,6.26
mFRR,45965.0,NEG_12_16,4.58,5.04
mFRR,45965.0,NEG_16_20,0.76,1.0
mFRR,45965.0,NEG_20_24,1.99,2.7
mFRR,45966.0,POS_00_04,0.25,0.3
mFRR,45966.0,POS_04_08,0.9,1.09
mFRR,45966.0,POS_08_12,1.41,1.7
mFRR,45966.0,POS_12_16,0.52,0.6
mFRR,45966.0,POS_16_20,4.68,5.49
mFRR,45966.0,POS_20_24,0.94,1.1
mFRR,45966.0,NEG_00_04,8.1,9.48
mFRR,45966.0,NEG_04_08,4.45,5.1
mFRR,45966.0,NEG_08_12,6.72,11.3
mFRR,45966.0,NEG_12_16,3.64,4.68
mFRR,45966.0,NEG_16_20,0.62,0.73
mFRR,45966.0,NEG_20_24,1.59,1.79
mFRR,45967.0,POS_00_04,0.24,0.3
mFRR,45967.0,POS_04_08,1.52,2.99
mFRR,45967.0,POS_08_12,4.59,8.1
mFRR,45967.0,POS_12_16,0.95,1.7
mFRR,45967.0,POS_16_20,9.03,11.9
mFRR,45967.0,POS_20_24,1.35,2.19
mFRR,45967.0,NEG_00_04,3.04,3.9
mFRR,45967.0,NEG_04_08,2.8,3.23
mFRR,45967.0,NEG_08_12,4.55,5.28
mFRR,45967.0,NEG_12_16,6.16,9.67
mFRR,45967.0,NEG_16_20,0.39,0.58
mFRR,45967.0,NEG_20_24,1.01,1.2
mFRR,45968.0,POS_00_04,0.2,0.23
mFRR,45968.0,POS_04_08,1.73,2.11
mFRR,45968.0,POS_08_12,2.72,4.4
mFRR,45968.0,POS_12_16,0.68,1.04
mFRR,45968.0,POS_16_20,8.56,10.31
mFRR,45968.0,POS_20_24,1.15,1.39
mFRR,45968.0,NEG_00_04,1.98,2.46
mFRR,45968.0,NEG_04_08,1.67,1.9
mFRR,45968.0,NEG_08_12,2.86,3.48
mFRR,45968.0,NEG_12_16,3.84,4.26
mFRR,45968.0,NEG_16_20,0.36,0.52
mFRR,45968.0,NEG_20_24,0.82,0.98
mFRR,45969.0,POS_00_04,0.16,0.2
mFRR,45969.0,POS_04_08,1.07,1.19
mFRR,45969.0,POS_08_12,1.64,1.96
mFRR,45969.0,POS_12_16,0.51,0.62
mFRR,45969.0,POS_16_20,5.13,6.0
mFRR,45969.0,POS_20_24,0.89,1.0
mFRR,45969.0,NEG_00_04,1.58,1.9
mFRR,45969.0,NEG_04_08,1.24,1.48
mFRR,45969.0,NEG_08_12,2.0,2.28
mFRR,45969.0,NEG_12_16,2.43,2.97
mFRR,45969.0,NEG_16_20,0.29,0.5
mFRR,45969.0,NEG_20_24,0.65,0.75
mFRR,45970.0,POS_00_04,0.13,0.18
mFRR,45970.0,POS_04_08,0.76,0.84
mFRR,45970.0,POS_08_12,1.04,1.2
mFRR,45970.0,POS_12_16,0.35,0.44
mFRR,45970.0,POS_16_20,3.35,3.95
mFRR,45970.0,POS_20_24,0.7,0.82
mFRR,45970.0,NEG_00_04,0.75,1.24
mFRR,45970.0,NEG_04_08,0.62,1.15
mFRR,45970.0,NEG_08_12,1.38,1.57
mFRR,45970.0,NEG_12_16,1.76,2.09
mFRR,45970.0,NEG_16_20,0.14,0.22
mFRR,45970.0,NEG_20_24,0.57,0.71
mFRR,45971.0,POS_00_04,0.22,0.35
mFRR,45971.0,POS_04_08,1.64,2.54
mFRR,45971.0,POS_08_12,2.9,4.32
mFRR,45971.0,POS_12_16,1.03,1.49
mFRR,45971.0,POS_16_20,8.48,12.5
mFRR,45971.0,POS_20_24,1.54,3.0
mFRR,45971.0,NEG_00_04,0.82,0.95
mFRR,45971.0,NEG_04_08,0.68,0.76
mFRR,45971.0,NEG_08_12,0.83,0.94
mFRR,45971.0,NEG_12_16,1.14,1.23
mFRR,45971.0,NEG_16_20,0.17,0.5
mFRR,45971.0,NEG_20_24,0.47,0.56
mFRR,45972.0,POS_00_04,0.24,0.32
mFRR,45972.0,POS_04_08,1.35,1.71
mFRR,45972.0,POS_08_12,2.14,2.7
mFRR,45972.0,POS_12_16,0.82,0.99
mFRR,45972.0,POS_16_20,6.58,7.35
mFRR,45972.0,POS_20_24,1.46,2.15
mFRR,45972.0,NEG_00_04,1.37,2.02
mFRR,45972.0,NEG_04_08,0.91,1.7
mFRR,45972.0,NEG_08_12,0.77,0.87
mFRR,45972.0,NEG_12_16,0.91,1.0
mFRR,45972.0,NEG_16_20,0.22,0.29
mFRR,45972.0,NEG_20_24,0.45,0.58
mFRR,45973.0,POS_00_04,0.21,0.24
mFRR,45973.0,POS_04_08,0.96,1.19
mFRR,45973.0,POS_08_12,1.6,1.9
mFRR,45973.0,POS_12_16,0.55,0.66
mFRR,45973.0,POS_16_20,4.04,4.59
mFRR,45973.0,POS_20_24,1.15,1.3
mFRR,45973.0,NEG_00_04,1.47,2.5
mFRR,45973.0,NEG_04_08,1.25,2.5
mFRR,45973.0,NEG_08_12,4.04,9.0
mFRR,45973.0,NEG_12_16,3.28,12.0
mFRR,45973.0,NEG_16_20,0.37,0.52
mFRR,45973.0,NEG_20_24,1.12,2.75
mFRR,45974.0,POS_00_04,0.2,0.39
mFRR,45974.0,POS_04_08,0.88,1.49
mFRR,45974.0,POS_08_12,1.26,1.45
mFRR,45974.0,POS_12_16,0.49,0.76
mFRR,45974.0,POS_16_20,3.39,4.39
mFRR,45974.0,POS_20_24,1.02,1.25
mFRR,45974.0,NEG_00_04,10.04,28.03
mFRR,45974.0,NEG_04_08,5.28,7.83
mFRR,45974.0,NEG_08_12,3.0,4.1
mFRR,45974.0,NEG_12_16,3.41,8.0
mFRR,45974.0,NEG_16_20,0.39,0.81
mFRR,45974.0,NEG_20_24,0.74,0.95
mFRR,45975.0,POS_00_04,0.19,0.24
mFRR,45975.0,POS_04_08,1.0,1.33
mFRR,45975.0,POS_08_12,1.05,1.26
mFRR,45975.0,POS_12_16,0.48,0.6
mFRR,45975.0,POS_16_20,2.85,3.29
mFRR,45975.0,POS_20_24,0.81,0.9
mFRR,45975.0,NEG_00_04,3.35,4.67
mFRR,45975.0,NEG_04_08,1.9,2.84
mFRR,45975.0,NEG_08_12,1.39,1.89
mFRR,45975.0,NEG_12_16,1.94,2.09
mFRR,45975.0,NEG_16_20,0.31,0.45
mFRR,45975.0,NEG_20_24,0.61,1.25
mFRR,45976.0,POS_00_04,0.13,0.17
mFRR,45976.0,POS_04_08,0.73,0.9
mFRR,45976.0,POS_08_12,0.75,0.91
mFRR,45976.0,POS_12_16,0.36,0.45
mFRR,45976.0,POS_16_20,2.14,2.6
mFRR,45976.0,POS_20_24,0.53,0.65
mFRR,45976.0,NEG_00_04,3.51,4.78
mFRR,45976.0,NEG_04_08,2.6,3.5
mFRR,45976.0,NEG_08_12,1.35,1.87
mFRR,45976.0,NEG_12_16,1.5,1.8
mFRR,45976.0,NEG_16_20,0.33,0.45
mFRR,45976.0,NEG_20_24,0.59,0.66
mFRR,45977.0,POS_00_04,0.11,0.14
mFRR,45977.0,POS_04_08,0.47,0.56
mFRR,45977.0,POS_08_12,0.53,0.63
mFRR,45977.0,POS_12_16,0.25,0.31
mFRR,45977.0,POS_16_20,1.57,1.76
mFRR,45977.0,POS_20_24,0.44,0.53
mFRR,45977.0,NEG_00_04,1.76,2.11
mFRR,45977.0,NEG_04_08,1.16,1.25
mFRR,45977.0,NEG_08_12,0.92,0.98
mFRR,45977.0,NEG_12_16,0.87,0.94
mFRR,45977.0,NEG_16_20,0.19,0.27
mFRR,45977.0,NEG_20_24,0.44,0.55
mFRR,45978.0,POS_00_04,0.18,0.28
mFRR,45978.0,POS_04_08,0.88,1.09
mFRR,45978.0,POS_08_12,1.36,2.06
mFRR,45978.0,POS_12_16,0.58,0.78
mFRR,45978.0,POS_16_20,4.13,7.0
mFRR,45978.0,POS_20_24,0.88,1.41
mFRR,45978.0,NEG_00_04,1.94,13.0
mFRR,45978.0,NEG_04_08,1.38,5.87
mFRR,45978.0,NEG_08_12,0.54,0.59
mFRR,45978.0,NEG_12_16,0.55,0.6
mFRR,45978.0,NEG_16_20,0.22,0.43
mFRR,45978.0,NEG_20_24,0.46,0.75
mFRR,45979.0,POS_00_04,0.16,0.2
mFRR,45979.0,POS_04_08,0.75,0.9
mFRR,45979.0,POS_08_12,1.15,1.6
mFRR,45979.0,POS_12_16,0.46,0.64
mFRR,45979.0,POS_16_20,3.89,5.2
mFRR,45979.0,POS_20_24,0.82,1.05
mFRR,45979.0,NEG_00_04,2.6,4.59
mFRR,45979.0,NEG_04_08,1.74,2.57
mFRR,45979.0,NEG_08_12,0.36,0.43
mFRR,45979.0,NEG_12_16,0.36,0.42
mFRR,45979.0,NEG_16_20,0.16,0.25
mFRR,45979.0,NEG_20_24,0.4,0.45
mFRR,45980.0,POS_00_04,0.13,0.16
mFRR,45980.0,POS_04_08,0.7,0.82
mFRR,45980.0,POS_08_12,1.02,1.18
mFRR,45980.0,POS_12_16,0.43,0.53
mFRR,45980.0,POS_16_20,3.65,4.25
mFRR,45980.0,POS_20_24,0.72,0.82
mFRR,45980.0,NEG_00_04,2.9,4.55
mFRR,45980.0,NEG_04_08,1.02,1.8
mFRR,45980.0,NEG_08_12,0.2,0.3
mFRR,45980.0,NEG_12_16,0.21,0.33
mFRR,45980.0,NEG_16_20,0.18,0.45
mFRR,45980.0,NEG_20_24,0.42,1.73
mFRR,45981.0,POS_00_04,0.12,0.13
mFRR,45981.0,POS_04_08,0.6,0.72
mFRR,45981.0,POS_08_12,0.92,1.05
mFRR,45981.0,POS_12_16,0.39,0.47
mFRR,45981.0,POS_16_20,4.22,5.52
mFRR,45981.0,POS_20_24,0.72,0.88
mFRR,45981.0,NEG_00_04,2.93,6.07
mFRR,45981.0,NEG_04_08,1.49,3.04
mFRR,45981.0,NEG_08_12,0.23,0.5
mFRR,45981.0,NEG_12_16,0.26,0.5
mFRR,45981.0,NEG_16_20,0.26,0.5
mFRR,45981.0,NEG_20_24,0.52,0.91
mFRR,45982.0,POS_00_04,0.11,0.14
mFRR,45982.0,POS_04_08,1.68,5.45
mFRR,45982.0,POS_08_12,2.17,12.0
mFRR,45982.0,POS_12_16,0.37,0.46
mFRR,45982.0,POS_16_20,12.14,41.7
mFRR,45982.0,POS_20_24,1.01,1.5
mFRR,45982.0,NEG_00_04,2.43,2.89
mFRR,45982.0,NEG_04_08,1.33,1.52
mFRR,45982.0,NEG_08_12,0.18,0.33
mFRR,45982.0,NEG_12_16,0.16,0.23
mFRR,45982.0,NEG_16_20,0.35,0.64
mFRR,45982.0,NEG_20_24,0.52,0.75
mFRR,45983.0,POS_00_04,0.12,0.25
mFRR,45983.0,POS_04_08,1.17,1.5
mFRR,45983.0,POS_08_12,1.74,2.9
mFRR,45983.0,POS_12_16,0.28,0.39
mFRR,45983.0,POS_16_20,4.51,5.4
mFRR,45983.0,POS_20_24,0.68,0.8
mFRR,45983.0,NEG_00_04,1.81,2.03
mFRR,45983.0,NEG_04_08,1.14,1.47
mFRR,45983.0,NEG_08_12,0.55,0.91
mFRR,45983.0,NEG_12_16,0.67,1.67
mFRR,45983.0,NEG_16_20,0.53,0.64
mFRR,45983.0,NEG_20_24,0.86,1.7
mFRR,45984.0,POS_00_04,0.1,0.14
mFRR,45984.0,POS_04_08,0.78,0.98
mFRR,45984.0,POS_08_12,1.18,1.44
mFRR,45984.0,POS_12_16,0.25,0.58
mFRR,45984.0,POS_16_20,3.04,3.4
mFRR,45984.0,POS_20_24,0.51,0.6
mFRR,45984.0,NEG_00_04,1.92,2.16
mFRR,45984.0,NEG_04_08,1.65,2.36
mFRR,45984.0,NEG_08_12,0.98,2.0
mFRR,45984.0,NEG_12_16,1.2,2.0
mFRR,45984.0,NEG_16_20,0.62,0.98
mFRR,45984.0,NEG_20_24,1.41,2.0
mFRR,45985.0,POS_00_04,0.18,0.25
mFRR,45985.0,POS_04_08,1.21,1.64
mFRR,45985.0,POS_08_12,2.22,3.51
mFRR,45985.0,POS_12_16,0.74,1.38
mFRR,45985.0,POS_16_20,11.71,20.24
mFRR,45985.0,POS_20_24,0.99,2.31
mFRR,45985.0,NEG_00_04,2.82,6.1
mFRR,45985.0,NEG_04_08,2.37,4.28
mFRR,45985.0,NEG_08_12,0.53,0.79
mFRR,45985.0,NEG_12_16,0.5,0.87
mFRR,45985.0,NEG_16_20,0.44,0.57
mFRR,45985.0,NEG_20_24,0.91,1.14
mFRR,45986.0,POS_00_04,0.25,0.39
mFRR,45986.0,POS_04_08,9.51,33.0
mFRR,45986.0,POS_08_12,52.61,140.0
mFRR,45986.0,POS_12_16,26.14,95.0
mFRR,45986.0,POS_16_20,120.31,249.0
mFRR,45986.0,POS_20_24,4.87,13.5
mFRR,45986.0,NEG_00_04,1.97,2.3
mFRR,45986.0,NEG_04_08,1.47,1.7
mFRR,45986.0,NEG_08_12,0.41,0.52
mFRR,45986.0,NEG_12_16,0.37,0.51
mFRR,45986.0,NEG_16_20,0.33,0.5
mFRR,45986.0,NEG_20_24,0.64,0.79
mFRR,45987.0,POS_00_04,0.26,0.32
mFRR,45987.0,POS_04_08,14.79,22.1
mFRR,45987.0,POS_08_12,57.54,79.0
mFRR,45987.0,POS_12_16,34.62,49.0
mFRR,45987.0,POS_16_20,103.13,138.99
mFRR,45987.0,POS_20_24,6.53,8.8
mFRR,45987.0,NEG_00_04,1.2,1.42
mFRR,45987.0,NEG_04_08,0.96,1.16
mFRR,45987.0,NEG_08_12,0.34,0.5
mFRR,45987.0,NEG_12_16,0.35,0.5
mFRR,45987.0,NEG_16_20,0.37,0.5
mFRR,45987.0,NEG_20_24,0.51,0.57
mFRR,45988.0,POS_00_04,0.21,0.28
mFRR,45988.0,POS_04_08,4.82,6.66
mFRR,45988.0,POS_08_12,14.37,17.53
mFRR,45988.0,POS_12_16,7.9,10.35
mFRR,45988.0,POS_16_20,23.17,28.28
mFRR,45988.0,POS_20_24,3.54,4.35
mFRR,45988.0,NEG_00_04,1.64,4.16
mFRR,45988.0,NEG_04_08,1.23,2.65
mFRR,45988.0,NEG_08_12,0.44,0.7
mFRR,45988.0,NEG_12_16,0.67,1.33
mFRR,45988.0,NEG_16_20,0.43,0.68
mFRR,45988.0,NEG_20_24,1.78,5.38
mFRR,45989.0,POS_00_04,0.18,0.21
mFRR,45989.0,POS_04_08,2.87,3.49
mFRR,45989.0,POS_08_12,7.21,8.99
mFRR,45989.0,POS_12_16,3.97,4.98
mFRR,45989.0,POS_16_20,10.74,11.98
mFRR,45989.0,POS_20_24,2.07,2.5
mFRR,45989.0,NEG_00_04,5.63,9.83
mFRR,45989.0,NEG_04_08,2.89,4.95
mFRR,45989.0,NEG_08_12,0.42,0.52
mFRR,45989.0,NEG_12_16,0.73,0.93
mFRR,45989.0,NEG_16_20,0.42,0.53
mFRR,45989.0,NEG_20_24,2.24,4.29
mFRR,45990.0,POS_00_04,0.15,0.18
mFRR,45990.0,POS_04_08,1.37,1.7
mFRR,45990.0,POS_08_12,3.64,4.28
mFRR,45990.0,POS_12_16,1.71,2.07
mFRR,45990.0,POS_16_20,5.81,7.1
mFRR,45990.0,POS_20_24,1.2,1.5
mFRR,45990.0,NEG_00_04,3.58,4.57
mFRR,45990.0,NEG_04_08,2.28,2.58
mFRR,45990.0,NEG_08_12,0.39,0.48
mFRR,45990.0,NEG_12_16,0.7,0.83
mFRR,45990.0,NEG_16_20,0.37,0.45
mFRR,45990.0,NEG_20_24,1.71,2.0
mFRR,45991.0,POS_00_04,0.11,0.15
mFRR,45991.0,POS_04_08,0.78,0.9
mFRR,45991.0,POS_08_12,1.8,2.11
mFRR,45991.0,POS_12_16,0.9,1.14
mFRR,45991.0,POS_16_20,3.22,3.83
mFRR,45991.0,POS_20_24,0.76,0.93
mFRR,45991.0,NEG_00_04,2.52,3.13
mFRR,45991.0,NEG_04_08,2.45,3.33
mFRR,45991.0,NEG_08_12,0.5,1.5
mFRR,45991.0,NEG_12_16,0.7,1.4
mFRR,45991.0,NEG_16_20,0.31,0.41
mFRR,45991.0,NEG_20_24,1.08,1.25
mFRR,45992.0,POS_00_04,0.16,0.32
mFRR,45992.0,POS_04_08,1.62,2.2
mFRR,45992.0,POS_08_12,4.28,6.8
mFRR,45992.0,POS_12_16,1.77,2.67
mFRR,45992.0,POS_16_20,6.68,8.8
mFRR,45992.0,POS_20_24,1.41,1.83
mFRR,45992.0,NEG_00_04,1.84,2.93
mFRR,45992.0,NEG_04_08,1.19,1.6
mFRR,45992.0,NEG_08_12,0.32,0.53
mFRR,45992.0,NEG_12_16,0.56,0.7
mFRR,45992.0,NEG_16_20,0.33,0.38
mFRR,45992.0,NEG_20_24,1.88,3.0
mFRR,45993.0,POS_00_04,0.26,0.41
mFRR,45993.0,POS_04_08,9.46,17.67
mFRR,45993.0,POS_08_12,3.68,5.07
mFRR,45993.0,POS_12_16,2.38,3.3
mFRR,45993.0,POS_16_20,10.92,17.2
mFRR,45993.0,POS_20_24,1.16,1.6
mFRR,45993.0,NEG_00_04,6.7,14.46
mFRR,45993.0,NEG_04_08,3.91,10.44
mFRR,45993.0,NEG_08_12,2.35,5.8
mFRR,45993.0,NEG_12_16,1.59,2.5
mFRR,45993.0,NEG_16_20,0.27,0.41
mFRR,45993.0,NEG_20_24,1.32,2.0
mFRR,45994.0,POS_00_04,0.22,0.26
mFRR,45994.0,POS_04_08,4.04,8.66
mFRR,45994.0,POS_08_12,12.53,50.41
mFRR,45994.0,POS_12_16,2.67,4.88
mFRR,45994.0,POS_16_20,44.72,116.35
mFRR,45994.0,POS_20_24,1.16,2.0
mFRR,45994.0,NEG_00_04,2.24,3.36
mFRR,45994.0,NEG_04_08,1.38,2.04
mFRR,45994.0,NEG_08_12,1.02,1.25
mFRR,45994.0,NEG_12_16,0.53,1.02
mFRR,45994.0,NEG_16_20,0.28,0.5
mFRR,45994.0,NEG_20_24,0.97,1.13
mFRR,45995.0,POS_00_04,0.18,0.28
mFRR,45995.0,POS_04_08,4.06,4.93
mFRR,45995.0,POS_08_12,19.54,24.49
mFRR,45995.0,POS_12_16,2.81,7.81
mFRR,45995.0,POS_16_20,37.69,47.51
mFRR,45995.0,POS_20_24,1.16,1.43
mFRR,45995.0,NEG_00_04,1.17,1.59
mFRR,45995.0,NEG_04_08,0.72,0.95
mFRR,45995.0,NEG_08_12,0.52,0.94
mFRR,45995.0,NEG_12_16,0.31,0.56
mFRR,45995.0,NEG_16_20,0.35,0.5
mFRR,45995.0,NEG_20_24,0.68,0.77
mFRR,45996.0,POS_00_04,0.21,0.25
mFRR,45996.0,POS_04_08,13.67,24.7
mFRR,45996.0,POS_08_12,43.48,73.98
mFRR,45996.0,POS_12_16,6.16,9.0
mFRR,45996.0,POS_16_20,38.37,49.46
mFRR,45996.0,POS_20_24,1.13,1.35
mFRR,45996.0,NEG_00_04,1.2,2.0
mFRR,45996.0,NEG_04_08,0.59,0.7
mFRR,45996.0,NEG_08_12,0.39,0.52
mFRR,45996.0,NEG_12_16,0.29,0.5
mFRR,45996.0,NEG_16_20,0.33,0.5
mFRR,45996.0,NEG_20_24,0.51,0.62
mFRR,45997.0,POS_00_04,0.16,0.2
mFRR,45997.0,POS_04_08,4.34,5.12
mFRR,45997.0,POS_08_12,12.39,14.34
mFRR,45997.0,POS_12_16,3.29,3.97
mFRR,45997.0,POS_16_20,15.35,17.0
mFRR,45997.0,POS_20_24,0.78,1.01
mFRR,45997.0,NEG_00_04,1.39,2.12
mFRR,45997.0,NEG_04_08,1.43,2.9
mFRR,45997.0,NEG_08_12,0.76,2.0
mFRR,45997.0,NEG_12_16,0.61,2.0
mFRR,45997.0,NEG_16_20,0.57,1.0
mFRR,45997.0,NEG_20_24,0.82,1.65
mFRR,45998.0,POS_00_04,0.14,0.17
mFRR,45998.0,POS_04_08,2.35,2.73
mFRR,45998.0,POS_08_12,5.49,6.8
mFRR,45998.0,POS_12_16,1.88,2.22
mFRR,45998.0,POS_16_20,7.15,8.88
mFRR,45998.0,POS_20_24,0.65,0.75
mFRR,45998.0,NEG_00_04,3.24,4.51
mFRR,45998.0,NEG_04_08,2.64,4.07
mFRR,45998.0,NEG_08_12,1.02,1.5
mFRR,45998.0,NEG_12_16,0.66,0.83
mFRR,45998.0,NEG_16_20,0.49,0.63
mFRR,45998.0,NEG_20_24,1.71,3.3
mFRR,45999.0,POS_00_04,0.13,0.19
mFRR,45999.0,POS_04_08,2.0,2.52
mFRR,45999.0,POS_08_12,4.9,6.0
mFRR,45999.0,POS_12_16,1.56,1.9
mFRR,45999.0,POS_16_20,7.25,8.31
mFRR,45999.0,POS_20_24,0.82,1.1
mFRR,45999.0,NEG_00_04,16.28,35.0
mFRR,45999.0,NEG_04_08,10.31,18.3
mFRR,45999.0,NEG_08_12,1.13,1.65
mFRR,45999.0,NEG_12_16,0.79,1.2
mFRR,45999.0,NEG_16_20,0.53,0.62
mFRR,45999.0,NEG_20_24,2.11,3.33
mFRR,46000.0,POS_00_04,0.16,0.2
mFRR,46000.0,POS_04_08,1.76,2.1
mFRR,46000.0,POS_08_12,3.77,4.16
mFRR,46000.0,POS_12_16,1.18,1.37
mFRR,46000.0,POS_16_20,5.6,6.06
mFRR,46000.0,POS_20_24,0.67,0.76
mFRR,46000.0,NEG_00_04,5.67,7.25
mFRR,46000.0,NEG_04_08,3.58,4.8
mFRR,46000.0,NEG_08_12,0.98,1.1
mFRR,46000.0,NEG_12_16,0.37,0.55
mFRR,46000.0,NEG_16_20,0.45,0.54
mFRR,46000.0,NEG_20_24,2.85,7.01
mFRR,46001.0,POS_00_04,0.14,0.17
mFRR,46001.0,POS_04_08,1.35,1.51
mFRR,46001.0,POS_08_12,4.06,4.94
mFRR,46001.0,POS_12_16,1.41,1.71
mFRR,46001.0,POS_16_20,4.53,4.84
mFRR,46001.0,POS_20_24,0.48,0.53
mFRR,46001.0,NEG_00_04,9.38,26.0
mFRR,46001.0,NEG_04_08,6.11,11.51
mFRR,46001.0,NEG_08_12,1.01,1.44
mFRR,46001.0,NEG_12_16,1.11,1.67
mFRR,46001.0,NEG_16_20,0.35,0.52
mFRR,46001.0,NEG_20_24,2.88,4.03
mFRR,46002.0,POS_00_04,0.1,0.14
mFRR,46002.0,POS_04_08,1.0,1.17
mFRR,46002.0,POS_08_12,2.28,3.0
mFRR,46002.0,POS_12_16,0.98,1.18
mFRR,46002.0,POS_16_20,3.27,3.78
mFRR,46002.0,POS_20_24,0.38,0.45
mFRR,46002.0,NEG_00_04,4.53,6.9
mFRR,46002.0,NEG_04_08,2.44,3.8
mFRR,46002.0,NEG_08_12,0.48,0.56
mFRR,46002.0,NEG_12_16,0.41,0.52
mFRR,46002.0,NEG_16_20,0.32,0.51
mFRR,46002.0,NEG_20_24,1.7,1.96
mFRR,46003.0,POS_00_04,0.11,0.18
mFRR,46003.0,POS_04_08,1.1,1.5
mFRR,46003.0,POS_08_12,2.81,4.59
mFRR,46003.0,POS_12_16,1.25,2.49
mFRR,46003.0,POS_16_20,19.32,32.35
mFRR,46003.0,POS_20_24,0.74,1.24
mFRR,46003.0,NEG_00_04,2.48,2.8
mFRR,46003.0,NEG_04_08,1.29,1.45
mFRR,46003.0,NEG_08_12,0.26,0.4
mFRR,46003.0,NEG_12_16,0.24,0.31
mFRR,46003.0,NEG_16_20,0.25,0.38
mFRR,46003.0,NEG_20_24,0.9,1.01
mFRR,46004.0,POS_00_04,0.12,0.15
mFRR,46004.0,POS_04_08,0.79,0.92
mFRR,46004.0,POS_08_12,2.02,2.48
mFRR,46004.0,POS_12_16,0.88,1.11
mFRR,46004.0,POS_16_20,4.18,4.88
mFRR,46004.0,POS_20_24,0.52,0.7
mFRR,46004.0,NEG_00_04,0.89,1.18
mFRR,46004.0,NEG_04_08,0.55,0.89
mFRR,46004.0,NEG_08_12,0.28,0.5
mFRR,46004.0,NEG_12_16,0.19,0.3
mFRR,46004.0,NEG_16_20,0.25,0.5
mFRR,46004.0,NEG_20_24,0.86,1.2
mFRR,46005.0,POS_00_04,0.12,0.6
mFRR,46005.0,POS_04_08,0.53,0.64
mFRR,46005.0,POS_08_12,1.13,1.49
mFRR,46005.0,POS_12_16,0.6,0.8
mFRR,46005.0,POS_16_20,2.35,3.16
mFRR,46005.0,POS_20_24,0.34,0.48
mFRR,46005.0,NEG_00_04,0.73,1.09
mFRR,46005.0,NEG_04_08,0.58,1.42
mFRR,46005.0,NEG_08_12,0.43,2.0
mFRR,46005.0,NEG_12_16,0.19,0.34
mFRR,46005.0,NEG_16_20,0.26,0.42
mFRR,46005.0,NEG_20_24,1.0,1.39
mFRR,46006.0,POS_00_04,0.17,0.29
mFRR,46006.0,POS_04_08,0.88,1.9
mFRR,46006.0,POS_08_12,1.72,2.45
mFRR,46006.0,POS_12_16,0.81,1.18
mFRR,46006.0,POS_16_20,3.72,4.98
mFRR,46006.0,POS_20_24,0.58,0.86
mFRR,46006.0,NEG_00_04,1.64,2.65
mFRR,46006.0,NEG_04_08,1.66,3.84
mFRR,46006.0,NEG_08_12,0.55,0.76
mFRR,46006.0,NEG_12_16,0.38,0.7
mFRR,46006.0,NEG_16_20,0.28,0.44
mFRR,46006.0,NEG_20_24,0.84,1.72
mFRR,46007.0,POS_00_04,0.18,0.23
mFRR,46007.0,POS_04_08,1.09,1.4
mFRR,46007.0,POS_08_12,1.48,1.98
mFRR,46007.0,POS_12_16,1.04,1.83
mFRR,46007.0,POS_16_20,25.73,43.88
mFRR,46007.0,POS_20_24,0.82,1.0
mFRR,46007.0,NEG_00_04,1.75,4.88
mFRR,46007.0,NEG_04_08,1.54,2.35
mFRR,46007.0,NEG_08_12,0.47,0.58
mFRR,46007.0,NEG_12_16,0.31,0.36
mFRR,46007.0,NEG_16_20,0.29,0.46
mFRR,46007.0,NEG_20_24,0.6,0.76
mFRR,46008.0,POS_00_04,0.19,0.24
mFRR,46008.0,POS_04_08,1.21,1.6
mFRR,46008.0,POS_08_12,2.37,3.68
mFRR,46008.0,POS_12_16,1.22,1.6
mFRR,46008.0,POS_16_20,9.93,13.5
mFRR,46008.0,POS_20_24,0.57,0.68
mFRR,46008.0,NEG_00_04,1.5,2.4
mFRR,46008.0,NEG_04_08,1.06,1.49
mFRR,46008.0,NEG_08_12,0.29,0.4
mFRR,46008.0,NEG_12_16,0.25,0.37
mFRR,46008.0,NEG_16_20,0.26,0.37
mFRR,46008.0,NEG_20_24,0.5,0.95
mFRR,46009.0,POS_00_04,0.15,0.19
mFRR,46009.0,POS_04_08,0.91,1.1
mFRR,46009.0,POS_08_12,1.6,1.91
mFRR,46009.0,POS_12_16,0.79,0.95
mFRR,46009.0,POS_16_20,4.58,5.24
mFRR,46009.0,POS_20_24,0.36,0.46
mFRR,46009.0,NEG_00_04,1.58,2.0
mFRR,46009.0,NEG_04_08,1.28,2.0
mFRR,46009.0,NEG_08_12,0.34,0.45
mFRR,46009.0,NEG_12_16,0.34,1.85
mFRR,46009.0,NEG_16_20,0.31,0.64
mFRR,46009.0,NEG_20_24,3.58,7.88
mFRR,46010.0,POS_00_04,0.13,0.16
mFRR,46010.0,POS_04_08,0.68,0.78
mFRR,46010.0,POS_08_12,1.18,1.39
mFRR,46010.0,POS_12_16,0.65,0.79
mFRR,46010.0,POS_16_20,3.28,3.76
mFRR,46010.0,POS_20_24,0.33,0.45
mFRR,46010.0,NEG_00_04,16.82,43.97
mFRR,46010.0,NEG_04_08,9.23,30.61
mFRR,46010.0,NEG_08_12,1.24,7.63
mFRR,46010.0,NEG_12_16,0.79,2.0
mFRR,46010.0,NEG_16_20,0.39,0.65
mFRR,46010.0,NEG_20_24,1.26,1.37
mFRR,46011.0,POS_00_04,0.11,0.15
mFRR,46011.0,POS_04_08,0.48,0.55
mFRR,46011.0,POS_08_12,0.92,1.01
mFRR,46011.0,POS_12_16,0.49,0.55
mFRR,46011.0,POS_16_20,2.34,2.71
mFRR,46011.0,POS_20_24,0.3,0.51
mFRR,46011.0,NEG_00_04,3.66,4.9
mFRR,46011.0,NEG_04_08,2.47,3.5
mFRR,46011.0,NEG_08_12,0.74,0.82
mFRR,46011.0,NEG_12_16,0.45,0.5
mFRR,46011.0,NEG_16_20,0.41,0.47
mFRR,46011.0,NEG_20_24,0.75,1.55
mFRR,46012.0,POS_00_04,0.1,0.13
mFRR,46012.0,POS_04_08,0.35,0.39
mFRR,46012.0,POS_08_12,0.64,0.76
mFRR,46012.0,POS_12_16,0.33,0.41
mFRR,46012.0,POS_16_20,1.57,1.86
mFRR,46012.0,POS_20_24,0.28,0.39
mFRR,46012.0,NEG_00_04,1.16,1.22
mFRR,46012.0,NEG_04_08,1.26,1.77
mFRR,46012.0,NEG_08_12,0.97,2.32
mFRR,46012.0,NEG_12_16,0.44,0.65
mFRR,46012.0,NEG_16_20,0.67,2.11
mFRR,46012.0,NEG_20_24,1.69,4.4
mFRR,46013.0,POS_00_04,0.1,0.15
mFRR,46013.0,POS_04_08,0.45,0.69
mFRR,46013.0,POS_08_12,0.96,1.28
mFRR,46013.0,POS_12_16,0.56,0.79
mFRR,46013.0,POS_16_20,2.29,3.1
mFRR,46013.0,POS_20_24,0.41,0.59
mFRR,46013.0,NEG_00_04,3.9,7.0
mFRR,46013.0,NEG_04_08,5.23,13.2
mFRR,46013.0,NEG_08_12,0.55,0.97
mFRR,46013.0,NEG_12_16,0.46,0.65
mFRR,46013.0,NEG_16_20,0.46,0.54
mFRR,46013.0,NEG_20_24,1.37,2.11
mFRR,46014.0,POS_00_04,0.1,0.15
mFRR,46014.0,POS_04_08,0.4,0.49
mFRR,46014.0,POS_08_12,0.81,1.04
mFRR,46014.0,POS_12_16,0.5,0.64
mFRR,46014.0,POS_16_20,1.77,2.09
mFRR,46014.0,POS_20_24,0.35,0.4
mFRR,46014.0,NEG_00_04,2.3,3.79
mFRR,46014.0,NEG_04_08,3.01,4.7
mFRR,46014.0,NEG_08_12,0.58,1.11
mFRR,46014.0,NEG_12_16,0.91,2.5
mFRR,46014.0,NEG_16_20,0.72,2.4
mFRR,46014.0,NEG_20_24,1.35,1.73
mFRR,46015.0,POS_00_04,0.1,0.13
mFRR,46015.0,POS_04_08,0.34,0.44
mFRR,46015.0,POS_08_12,0.68,0.79
mFRR,46015.0,POS_12_16,0.41,0.49
mFRR,46015.0,POS_16_20,1.4,1.83
mFRR,46015.0,POS_20_24,0.27,0.39
mFRR,46015.0,NEG_00_04,4.81,6.38
mFRR,46015.0,NEG_04_08,4.7,5.71
mFRR,46015.0,NEG_08_12,1.73,4.01
mFRR,46015.0,NEG_12_16,2.37,4.95
mFRR,46015.0,NEG_16_20,1.7,2.4
mFRR,46015.0,NEG_20_24,2.41,4.0
mFRR,46016.0,POS_00_04,0.13,0.5
mFRR,46016.0,POS_04_08,0.33,0.5
mFRR,46016.0,POS_08_12,0.53,0.71
mFRR,46016.0,POS_12_16,0.59,3.27
mFRR,46016.0,POS_16_20,1.65,4.6
mFRR,46016.0,POS_20_24,0.9,3.19
mFRR,46016.0,NEG_00_04,4.49,5.04
mFRR,46016.0,NEG_04_08,4.21,4.87
mFRR,46016.0,NEG_08_12,2.04,2.87
mFRR,46016.0,NEG_12_16,3.11,4.88
mFRR,46016.0,NEG_16_20,1.46,2.5
mFRR,46016.0,NEG_20_24,1.8,2.5
mFRR,46017.0,POS_00_04,0.33,1.89
mFRR,46017.0,POS_04_08,0.49,1.45
mFRR,46017.0,POS_08_12,0.62,1.77
mFRR,46017.0,POS_12_16,0.64,2.0
mFRR,46017.0,POS_16_20,2.26,3.38
mFRR,46017.0,POS_20_24,0.99,2.52
mFRR,46017.0,NEG_00_04,1.71,2.85
mFRR,46017.0,NEG_04_08,1.66,2.28
mFRR,46017.0,NEG_08_12,1.68,2.72
mFRR,46017.0,NEG_12_16,2.1,3.43
mFRR,46017.0,NEG_16_20,0.38,0.8
mFRR,46017.0,NEG_20_24,1.49,1.84
mFRR,46018.0,POS_00_04,0.48,1.67
mFRR,46018.0,POS_04_08,0.82,1.94
mFRR,46018.0,POS_08_12,1.01,1.82
mFRR,46018.0,POS_12_16,0.83,1.52
mFRR,46018.0,POS_16_20,1.84,2.45
mFRR,46018.0,POS_20_24,1.11,2.93
mFRR,46018.0,NEG_00_04,1.65,2.33
mFRR,46018.0,NEG_04_08,1.82,3.56
mFRR,46018.0,NEG_08_12,2.0,4.0
mFRR,46018.0,NEG_12_16,3.12,7.25
mFRR,46018.0,NEG_16_20,0.75,1.91
mFRR,46018.0,NEG_20_24,1.27,1.59
mFRR,46019.0,POS_00_04,0.35,0.75
mFRR,46019.0,POS_04_08,0.68,1.2
mFRR,46019.0,POS_08_12,0.92,1.6
mFRR,46019.0,POS_12_16,0.8,1.4
mFRR,46019.0,POS_16_20,1.65,2.45
mFRR,46019.0,POS_20_24,1.01,1.72
mFRR,46019.0,NEG_00_04,1.33,1.86
mFRR,46019.0,NEG_04_08,1.81,2.11
mFRR,46019.0,NEG_08_12,1.88,2.34
mFRR,46019.0,NEG_12_16,2.02,2.66
mFRR,46019.0,NEG_16_20,0.7,0.88
mFRR,46019.0,NEG_20_24,1.31,1.7
mFRR,46020.0,POS_00_04,0.27,0.5
mFRR,46020.0,POS_04_08,0.73,1.1
mFRR,46020.0,POS_08_12,1.01,1.66
mFRR,46020.0,POS_12_16,0.73,1.07
mFRR,46020.0,POS_16_20,1.68,2.43
mFRR,46020.0,POS_20_24,1.09,1.92
mFRR,46020.0,NEG_00_04,1.57,2.0
mFRR,46020.0,NEG_04_08,1.97,3.71
mFRR,46020.0,NEG_08_12,1.41,1.76
mFRR,46020.0,NEG_12_16,1.94,2.66
mFRR,46020.0,NEG_16_20,0.76,1.33
mFRR,46020.0,NEG_20_24,1.45,4.12
mFRR,46021.0,POS_00_04,0.28,0.5
mFRR,46021.0,POS_04_08,0.69,1.0
mFRR,46021.0,POS_08_12,0.9,1.36
mFRR,46021.0,POS_12_16,0.66,1.5
mFRR,46021.0,POS_16_20,1.52,2.69
mFRR,46021.0,POS_20_24,1.09,2.15
mFRR,46021.0,NEG_00_04,1.74,6.25
mFRR,46021.0,NEG_04_08,2.76,6.25
mFRR,46021.0,NEG_08_12,1.51,5.5
mFRR,46021.0,NEG_12_16,1.78,2.31
mFRR,46021.0,NEG_16_20,0.7,0.91
mFRR,46021.0,NEG_20_24,1.44,1.98
mFRR,46022.0,POS_00_04,0.35,0.8
mFRR,46022.0,POS_04_08,0.6,0.76
mFRR,46022.0,POS_08_12,1.02,1.6
mFRR,46022.0,POS_12_16,0.86,1.2
mFRR,46022.0,POS_16_20,1.67,2.3
mFRR,46022.0,POS_20_24,2.16,3.6
mFRR,46022.0,NEG_00_04,1.45,2.0
mFRR,46022.0,NEG_04_08,1.62,2.17
mFRR,46022.0,NEG_08_12,2.74,4.0
mFRR,46022.0,NEG_12_16,2.66,5.75
mFRR,46022.0,NEG_16_20,0.99,1.36
mFRR,46022.0,NEG_20_24,3.12,5.55
aFRR,45658.0,POS_00_04,2.5,3.16
aFRR,45658.0,POS_04_08,2.84,3.24
aFRR,45658.0,POS_08_12,4.99,5.59
aFRR,45658.0,POS_12_16,3.84,4.25
aFRR,45658.0,POS_16_20,8.59,9.93
aFRR,45658.0,POS_20_24,5.0,5.93
aFRR,45658.0,NEG_00_04,20.29,28.8
aFRR,45658.0,NEG_04_08,18.47,23.72
aFRR,45658.0,NEG_08_12,8.62,19.12
aFRR,45658.0,NEG_12_16,11.93,19.17
aFRR,45658.0,NEG_16_20,5.16,10.5
aFRR,45658.0,NEG_20_24,9.34,13.4
aFRR,45659.0,POS_00_04,2.52,2.88
aFRR,45659.0,POS_04_08,3.18,4.49
aFRR,45659.0,POS_08_12,6.63,8.97
aFRR,45659.0,POS_12_16,4.99,6.5
aFRR,45659.0,POS_16_20,13.5,22.67
aFRR,45659.0,POS_20_24,5.78,7.59
aFRR,45659.0,NEG_00_04,17.48,20.8
aFRR,45659.0,NEG_04_08,14.08,22.0
aFRR,45659.0,NEG_08_12,5.32,6.36
aFRR,45659.0,NEG_12_16,7.06,9.05
aFRR,45659.0,NEG_16_20,2.31,3.3
aFRR,45659.0,NEG_20_24,4.68,6.59
aFRR,45660.0,POS_00_04,2.73,3.11
aFRR,45660.0,POS_04_08,3.73,4.47
aFRR,45660.0,POS_08_12,6.74,7.91
aFRR,45660.0,POS_12_16,4.98,5.59
aFRR,45660.0,POS_16_20,14.06,16.17
aFRR,45660.0,POS_20_24,5.71,6.1
aFRR,45660.0,NEG_00_04,13.15,14.67
aFRR,45660.0,NEG_04_08,11.48,12.97
aFRR,45660.0,NEG_08_12,3.99,4.4
aFRR,45660.0,NEG_12_16,4.78,5.98
aFRR,45660.0,NEG_16_20,1.78,2.08
aFRR,45660.0,NEG_20_24,3.52,4.17
aFRR,45661.0,POS_00_04,2.61,2.79
aFRR,45661.0,POS_04_08,3.79,4.38
aFRR,45661.0,POS_08_12,6.77,7.42
aFRR,45661.0,POS_12_16,5.06,6.16
aFRR,45661.0,POS_16_20,17.89,23.92
aFRR,45661.0,POS_20_24,6.18,10.88
aFRR,45661.0,NEG_00_04,10.23,11.13
aFRR,45661.0,NEG_04_08,8.73,9.43
aFRR,45661.0,NEG_08_12,2.78,3.12
aFRR,45661.0,NEG_12_16,3.23,3.59
aFRR,45661.0,NEG_16_20,1.22,1.52
aFRR,45661.0,NEG_20_24,2.8,3.15
aFRR,45662.0,POS_00_04,3.01,8.8
aFRR,45662.0,POS_04_08,3.79,7.05
aFRR,45662.0,POS_08_12,6.01,6.71
aFRR,45662.0,POS_12_16,4.63,6.0
aFRR,45662.0,POS_16_20,12.91,15.57
aFRR,45662.0,POS_20_24,5.49,6.42
aFRR,45662.0,NEG_00_04,7.84,8.54
aFRR,45662.0,NEG_04_08,6.8,7.6
aFRR,45662.0,NEG_08_12,2.63,3.19
aFRR,45662.0,NEG_12_16,3.14,4.24
aFRR,45662.0,NEG_16_20,1.73,2.14
aFRR,45662.0,NEG_20_24,4.84,7.81
aFRR,45663.0,POS_00_04,3.02,3.57
aFRR,45663.0,POS_04_08,3.79,5.36
aFRR,45663.0,POS_08_12,5.45,5.85
aFRR,45663.0,POS_12_16,4.46,4.9
aFRR,45663.0,POS_16_20,10.76,11.5
aFRR,45663.0,POS_20_24,4.99,5.45
aFRR,45663.0,NEG_00_04,21.38,37.0
aFRR,45663.0,NEG_04_08,16.99,33.0
aFRR,45663.0,NEG_08_12,4.07,8.34
aFRR,45663.0,NEG_12_16,6.58,12.24
aFRR,45663.0,NEG_16_20,2.12,4.42
aFRR,45663.0,NEG_20_24,5.59,7.45
aFRR,45664.0,POS_00_04,2.75,3.01
aFRR,45664.0,POS_04_08,3.95,5.08
aFRR,45664.0,POS_08_12,6.05,10.52
aFRR,45664.0,POS_12_16,4.66,6.51
aFRR,45664.0,POS_16_20,11.6,16.07
aFRR,45664.0,POS_20_24,5.02,5.55
aFRR,45664.0,NEG_00_04,21.13,26.0
aFRR,45664.0,NEG_04_08,16.54,22.22
aFRR,45664.0,NEG_08_12,3.93,4.7
aFRR,45664.0,NEG_12_16,5.3,6.3
aFRR,45664.0,NEG_16_20,1.72,2.18
aFRR,45664.0,NEG_20_24,4.68,6.18
aFRR,45665.0,POS_00_04,2.53,2.7
aFRR,45665.0,POS_04_08,4.45,5.72
aFRR,45665.0,POS_08_12,7.66,8.77
aFRR,45665.0,POS_12_16,6.03,7.4
aFRR,45665.0,POS_16_20,18.78,22.86
aFRR,45665.0,POS_20_24,6.07,7.45
aFRR,45665.0,NEG_00_04,19.36,30.45
aFRR,45665.0,NEG_04_08,14.55,18.05
aFRR,45665.0,NEG_08_12,2.99,3.33
aFRR,45665.0,NEG_12_16,3.49,4.08
aFRR,45665.0,NEG_16_20,1.02,1.25
aFRR,45665.0,NEG_20_24,3.52,3.81
aFRR,45666.0,POS_00_04,2.89,6.16
aFRR,45666.0,POS_04_08,51.57,304.39
aFRR,45666.0,POS_08_12,19.37,33.96
aFRR,45666.0,POS_12_16,8.76,17.34
aFRR,45666.0,POS_16_20,15.57,19.83
aFRR,45666.0,POS_20_24,5.54,6.21
aFRR,45666.0,NEG_00_04,13.67,15.4
aFRR,45666.0,NEG_04_08,8.71,10.83
aFRR,45666.0,NEG_08_12,1.91,2.21
aFRR,45666.0,NEG_12_16,2.15,2.79
aFRR,45666.0,NEG_16_20,0.8,1.0
aFRR,45666.0,NEG_20_24,2.78,3.47
aFRR,45667.0,POS_00_04,3.06,3.57
aFRR,45667.0,POS_04_08,25.64,37.46
aFRR,45667.0,POS_08_12,14.84,17.88
aFRR,45667.0,POS_12_16,7.36,9.1
aFRR,45667.0,POS_16_20,17.74,22.36
aFRR,45667.0,POS_20_24,5.76,6.8
aFRR,45667.0,NEG_00_04,13.3,19.7
aFRR,45667.0,NEG_04_08,8.29,12.05
aFRR,45667.0,NEG_08_12,1.78,1.95
aFRR,45667.0,NEG_12_16,1.98,2.43
aFRR,45667.0,NEG_16_20,0.65,0.9
aFRR,45667.0,NEG_20_24,2.43,2.84
aFRR,45668.0,POS_00_04,2.66,3.12
aFRR,45668.0,POS_04_08,11.49,15.41
aFRR,45668.0,POS_08_12,8.61,10.72
aFRR,45668.0,POS_12_16,5.65,6.52
aFRR,45668.0,POS_16_20,13.68,15.38
aFRR,45668.0,POS_20_24,5.03,5.46
aFRR,45668.0,NEG_00_04,10.16,12.24
aFRR,45668.0,NEG_04_08,7.19,8.95
aFRR,45668.0,NEG_08_12,1.7,2.69
aFRR,45668.0,NEG_12_16,1.76,3.03
aFRR,45668.0,NEG_16_20,0.71,0.98
aFRR,45668.0,NEG_20_24,2.18,2.92
aFRR,45669.0,POS_00_04,2.45,2.7
aFRR,45669.0,POS_04_08,8.01,9.05
aFRR,45669.0,POS_08_12,6.19,7.44
aFRR,45669.0,POS_12_16,4.77,5.35
aFRR,45669.0,POS_16_20,13.27,15.54
aFRR,45669.0,POS_20_24,4.69,6.11
aFRR,45669.0,NEG_00_04,8.85,9.62
aFRR,45669.0,NEG_04_08,6.5,7.59
aFRR,45669.0,NEG_08_12,1.81,2.5
aFRR,45669.0,NEG_12_16,2.05,2.53
aFRR,45669.0,NEG_16_20,0.65,0.95
aFRR,45669.0,NEG_20_24,1.89,2.4
aFRR,45670.0,POS_00_04,2.53,3.5
aFRR,45670.0,POS_04_08,10.29,17.23
aFRR,45670.0,POS_08_12,18.23,63.62
aFRR,45670.0,POS_12_16,5.96,7.18
aFRR,45670.0,POS_16_20,15.87,18.49
aFRR,45670.0,POS_20_24,5.51,7.42
aFRR,45670.0,NEG_00_04,7.07,9.23
aFRR,45670.0,NEG_04_08,5.25,6.26
aFRR,45670.0,NEG_08_12,1.61,1.85
aFRR,45670.0,NEG_12_16,1.68,2.08
aFRR,45670.0,NEG_16_20,0.57,0.84
aFRR,45670.0,NEG_20_24,1.78,2.21
aFRR,45671.0,POS_00_04,2.5,3.14
aFRR,45671.0,POS_04_08,10.36,13.04
aFRR,45671.0,POS_08_12,16.43,20.25
aFRR,45671.0,POS_12_16,5.92,7.53
aFRR,45671.0,POS_16_20,15.59,18.34
aFRR,45671.0,POS_20_24,5.72,6.72
aFRR,45671.0,NEG_00_04,7.51,9.03
aFRR,45671.0,NEG_04_08,5.15,7.24
aFRR,45671.0,NEG_08_12,1.61,2.72
aFRR,45671.0,NEG_12_16,1.6,1.94
aFRR,45671.0,NEG_16_20,0.57,0.71
aFRR,45671.0,NEG_20_24,1.74,1.97
aFRR,45672.0,POS_00_04,4.0,6.49
aFRR,45672.0,POS_04_08,16.97,26.58
aFRR,45672.0,POS_08_12,62.75,103.47
aFRR,45672.0,POS_12_16,42.63,67.88
aFRR,45672.0,POS_16_20,136.53,190.45
aFRR,45672.0,POS_20_24,19.6,29.11
aFRR,45672.0,NEG_00_04,6.47,7.87
aFRR,45672.0,NEG_04_08,5.19,8.7
aFRR,45672.0,NEG_08_12,1.49,1.71
aFRR,45672.0,NEG_12_16,1.21,1.65
aFRR,45672.0,NEG_16_20,0.44,0.52
aFRR,45672.0,NEG_20_24,1.41,1.82
aFRR,45673.0,POS_00_04,4.13,4.99
aFRR,45673.0,POS_04_08,16.01,20.62
aFRR,45673.0,POS_08_12,40.42,51.05
aFRR,45673.0,POS_12_16,27.17,34.83
aFRR,45673.0,POS_16_20,66.91,89.1
aFRR,45673.0,POS_20_24,13.37,16.16
aFRR,45673.0,NEG_00_04,5.83,6.46
aFRR,45673.0,NEG_04_08,5.03,5.52
aFRR,45673.0,NEG_08_12,1.28,1.47
aFRR,45673.0,NEG_12_16,1.18,1.48
aFRR,45673.0,NEG_16_20,0.38,0.49
aFRR,45673.0,NEG_20_24,1.47,2.5
aFRR,45674.0,POS_00_04,3.71,4.11
aFRR,45674.0,POS_04_08,13.85,16.3
aFRR,45674.0,POS_08_12,26.79,31.63
aFRR,45674.0,POS_12_16,18.29,21.35
aFRR,45674.0,POS_16_20,40.2,47.82
aFRR,45674.0,POS_20_24,9.36,10.47
aFRR,45674.0,NEG_00_04,5.12,5.47
aFRR,45674.0,NEG_04_08,4.26,4.88
aFRR,45674.0,NEG_08_12,1.13,1.25
aFRR,45674.0,NEG_12_16,1.13,1.29
aFRR,45674.0,NEG_16_20,0.37,0.42
aFRR,45674.0,NEG_20_24,1.43,1.64
aFRR,45675.0,POS_00_04,3.13,3.41
aFRR,45675.0,POS_04_08,10.57,12.3
aFRR,45675.0,POS_08_12,17.59,18.45
aFRR,45675.0,POS_12_16,11.44,12.43
aFRR,45675.0,POS_16_20,23.41,27.4
aFRR,45675.0,POS_20_24,6.7,7.89
aFRR,45675.0,NEG_00_04,4.45,4.79
aFRR,45675.0,NEG_04_08,3.83,4.28
aFRR,45675.0,NEG_08_12,1.26,1.91
aFRR,45675.0,NEG_12_16,1.3,1.68
aFRR,45675.0,NEG_16_20,0.44,1.0
aFRR,45675.0,NEG_20_24,1.3,1.65
aFRR,45676.0,POS_00_04,2.67,2.91
aFRR,45676.0,POS_04_08,8.26,8.79
aFRR,45676.0,POS_08_12,10.56,12.57
aFRR,45676.0,POS_12_16,7.15,9.02
aFRR,45676.0,POS_16_20,15.66,17.0
aFRR,45676.0,POS_20_24,5.29,6.11
aFRR,45676.0,NEG_00_04,3.84,4.11
aFRR,45676.0,NEG_04_08,3.39,3.7
aFRR,45676.0,NEG_08_12,1.47,1.82
aFRR,45676.0,NEG_12_16,2.11,4.34
aFRR,45676.0,NEG_16_20,0.68,1.02
aFRR,45676.0,NEG_20_24,1.24,1.37
aFRR,45677.0,POS_00_04,2.73,3.65
aFRR,45677.0,POS_04_08,14.29,21.73
aFRR,45677.0,POS_08_12,33.93,50.24
aFRR,45677.0,POS_12_16,12.58,20.42
aFRR,45677.0,POS_16_20,54.91,85.61
aFRR,45677.0,POS_20_24,10.42,14.18
aFRR,45677.0,NEG_00_04,3.57,4.53
aFRR,45677.0,NEG_04_08,2.87,4.0
aFRR,45677.0,NEG_08_12,1.22,1.4
aFRR,45677.0,NEG_12_16,1.75,2.17
aFRR,45677.0,NEG_16_20,0.54,0.75
aFRR,45677.0,NEG_20_24,1.06,1.26
aFRR,45678.0,POS_00_04,3.03,3.46
aFRR,45678.0,POS_04_08,16.51,29.48
aFRR,45678.0,POS_08_12,41.19,80.17
aFRR,45678.0,POS_12_16,14.41,25.02
aFRR,45678.0,POS_16_20,80.69,150.0
aFRR,45678.0,POS_20_24,10.27,16.8
aFRR,45678.0,NEG_00_04,3.34,4.09
aFRR,45678.0,NEG_04_08,2.84,3.92
aFRR,45678.0,NEG_08_12,1.25,1.65
aFRR,45678.0,NEG_12_16,1.6,1.9
aFRR,45678.0,NEG_16_20,0.5,1.0
aFRR,45678.0,NEG_20_24,1.05,1.5
aFRR,45679.0,POS_00_04,2.93,3.17
aFRR,45679.0,POS_04_08,16.38,22.58
aFRR,45679.0,POS_08_12,37.18,47.63
aFRR,45679.0,POS_12_16,13.95,17.01
aFRR,45679.0,POS_16_20,50.14,61.14
aFRR,45679.0,POS_20_24,9.11,11.74
aFRR,45679.0,NEG_00_04,3.13,3.51
aFRR,45679.0,NEG_04_08,2.89,3.34
aFRR,45679.0,NEG_08_12,1.17,1.33
aFRR,45679.0,NEG_12_16,1.36,1.53
aFRR,45679.0,NEG_16_20,0.64,0.86
aFRR,45679.0,NEG_20_24,1.14,1.42
aFRR,45680.0,POS_00_04,2.69,2.89
aFRR,45680.0,POS_04_08,13.85,15.89
aFRR,45680.0,POS_08_12,26.4,29.65
aFRR,45680.0,POS_12_16,12.32,15.98
aFRR,45680.0,POS_16_20,28.7,33.7
aFRR,45680.0,POS_20_24,7.76,8.93
aFRR,45680.0,NEG_00_04,3.05,3.95
aFRR,45680.0,NEG_04_08,2.9,3.79
aFRR,45680.0,NEG_08_12,1.27,2.08
aFRR,45680.0,NEG_12_16,1.6,2.29
aFRR,45680.0,NEG_16_20,0.72,1.25
aFRR,45680.0,NEG_20_24,2.21,4.0
aFRR,45681.0,POS_00_04,2.23,2.62
aFRR,45681.0,POS_04_08,10.35,11.76
aFRR,45681.0,POS_08_12,18.01,20.76
aFRR,45681.0,POS_12_16,9.96,11.2
aFRR,45681.0,POS_16_20,17.77,19.0
aFRR,45681.0,POS_20_24,6.44,7.43
aFRR,45681.0,NEG_00_04,11.92,25.42
aFRR,45681.0,NEG_04_08,7.15,12.0
aFRR,45681.0,NEG_08_12,1.74,2.33
aFRR,45681.0,NEG_12_16,2.38,4.87
aFRR,45681.0,NEG_16_20,1.11,2.0
aFRR,45681.0,NEG_20_24,3.52,8.66
aFRR,45682.0,POS_00_04,2.18,2.41
aFRR,45682.0,POS_04_08,8.23,8.68
aFRR,45682.0,POS_08_12,11.87,12.98
aFRR,45682.0,POS_12_16,7.72,8.25
aFRR,45682.0,POS_16_20,15.23,18.0
aFRR,45682.0,POS_20_24,5.97,7.13
aFRR,45682.0,NEG_00_04,10.31,12.39
aFRR,45682.0,NEG_04_08,6.78,7.57
aFRR,45682.0,NEG_08_12,1.72,2.08
aFRR,45682.0,NEG_12_16,2.26,3.19
aFRR,45682.0,NEG_16_20,1.18,1.31
aFRR,45682.0,NEG_20_24,3.03,3.5
aFRR,45683.0,POS_00_04,2.11,2.47
aFRR,45683.0,POS_04_08,6.63,7.38
aFRR,45683.0,POS_08_12,9.27,10.56
aFRR,45683.0,POS_12_16,6.14,6.73
aFRR,45683.0,POS_16_20,12.67,14.81
aFRR,45683.0,POS_20_24,5.27,6.37
aFRR,45683.0,NEG_00_04,6.25,7.97
aFRR,45683.0,NEG_04_08,4.66,5.26
aFRR,45683.0,NEG_08_12,1.47,1.6
aFRR,45683.0,NEG_12_16,2.15,3.16
aFRR,45683.0,NEG_16_20,1.04,1.28
aFRR,45683.0,NEG_20_24,4.58,8.18
aFRR,45684.0,POS_00_04,1.93,2.19
aFRR,45684.0,POS_04_08,5.71,6.48
aFRR,45684.0,POS_08_12,8.09,11.39
aFRR,45684.0,POS_12_16,5.3,6.9
aFRR,45684.0,POS_16_20,12.69,28.96
aFRR,45684.0,POS_20_24,5.17,6.27
aFRR,45684.0,NEG_00_04,26.66,63.18
aFRR,45684.0,NEG_04_08,18.98,40.0
aFRR,45684.0,NEG_08_12,3.62,9.7
aFRR,45684.0,NEG_12_16,6.21,18.0
aFRR,45684.0,NEG_16_20,1.21,2.0
aFRR,45684.0,NEG_20_24,4.69,6.81
aFRR,45685.0,POS_00_04,2.13,2.92
aFRR,45685.0,POS_04_08,6.98,11.27
aFRR,45685.0,POS_08_12,10.95,14.32
aFRR,45685.0,POS_12_16,6.64,8.34
aFRR,45685.0,POS_16_20,17.63,22.9
aFRR,45685.0,POS_20_24,5.42,6.24
aFRR,45685.0,NEG_00_04,19.74,25.14
aFRR,45685.0,NEG_04_08,13.66,18.0
aFRR,45685.0,NEG_08_12,3.21,4.43
aFRR,45685.0,NEG_12_16,4.78,6.67
aFRR,45685.0,NEG_16_20,1.1,1.42
aFRR,45685.0,NEG_20_24,3.83,4.73
aFRR,45686.0,POS_00_04,2.33,2.7
aFRR,45686.0,POS_04_08,18.07,100.89
aFRR,45686.0,POS_08_12,13.36,18.61
aFRR,45686.0,POS_12_16,7.87,15.34
aFRR,45686.0,POS_16_20,17.17,19.31
aFRR,45686.0,POS_20_24,5.55,5.93
aFRR,45686.0,NEG_00_04,16.2,19.0
aFRR,45686.0,NEG_04_08,11.67,14.0
aFRR,45686.0,NEG_08_12,2.9,5.16
aFRR,45686.0,NEG_12_16,5.86,16.48
aFRR,45686.0,NEG_16_20,1.03,1.22
aFRR,45686.0,NEG_20_24,3.13,3.6
aFRR,45687.0,POS_00_04,2.65,4.63
aFRR,45687.0,POS_04_08,15.34,19.75
aFRR,45687.0,POS_08_12,16.21,21.58
aFRR,45687.0,POS_12_16,9.64,14.18
aFRR,45687.0,POS_16_20,33.15,52.98
aFRR,45687.0,POS_20_24,6.67,7.68
aFRR,45687.0,NEG_00_04,11.33,12.4
aFRR,45687.0,NEG_04_08,8.43,9.98
aFRR,45687.0,NEG_08_12,2.37,2.95
aFRR,45687.0,NEG_12_16,4.92,5.77
aFRR,45687.0,NEG_16_20,0.86,1.16
aFRR,45687.0,NEG_20_24,2.45,2.9
aFRR,45688.0,POS_00_04,2.85,3.4
aFRR,45688.0,POS_04_08,11.04,13.41
aFRR,45688.0,POS_08_12,14.07,17.27
aFRR,45688.0,POS_12_16,8.77,10.9
aFRR,45688.0,POS_16_20,33.24,42.54
aFRR,45688.0,POS_20_24,6.57,7.38
aFRR,45688.0,NEG_00_04,8.57,9.22
aFRR,45688.0,NEG_04_08,6.4,7.25
aFRR,45688.0,NEG_08_12,1.75,2.2
aFRR,45688.0,NEG_12_16,3.53,4.58
aFRR,45688.0,NEG_16_20,0.8,0.89
aFRR,45688.0,NEG_20_24,2.0,2.17
aFRR,45689.0,POS_00_04,2.76,3.54
aFRR,45689.0,POS_04_08,8.5,9.27
aFRR,45689.0,POS_08_12,10.71,12.39
aFRR,45689.0,POS_12_16,7.08,8.22
aFRR,45689.0,POS_16_20,23.19,24.95
aFRR,45689.0,POS_20_24,6.01,6.66
aFRR,45689.0,NEG_00_04,6.26,6.94
aFRR,45689.0,NEG_04_08,5.24,5.91
aFRR,45689.0,NEG_08_12,1.73,2.02
aFRR,45689.0,NEG_12_16,3.37,4.51
aFRR,45689.0,NEG_16_20,0.79,1.0
aFRR,45689.0,NEG_20_24,1.73,1.99
aFRR,45690.0,POS_00_04,2.69,3.01
aFRR,45690.0,POS_04_08,6.64,7.18
aFRR,45690.0,POS_08_12,8.39,9.15
aFRR,45690.0,POS_12_16,5.99,6.81
aFRR,45690.0,POS_16_20,16.54,18.49
aFRR,45690.0,POS_20_24,5.54,5.9
aFRR,45690.0,NEG_00_04,5.15,5.7
aFRR,45690.0,NEG_04_08,4.53,4.8
aFRR,45690.0,NEG_08_12,1.63,1.84
aFRR,45690.0,NEG_12_16,3.48,4.27
aFRR,45690.0,NEG_16_20,0.78,0.95
aFRR,45690.0,NEG_20_24,1.6,1.76
aFRR,45691.0,POS_00_04,2.79,3.26
aFRR,45691.0,POS_04_08,14.56,21.8
aFRR,45691.0,POS_08_12,42.41,83.44
aFRR,45691.0,POS_12_16,10.44,14.1
aFRR,45691.0,POS_16_20,68.54,108.55
aFRR,45691.0,POS_20_24,9.71,12.46
aFRR,45691.0,NEG_00_04,4.56,5.51
aFRR,45691.0,NEG_04_08,3.83,4.38
aFRR,45691.0,NEG_08_12,1.28,1.49
aFRR,45691.0,NEG_12_16,2.85,3.32
aFRR,45691.0,NEG_16_20,0.69,0.79
aFRR,45691.0,NEG_20_24,1.38,1.54
aFRR,45692.0,POS_00_04,2.75,3.0
aFRR,45692.0,POS_04_08,14.29,16.37
aFRR,45692.0,POS_08_12,33.74,38.5
aFRR,45692.0,POS_12_16,10.27,12.88
aFRR,45692.0,POS_16_20,46.63,53.5
aFRR,45692.0,POS_20_24,8.41,9.32
aFRR,45692.0,NEG_00_04,4.28,4.58
aFRR,45692.0,NEG_04_08,3.43,3.73
aFRR,45692.0,NEG_08_12,1.25,1.43
aFRR,45692.0,NEG_12_16,2.83,3.9
aFRR,45692.0,NEG_16_20,0.65,0.7
aFRR,45692.0,NEG_20_24,1.25,1.44
aFRR,45693.0,POS_00_04,2.58,2.75
aFRR,45693.0,POS_04_08,12.28,18.0
aFRR,45693.0,POS_08_12,26.26,32.7
aFRR,45693.0,POS_12_16,14.34,29.9
aFRR,45693.0,POS_16_20,36.1,41.1
aFRR,45693.0,POS_20_24,7.65,8.38
aFRR,45693.0,NEG_00_04,3.96,4.38
aFRR,45693.0,NEG_04_08,3.19,3.69
aFRR,45693.0,NEG_08_12,1.3,2.0
aFRR,45693.0,NEG_12_16,2.93,6.57
aFRR,45693.0,NEG_16_20,0.54,0.65
aFRR,45693.0,NEG_20_24,1.1,1.24
aFRR,45694.0,POS_00_04,2.45,2.8
aFRR,45694.0,POS_04_08,14.01,18.91
aFRR,45694.0,POS_08_12,23.56,32.58
aFRR,45694.0,POS_12_16,12.47,14.08
aFRR,45694.0,POS_16_20,27.29,30.72
aFRR,45694.0,POS_20_24,6.85,7.94
aFRR,45694.0,NEG_00_04,3.41,3.84
aFRR,45694.0,NEG_04_08,2.8,3.12
aFRR,45694.0,NEG_08_12,1.12,1.21
aFRR,45694.0,NEG_12_16,2.67,3.2
aFRR,45694.0,NEG_16_20,0.47,0.6
aFRR,45694.0,NEG_20_24,0.99,1.14
aFRR,45695.0,POS_00_04,2.5,4.47
aFRR,45695.0,POS_04_08,11.03,12.89
aFRR,45695.0,POS_08_12,17.96,20.06
aFRR,45695.0,POS_12_16,9.65,10.39
aFRR,45695.0,POS_16_20,18.41,19.0
aFRR,45695.0,POS_20_24,6.16,6.59
aFRR,45695.0,NEG_00_04,3.3,3.6
aFRR,45695.0,NEG_04_08,2.88,3.33
aFRR,45695.0,NEG_08_12,1.32,1.8
aFRR,45695.0,NEG_12_16,2.8,3.5
aFRR,45695.0,NEG_16_20,0.64,1.0
aFRR,45695.0,NEG_20_24,1.1,1.4
aFRR,45696.0,POS_00_04,2.63,3.5
aFRR,45696.0,POS_04_08,8.51,8.8
aFRR,45696.0,POS_08_12,12.23,12.89
aFRR,45696.0,POS_12_16,7.58,7.84
aFRR,45696.0,POS_16_20,14.98,16.85
aFRR,45696.0,POS_20_24,5.68,6.06
aFRR,45696.0,NEG_00_04,3.41,4.56
aFRR,45696.0,NEG_04_08,3.17,4.86
aFRR,45696.0,NEG_08_12,1.63,3.33
aFRR,45696.0,NEG_12_16,3.08,3.93
aFRR,45696.0,NEG_16_20,0.7,0.9
aFRR,45696.0,NEG_20_24,0.92,1.12
aFRR,45697.0,POS_00_04,2.62,2.95
aFRR,45697.0,POS_04_08,6.75,7.09
aFRR,45697.0,POS_08_12,8.94,9.76
aFRR,45697.0,POS_12_16,6.13,6.88
aFRR,45697.0,POS_16_20,12.29,14.0
aFRR,45697.0,POS_20_24,5.18,5.47
aFRR,45697.0,NEG_00_04,3.0,3.41
aFRR,45697.0,NEG_04_08,2.82,3.08
aFRR,45697.0,NEG_08_12,1.54,2.0
aFRR,45697.0,NEG_12_16,2.79,3.24
aFRR,45697.0,NEG_16_20,0.63,0.77
aFRR,45697.0,NEG_20_24,0.85,0.99
aFRR,45698.0,POS_00_04,2.45,2.89
aFRR,45698.0,POS_04_08,9.66,14.07
aFRR,45698.0,POS_08_12,16.02,24.7
aFRR,45698.0,POS_12_16,6.22,7.44
aFRR,45698.0,POS_16_20,11.62,16.75
aFRR,45698.0,POS_20_24,4.72,5.17
aFRR,45698.0,NEG_00_04,2.74,2.91
aFRR,45698.0,NEG_04_08,2.42,2.7
aFRR,45698.0,NEG_08_12,1.3,1.5
aFRR,45698.0,NEG_12_16,2.43,2.81
aFRR,45698.0,NEG_16_20,0.63,0.93
aFRR,45698.0,NEG_20_24,1.06,5.14
aFRR,45699.0,POS_00_04,2.26,2.53
aFRR,45699.0,POS_04_08,8.69,10.5
aFRR,45699.0,POS_08_12,12.74,15.19
aFRR,45699.0,POS_12_16,6.54,13.8
aFRR,45699.0,POS_16_20,15.19,18.77
aFRR,45699.0,POS_20_24,4.87,5.83
aFRR,45699.0,NEG_00_04,9.81,21.61
aFRR,45699.0,NEG_04_08,4.62,9.63
aFRR,45699.0,NEG_08_12,1.77,2.85
aFRR,45699.0,NEG_12_16,2.28,3.0
aFRR,45699.0,NEG_16_20,0.61,0.72
aFRR,45699.0,NEG_20_24,1.45,2.17
aFRR,45700.0,POS_00_04,2.32,2.67
aFRR,45700.0,POS_04_08,10.22,13.18
aFRR,45700.0,POS_08_12,16.19,24.04
aFRR,45700.0,POS_12_16,8.94,11.93
aFRR,45700.0,POS_16_20,22.45,37.56
aFRR,45700.0,POS_20_24,5.43,6.75
aFRR,45700.0,NEG_00_04,6.73,9.0
aFRR,45700.0,NEG_04_08,3.83,5.16
aFRR,45700.0,NEG_08_12,1.69,2.0
aFRR,45700.0,NEG_12_16,2.0,2.34
aFRR,45700.0,NEG_16_20,0.56,0.64
aFRR,45700.0,NEG_20_24,1.35,1.55
aFRR,45701.0,POS_00_04,2.44,2.86
aFRR,45701.0,POS_04_08,12.12,15.07
aFRR,45701.0,POS_08_12,21.05,26.32
aFRR,45701.0,POS_12_16,10.09,11.55
aFRR,45701.0,POS_16_20,27.06,31.32
aFRR,45701.0,POS_20_24,5.73,6.38
aFRR,45701.0,NEG_00_04,4.82,6.0
aFRR,45701.0,NEG_04_08,3.2,3.7
aFRR,45701.0,NEG_08_12,1.45,1.66
aFRR,45701.0,NEG_12_16,1.69,2.1
aFRR,45701.0,NEG_16_20,0.5,0.57
aFRR,45701.0,NEG_20_24,1.13,1.29
aFRR,45702.0,POS_00_04,2.48,2.98
aFRR,45702.0,POS_04_08,13.57,16.68
aFRR,45702.0,POS_08_12,25.61,47.04
aFRR,45702.0,POS_12_16,9.99,11.53
aFRR,45702.0,POS_16_20,69.16,110.5
aFRR,45702.0,POS_20_24,12.69,19.29
aFRR,45702.0,NEG_00_04,3.86,5.09
aFRR,45702.0,NEG_04_08,2.69,2.99
aFRR,45702.0,NEG_08_12,1.28,1.42
aFRR,45702.0,NEG_12_16,1.46,1.69
aFRR,45702.0,NEG_16_20,0.45,0.55
aFRR,45702.0,NEG_20_24,0.95,1.05
aFRR,45703.0,POS_00_04,2.62,3.91
aFRR,45703.0,POS_04_08,9.85,10.4
aFRR,45703.0,POS_08_12,16.75,18.1
aFRR,45703.0,POS_12_16,7.59,8.26
aFRR,45703.0,POS_16_20,34.32,41.12
aFRR,45703.0,POS_20_24,8.56,10.36
aFRR,45703.0,NEG_00_04,3.26,3.63
aFRR,45703.0,NEG_04_08,2.45,2.63
aFRR,45703.0,NEG_08_12,1.42,1.95
aFRR,45703.0,NEG_12_16,1.8,5.2
aFRR,45703.0,NEG_16_20,0.61,0.97
aFRR,45703.0,NEG_20_24,0.91,1.0
aFRR,45704.0,POS_00_04,2.77,3.15
aFRR,45704.0,POS_04_08,7.38,7.93
aFRR,45704.0,POS_08_12,10.69,11.88
aFRR,45704.0,POS_12_16,5.97,6.49
aFRR,45704.0,POS_16_20,16.51,18.73
aFRR,45704.0,POS_20_24,6.12,6.8
aFRR,45704.0,NEG_00_04,2.99,3.4
aFRR,45704.0,NEG_04_08,2.48,2.98
aFRR,45704.0,NEG_08_12,1.9,3.19
aFRR,45704.0,NEG_12_16,5.23,16.0
aFRR,45704.0,NEG_16_20,0.76,0.9
aFRR,45704.0,NEG_20_24,0.86,0.95
aFRR,45705.0,POS_00_04,2.67,2.89
aFRR,45705.0,POS_04_08,12.78,17.82
aFRR,45705.0,POS_08_12,19.66,25.92
aFRR,45705.0,POS_12_16,7.89,11.2
aFRR,45705.0,POS_16_20,49.87,65.71
aFRR,45705.0,POS_20_24,9.89,14.08
aFRR,45705.0,NEG_00_04,2.62,2.89
aFRR,45705.0,NEG_04_08,2.11,2.38
aFRR,45705.0,NEG_08_12,1.7,1.99
aFRR,45705.0,NEG_12_16,4.99,10.02
aFRR,45705.0,NEG_16_20,0.62,0.76
aFRR,45705.0,NEG_20_24,0.78,0.92
aFRR,45706.0,POS_00_04,2.53,2.78
aFRR,45706.0,POS_04_08,11.3,13.08
aFRR,45706.0,POS_08_12,19.16,30.0
aFRR,45706.0,POS_12_16,184.93,1005.56
aFRR,45706.0,POS_16_20,33.87,45.29
aFRR,45706.0,POS_20_24,7.96,9.33
aFRR,45706.0,NEG_00_04,2.28,2.47
aFRR,45706.0,NEG_04_08,1.84,2.15
aFRR,45706.0,NEG_08_12,1.56,1.9
aFRR,45706.0,NEG_12_16,26.33,388.0
aFRR,45706.0,NEG_16_20,0.55,0.65
aFRR,45706.0,NEG_20_24,0.76,0.9
aFRR,45707.0,POS_00_04,2.45,2.68
aFRR,45707.0,POS_04_08,10.15,11.8
aFRR,45707.0,POS_08_12,17.34,19.68
aFRR,45707.0,POS_12_16,46.79,69.75
aFRR,45707.0,POS_16_20,25.14,28.76
aFRR,45707.0,POS_20_24,6.95,7.93
aFRR,45707.0,NEG_00_04,2.13,2.79
aFRR,45707.0,NEG_04_08,1.88,2.37
aFRR,45707.0,NEG_08_12,1.87,4.49
aFRR,45707.0,NEG_12_16,24.64,37.9
aFRR,45707.0,NEG_16_20,0.52,0.66
aFRR,45707.0,NEG_20_24,0.76,0.95
aFRR,45708.0,POS_00_04,2.41,2.6
aFRR,45708.0,POS_04_08,9.31,9.98
aFRR,45708.0,POS_08_12,14.53,15.98
aFRR,45708.0,POS_12_16,22.64,27.1
aFRR,45708.0,POS_16_20,18.73,21.11
aFRR,45708.0,POS_20_24,6.2,6.44
aFRR,45708.0,NEG_00_04,2.23,2.57
aFRR,45708.0,NEG_04_08,1.97,2.19
aFRR,45708.0,NEG_08_12,2.33,2.91
aFRR,45708.0,NEG_12_16,13.03,16.42
aFRR,45708.0,NEG_16_20,0.52,0.77
aFRR,45708.0,NEG_20_24,0.89,2.0
aFRR,45709.0,POS_00_04,2.27,2.4
aFRR,45709.0,POS_04_08,8.54,9.42
aFRR,45709.0,POS_08_12,12.08,14.03
aFRR,45709.0,POS_12_16,12.81,14.54
aFRR,45709.0,POS_16_20,14.51,15.99
aFRR,45709.0,POS_20_24,5.41,5.76
aFRR,45709.0,NEG_00_04,2.41,4.12
aFRR,45709.0,NEG_04_08,1.83,1.99
aFRR,45709.0,NEG_08_12,2.01,2.3
aFRR,45709.0,NEG_12_16,9.07,11.09
aFRR,45709.0,NEG_16_20,0.55,0.65
aFRR,45709.0,NEG_20_24,1.94,3.99
aFRR,45710.0,POS_00_04,1.94,2.23
aFRR,45710.0,POS_04_08,6.85,7.51
aFRR,45710.0,POS_08_12,9.45,10.29
aFRR,45710.0,POS_12_16,8.32,9.25
aFRR,45710.0,POS_16_20,12.31,13.51
aFRR,45710.0,POS_20_24,4.79,5.29
aFRR,45710.0,NEG_00_04,6.31,16.8
aFRR,45710.0,NEG_04_08,5.0,14.88
aFRR,45710.0,NEG_08_12,3.71,6.44
aFRR,45710.0,NEG_12_16,9.03,16.02
aFRR,45710.0,NEG_16_20,0.56,0.97
aFRR,45710.0,NEG_20_24,1.77,2.69
aFRR,45711.0,POS_00_04,1.91,2.21
aFRR,45711.0,POS_04_08,5.92,6.45
aFRR,45711.0,POS_08_12,7.9,8.95
aFRR,45711.0,POS_12_16,6.09,6.91
aFRR,45711.0,POS_16_20,11.66,14.2
aFRR,45711.0,POS_20_24,4.39,5.36
aFRR,45711.0,NEG_00_04,5.75,7.54
aFRR,45711.0,NEG_04_08,4.54,6.12
aFRR,45711.0,NEG_08_12,3.74,5.0
aFRR,45711.0,NEG_12_16,11.39,18.28
aFRR,45711.0,NEG_16_20,0.58,0.72
aFRR,45711.0,NEG_20_24,1.77,2.16
aFRR,45712.0,POS_00_04,1.84,1.98
aFRR,45712.0,POS_04_08,6.23,9.44
aFRR,45712.0,POS_08_12,10.21,13.2
aFRR,45712.0,POS_12_16,7.0,9.41
aFRR,45712.0,POS_16_20,14.33,20.0
aFRR,45712.0,POS_20_24,5.78,10.66
aFRR,45712.0,NEG_00_04,11.8,27.85
aFRR,45712.0,NEG_04_08,8.49,16.53
aFRR,45712.0,NEG_08_12,3.68,5.12
aFRR,45712.0,NEG_12_16,10.64,13.9
aFRR,45712.0,NEG_16_20,0.53,0.66
aFRR,45712.0,NEG_20_24,1.48,1.83
aFRR,45713.0,POS_00_04,1.95,2.84
aFRR,45713.0,POS_04_08,10.2,14.2
aFRR,45713.0,POS_08_12,15.09,19.77
aFRR,45713.0,POS_12_16,9.17,12.34
aFRR,45713.0,POS_16_20,53.75,77.38
aFRR,45713.0,POS_20_24,9.61,12.14
aFRR,45713.0,NEG_00_04,8.69,10.76
aFRR,45713.0,NEG_04_08,6.57,8.36
aFRR,45713.0,NEG_08_12,2.99,3.42
aFRR,45713.0,NEG_12_16,7.16,9.2
aFRR,45713.0,NEG_16_20,0.47,0.55
aFRR,45713.0,NEG_20_24,1.15,1.44
aFRR,45714.0,POS_00_04,2.26,2.89
aFRR,45714.0,POS_04_08,10.52,12.2
aFRR,45714.0,POS_08_12,14.0,17.78
aFRR,45714.0,POS_12_16,8.86,9.96
aFRR,45714.0,POS_16_20,36.85,44.06
aFRR,45714.0,POS_20_24,8.85,10.03
aFRR,45714.0,NEG_00_04,4.54,6.62
aFRR,45714.0,NEG_04_08,4.11,5.37
aFRR,45714.0,NEG_08_12,2.25,2.6
aFRR,45714.0,NEG_12_16,5.56,6.3
aFRR,45714.0,NEG_16_20,0.46,0.52
aFRR,45714.0,NEG_20_24,1.02,1.19
aFRR,45715.0,POS_00_04,2.3,2.76
aFRR,45715.0,POS_04_08,9.52,10.38
aFRR,45715.0,POS_08_12,12.32,13.63
aFRR,45715.0,POS_12_16,7.97,8.73
aFRR,45715.0,POS_16_20,26.86,29.05
aFRR,45715.0,POS_20_24,7.96,8.35
aFRR,45715.0,NEG_00_04,3.96,4.36
aFRR,45715.0,NEG_04_08,3.43,3.87
aFRR,45715.0,NEG_08_12,2.02,2.23
aFRR,45715.0,NEG_12_16,4.71,5.4
aFRR,45715.0,NEG_16_20,0.43,0.48
aFRR,45715.0,NEG_20_24,0.89,1.0
aFRR,45716.0,POS_00_04,2.31,2.66
aFRR,45716.0,POS_04_08,8.9,9.63
aFRR,45716.0,POS_08_12,26.7,43.56
aFRR,45716.0,POS_12_16,7.24,7.65
aFRR,45716.0,POS_16_20,21.68,24.94
aFRR,45716.0,POS_20_24,7.23,8.36
aFRR,45716.0,NEG_00_04,3.09,3.62
aFRR,45716.0,NEG_04_08,2.73,3.08
aFRR,45716.0,NEG_08_12,1.8,2.73
aFRR,45716.0,NEG_12_16,4.01,4.44
aFRR,45716.0,NEG_16_20,0.37,0.46
aFRR,45716.0,NEG_20_24,0.76,0.87
aFRR,45717.0,POS_00_04,2.46,4.75
aFRR,45717.0,POS_04_08,7.26,8.13
aFRR,45717.0,POS_08_12,15.07,17.39
aFRR,45717.0,POS_12_16,6.09,6.45
aFRR,45717.0,POS_16_20,16.85,18.62
aFRR,45717.0,POS_20_24,6.37,6.99
aFRR,45717.0,NEG_00_04,2.72,2.97
aFRR,45717.0,NEG_04_08,2.48,2.9
aFRR,45717.0,NEG_08_12,2.0,2.58
aFRR,45717.0,NEG_12_16,4.23,6.55
aFRR,45717.0,NEG_16_20,0.39,0.49
aFRR,45717.0,NEG_20_24,0.77,0.87
aFRR,45718.0,POS_00_04,3.06,4.84
aFRR,45718.0,POS_04_08,5.98,6.35
aFRR,45718.0,POS_08_12,9.88,11.62
aFRR,45718.0,POS_12_16,4.94,5.37
aFRR,45718.0,POS_16_20,13.71,16.57
aFRR,45718.0,POS_20_24,5.66,6.04
aFRR,45718.0,NEG_00_04,2.59,2.83
aFRR,45718.0,NEG_04_08,2.49,2.85
aFRR,45718.0,NEG_08_12,8.18,24.69
aFRR,45718.0,NEG_12_16,23.33,63.09
aFRR,45718.0,NEG_16_20,0.82,3.23
aFRR,45718.0,NEG_20_24,0.81,1.44
aFRR,45719.0,POS_00_04,3.04,3.49
aFRR,45719.0,POS_04_08,7.4,9.11
aFRR,45719.0,POS_08_12,10.86,13.32
aFRR,45719.0,POS_12_16,6.01,7.88
aFRR,45719.0,POS_16_20,19.79,27.49
aFRR,45719.0,POS_20_24,7.13,9.77
aFRR,45719.0,NEG_00_04,2.48,2.92
aFRR,45719.0,NEG_04_08,2.3,2.53
aFRR,45719.0,NEG_08_12,7.88,15.6
aFRR,45719.0,NEG_12_16,26.22,41.81
aFRR,45719.0,NEG_16_20,0.98,1.74
aFRR,45719.0,NEG_20_24,0.86,1.01
aFRR,45720.0,POS_00_04,2.74,2.99
aFRR,45720.0,POS_04_08,7.89,9.71
aFRR,45720.0,POS_08_12,10.95,12.69
aFRR,45720.0,POS_12_16,6.07,7.62
aFRR,45720.0,POS_16_20,21.14,25.09
aFRR,45720.0,POS_20_24,7.08,7.66
aFRR,45720.0,NEG_00_04,2.27,2.4
aFRR,45720.0,NEG_04_08,2.12,2.35
aFRR,45720.0,NEG_08_12,9.9,25.5
aFRR,45720.0,NEG_12_16,25.79,40.0
aFRR,45720.0,NEG_16_20,1.03,1.7
aFRR,45720.0,NEG_20_24,0.89,1.01
aFRR,45721.0,POS_00_04,2.46,2.76
aFRR,45721.0,POS_04_08,7.47,8.13
aFRR,45721.0,POS_08_12,10.05,12.81
aFRR,45721.0,POS_12_16,5.73,8.52
aFRR,45721.0,POS_16_20,19.41,21.81
aFRR,45721.0,POS_20_24,6.55,7.55
aFRR,45721.0,NEG_00_04,2.12,2.35
aFRR,45721.0,NEG_04_08,2.07,2.28
aFRR,45721.0,NEG_08_12,19.25,31.23
aFRR,45721.0,NEG_12_16,36.59,60.0
aFRR,45721.0,NEG_16_20,1.38,2.35
aFRR,45721.0,NEG_20_24,0.88,1.0
aFRR,45722.0,POS_00_04,6.14,24.92
aFRR,45722.0,POS_04_08,11.91,21.25
aFRR,45722.0,POS_08_12,19.26,61.72
aFRR,45722.0,POS_12_16,66.71,371.92
aFRR,45722.0,POS_16_20,22.4,29.87
aFRR,45722.0,POS_20_24,6.71,8.04
aFRR,45722.0,NEG_00_04,2.33,5.69
aFRR,45722.0,NEG_04_08,2.34,8.0
aFRR,45722.0,NEG_08_12,23.72,35.75
aFRR,45722.0,NEG_12_16,46.34,75.0
aFRR,45722.0,NEG_16_20,1.65,3.0
aFRR,45722.0,NEG_20_24,0.9,2.11
aFRR,45723.0,POS_00_04,6.44,8.92
aFRR,45723.0,POS_04_08,11.58,14.12
aFRR,45723.0,POS_08_12,16.82,23.12
aFRR,45723.0,POS_12_16,29.27,44.34
aFRR,45723.0,POS_16_20,28.55,39.8
aFRR,45723.0,POS_20_24,10.81,21.88
aFRR,45723.0,NEG_00_04,2.95,4.32
aFRR,45723.0,NEG_04_08,3.27,4.3
aFRR,45723.0,NEG_08_12,23.03,28.54
aFRR,45723.0,NEG_12_16,44.92,62.95
aFRR,45723.0,NEG_16_20,1.72,2.18
aFRR,45723.0,NEG_20_24,1.13,1.5
aFRR,45724.0,POS_00_04,5.39,6.99
aFRR,45724.0,POS_04_08,9.56,10.91
aFRR,45724.0,POS_08_12,12.27,13.42
aFRR,45724.0,POS_12_16,16.87,19.33
aFRR,45724.0,POS_16_20,23.54,26.78
aFRR,45724.0,POS_20_24,9.1,11.15
aFRR,45724.0,NEG_00_04,2.8,3.23
aFRR,45724.0,NEG_04_08,3.02,3.42
aFRR,45724.0,NEG_08_12,28.44,39.2
aFRR,45724.0,NEG_12_16,57.64,81.52
aFRR,45724.0,NEG_16_20,2.44,5.84
aFRR,45724.0,NEG_20_24,1.31,1.7
aFRR,45725.0,POS_00_04,4.58,4.94
aFRR,45725.0,POS_04_08,7.76,8.26
aFRR,45725.0,POS_08_12,9.63,10.28
aFRR,45725.0,POS_12_16,10.37,11.58
aFRR,45725.0,POS_16_20,19.17,21.57
aFRR,45725.0,POS_20_24,7.5,8.5
aFRR,45725.0,NEG_00_04,3.23,3.88
aFRR,45725.0,NEG_04_08,3.25,3.86
aFRR,45725.0,NEG_08_12,34.66,52.5
aFRR,45725.0,NEG_12_16,68.84,87.0
aFRR,45725.0,NEG_16_20,4.16,8.1
aFRR,45725.0,NEG_20_24,1.31,1.64
aFRR,45726.0,POS_00_04,4.23,4.53
aFRR,45726.0,POS_04_08,10.65,14.08
aFRR,45726.0,POS_08_12,11.77,13.45
aFRR,45726.0,POS_12_16,10.72,14.91
aFRR,45726.0,POS_16_20,28.32,38.0
aFRR,45726.0,POS_20_24,9.65,11.94
aFRR,45726.0,NEG_00_04,2.52,3.02
aFRR,45726.0,NEG_04_08,2.6,3.03
aFRR,45726.0,NEG_08_12,20.1,23.12
aFRR,45726.0,NEG_12_16,35.22,41.15
aFRR,45726.0,NEG_16_20,3.14,3.74
aFRR,45726.0,NEG_20_24,1.13,1.26
aFRR,45727.0,POS_00_04,3.86,4.18
aFRR,45727.0,POS_04_08,11.71,13.62
aFRR,45727.0,POS_08_12,11.09,13.64
aFRR,45727.0,POS_12_16,16.48,57.07
aFRR,45727.0,POS_16_20,32.84,42.53
aFRR,45727.0,POS_20_24,9.6,10.86
aFRR,45727.0,NEG_00_04,2.33,2.79
aFRR,45727.0,NEG_04_08,2.34,2.8
aFRR,45727.0,NEG_08_12,10.99,14.12
aFRR,45727.0,NEG_12_16,24.02,28.33
aFRR,45727.0,NEG_16_20,2.29,2.77
aFRR,45727.0,NEG_20_24,0.97,1.14
aFRR,45728.0,POS_00_04,3.5,3.87
aFRR,45728.0,POS_04_08,11.07,11.7
aFRR,45728.0,POS_08_12,10.76,11.56
aFRR,45728.0,POS_12_16,16.59,21.07
aFRR,45728.0,POS_16_20,36.66,48.08
aFRR,45728.0,POS_20_24,9.55,10.45
aFRR,45728.0,NEG_00_04,2.26,2.45
aFRR,45728.0,NEG_04_08,2.28,2.49
aFRR,45728.0,NEG_08_12,7.62,9.2
aFRR,45728.0,NEG_12_16,16.83,18.45
aFRR,45728.0,NEG_16_20,1.73,1.95
aFRR,45728.0,NEG_20_24,0.92,1.01
aFRR,45729.0,POS_00_04,3.3,3.49
aFRR,45729.0,POS_04_08,9.78,10.46
aFRR,45729.0,POS_08_12,9.69,10.37
aFRR,45729.0,POS_12_16,11.68,13.7
aFRR,45729.0,POS_16_20,32.31,35.46
aFRR,45729.0,POS_20_24,8.72,9.5
aFRR,45729.0,NEG_00_04,1.97,2.3
aFRR,45729.0,NEG_04_08,2.05,2.27
aFRR,45729.0,NEG_08_12,5.63,6.44
aFRR,45729.0,NEG_12_16,11.65,13.12
aFRR,45729.0,NEG_16_20,1.38,1.64
aFRR,45729.0,NEG_20_24,0.84,0.94
aFRR,45730.0,POS_00_04,2.99,3.24
aFRR,45730.0,POS_04_08,8.83,9.22
aFRR,45730.0,POS_08_12,8.93,9.61
aFRR,45730.0,POS_12_16,9.34,10.5
aFRR,45730.0,POS_16_20,25.86,29.4
aFRR,45730.0,POS_20_24,8.22,9.84
aFRR,45730.0,NEG_00_04,1.89,2.09
aFRR,45730.0,NEG_04_08,1.84,1.99
aFRR,45730.0,NEG_08_12,4.41,4.92
aFRR,45730.0,NEG_12_16,9.0,10.29
aFRR,45730.0,NEG_16_20,1.2,1.33
aFRR,45730.0,NEG_20_24,0.76,0.86
aFRR,45731.0,POS_00_04,3.15,6.06
aFRR,45731.0,POS_04_08,7.8,8.56
aFRR,45731.0,POS_08_12,8.01,9.27
aFRR,45731.0,POS_12_16,7.65,8.39
aFRR,45731.0,POS_16_20,19.71,22.74
aFRR,45731.0,POS_20_24,7.6,7.9
aFRR,45731.0,NEG_00_04,1.85,2.46
aFRR,45731.0,NEG_04_08,1.88,2.55
aFRR,45731.0,NEG_08_12,8.28,14.35
aFRR,45731.0,NEG_12_16,18.89,28.55
aFRR,45731.0,NEG_16_20,1.84,2.4
aFRR,45731.0,NEG_20_24,0.96,1.29
aFRR,45732.0,POS_00_04,3.7,4.45
aFRR,45732.0,POS_04_08,6.73,7.14
aFRR,45732.0,POS_08_12,7.36,8.22
aFRR,45732.0,POS_12_16,6.37,7.01
aFRR,45732.0,POS_16_20,16.98,18.67
aFRR,45732.0,POS_20_24,6.68,7.15
aFRR,45732.0,NEG_00_04,2.18,2.51
aFRR,45732.0,NEG_04_08,2.26,2.59
aFRR,45732.0,NEG_08_12,20.03,32.0
aFRR,45732.0,NEG_12_16,40.77,61.42
aFRR,45732.0,NEG_16_20,2.46,3.52
aFRR,45732.0,NEG_20_24,1.06,1.55
aFRR,45733.0,POS_00_04,3.35,3.67
aFRR,45733.0,POS_04_08,8.73,10.94
aFRR,45733.0,POS_08_12,19.04,39.11
aFRR,45733.0,POS_12_16,20.82,80.0
aFRR,45733.0,POS_16_20,26.77,33.44
aFRR,45733.0,POS_20_24,8.86,11.23
aFRR,45733.0,NEG_00_04,2.29,3.74
aFRR,45733.0,NEG_04_08,2.07,2.44
aFRR,45733.0,NEG_08_12,15.35,20.65
aFRR,45733.0,NEG_12_16,34.58,44.67
aFRR,45733.0,NEG_16_20,1.81,2.35
aFRR,45733.0,NEG_20_24,0.96,1.1
aFRR,45734.0,POS_00_04,3.31,3.68
aFRR,45734.0,POS_04_08,9.18,10.4
aFRR,45734.0,POS_08_12,19.89,28.46
aFRR,45734.0,POS_12_16,23.94,34.8
aFRR,45734.0,POS_16_20,31.28,47.41
aFRR,45734.0,POS_20_24,8.98,10.11
aFRR,45734.0,NEG_00_04,2.12,2.42
aFRR,45734.0,NEG_04_08,1.98,2.2
aFRR,45734.0,NEG_08_12,24.53,47.23
aFRR,45734.0,NEG_12_16,50.62,93.77
aFRR,45734.0,NEG_16_20,1.7,2.0
aFRR,45734.0,NEG_20_24,0.84,0.96
aFRR,45735.0,POS_00_04,3.17,3.5
aFRR,45735.0,POS_04_08,10.19,12.04
aFRR,45735.0,POS_08_12,16.58,19.89
aFRR,45735.0,POS_12_16,18.37,21.52
aFRR,45735.0,POS_16_20,39.01,49.31
aFRR,45735.0,POS_20_24,10.27,16.42
aFRR,45735.0,NEG_00_04,1.9,2.18
aFRR,45735.0,NEG_04_08,1.8,1.98
aFRR,45735.0,NEG_08_12,30.06,42.0
aFRR,45735.0,NEG_12_16,59.64,85.52
aFRR,45735.0,NEG_16_20,1.54,1.74
aFRR,45735.0,NEG_20_24,0.77,0.85
aFRR,45736.0,POS_00_04,3.09,3.38
aFRR,45736.0,POS_04_08,10.25,12.0
aFRR,45736.0,POS_08_12,14.16,15.55
aFRR,45736.0,POS_12_16,14.66,15.43
aFRR,45736.0,POS_16_20,44.19,54.51
aFRR,45736.0,POS_20_24,13.22,22.26
aFRR,45736.0,NEG_00_04,1.77,1.93
aFRR,45736.0,NEG_04_08,1.62,1.74
aFRR,45736.0,NEG_08_12,31.59,37.54
aFRR,45736.0,NEG_12_16,63.04,73.15
aFRR,45736.0,NEG_16_20,1.38,1.54
aFRR,45736.0,NEG_20_24,0.71,1.0
aFRR,45737.0,POS_00_04,3.44,5.14
aFRR,45737.0,POS_04_08,10.56,13.0
aFRR,45737.0,POS_08_12,12.95,17.14
aFRR,45737.0,POS_12_16,12.63,23.02
aFRR,45737.0,POS_16_20,30.14,37.51
aFRR,45737.0,POS_20_24,9.53,11.7
aFRR,45737.0,NEG_00_04,1.6,1.75
aFRR,45737.0,NEG_04_08,1.47,1.6
aFRR,45737.0,NEG_08_12,28.35,33.54
aFRR,45737.0,NEG_12_16,59.54,71.2
aFRR,45737.0,NEG_16_20,3.27,6.8
aFRR,45737.0,NEG_20_24,2.78,8.8
aFRR,45738.0,POS_00_04,3.63,6.39
aFRR,45738.0,POS_04_08,8.71,9.72
aFRR,45738.0,POS_08_12,10.37,11.55
aFRR,45738.0,POS_12_16,11.19,14.93
aFRR,45738.0,POS_16_20,22.17,25.7
aFRR,45738.0,POS_20_24,8.52,9.62
aFRR,45738.0,NEG_00_04,11.19,16.89
aFRR,45738.0,NEG_04_08,7.81,13.16
aFRR,45738.0,NEG_08_12,32.62,42.1
aFRR,45738.0,NEG_12_16,66.79,78.73
aFRR,45738.0,NEG_16_20,8.98,16.55
aFRR,45738.0,NEG_20_24,4.61,7.86
aFRR,45739.0,POS_00_04,3.89,4.43
aFRR,45739.0,POS_04_08,6.99,7.61
aFRR,45739.0,POS_08_12,8.66,9.71
aFRR,45739.0,POS_12_16,9.26,10.57
aFRR,45739.0,POS_16_20,18.48,20.02
aFRR,45739.0,POS_20_24,7.64,8.42
aFRR,45739.0,NEG_00_04,10.92,13.25
aFRR,45739.0,NEG_04_08,7.65,9.64
aFRR,45739.0,NEG_08_12,30.52,33.89
aFRR,45739.0,NEG_12_16,56.48,64.02
aFRR,45739.0,NEG_16_20,5.8,8.19
aFRR,45739.0,NEG_20_24,3.48,4.5
aFRR,45740.0,POS_00_04,3.89,4.33
aFRR,45740.0,POS_04_08,7.45,9.55
aFRR,45740.0,POS_08_12,13.4,26.18
aFRR,45740.0,POS_12_16,18.35,42.0
aFRR,45740.0,POS_16_20,30.4,40.91
aFRR,45740.0,POS_20_24,9.94,12.57
aFRR,45740.0,NEG_00_04,5.48,6.83
aFRR,45740.0,NEG_04_08,4.0,5.46
aFRR,45740.0,NEG_08_12,17.88,19.93
aFRR,45740.0,NEG_12_16,27.99,33.71
aFRR,45740.0,NEG_16_20,3.22,3.87
aFRR,45740.0,NEG_20_24,2.09,2.76
aFRR,45741.0,POS_00_04,3.65,3.91
aFRR,45741.0,POS_04_08,7.6,8.62
aFRR,45741.0,POS_08_12,13.13,16.38
aFRR,45741.0,POS_12_16,16.14,22.05
aFRR,45741.0,POS_16_20,26.45,29.9
aFRR,45741.0,POS_20_24,9.22,9.88
aFRR,45741.0,NEG_00_04,3.04,4.4
aFRR,45741.0,NEG_04_08,2.86,3.55
aFRR,45741.0,NEG_08_12,12.93,15.42
aFRR,45741.0,NEG_12_16,21.61,26.77
aFRR,45741.0,NEG_16_20,2.32,2.87
aFRR,45741.0,NEG_20_24,1.47,1.93
aFRR,45742.0,POS_00_04,3.36,3.5
aFRR,45742.0,POS_04_08,7.23,8.04
aFRR,45742.0,POS_08_12,11.28,12.11
aFRR,45742.0,POS_12_16,12.67,13.79
aFRR,45742.0,POS_16_20,23.85,27.69
aFRR,45742.0,POS_20_24,8.92,10.96
aFRR,45742.0,NEG_00_04,3.0,3.39
aFRR,45742.0,NEG_04_08,2.37,2.69
aFRR,45742.0,NEG_08_12,10.32,11.32
aFRR,45742.0,NEG_12_16,19.5,23.13
aFRR,45742.0,NEG_16_20,1.95,2.17
aFRR,45742.0,NEG_20_24,1.18,1.32
aFRR,45743.0,POS_00_04,3.15,3.39
aFRR,45743.0,POS_04_08,7.0,7.44
aFRR,45743.0,POS_08_12,9.64,10.46
aFRR,45743.0,POS_12_16,10.67,16.73
aFRR,45743.0,POS_16_20,23.97,29.99
aFRR,45743.0,POS_20_24,9.75,15.22
aFRR,45743.0,NEG_00_04,2.51,2.8
aFRR,45743.0,NEG_04_08,1.95,2.23
aFRR,45743.0,NEG_08_12,14.97,19.98
aFRR,45743.0,NEG_12_16,34.5,55.83
aFRR,45743.0,NEG_16_20,1.81,2.2
aFRR,45743.0,NEG_20_24,1.02,1.17
aFRR,45744.0,POS_00_04,2.99,3.18
aFRR,45744.0,POS_04_08,6.68,6.91
aFRR,45744.0,POS_08_12,8.83,9.54
aFRR,45744.0,POS_12_16,12.39,18.2
aFRR,45744.0,POS_16_20,26.87,33.95
aFRR,45744.0,POS_20_24,11.14,13.73
aFRR,45744.0,NEG_00_04,2.31,2.56
aFRR,45744.0,NEG_04_08,1.89,2.09
aFRR,45744.0,NEG_08_12,28.08,39.33
aFRR,45744.0,NEG_12_16,54.73,69.81
aFRR,45744.0,NEG_16_20,1.86,2.31
aFRR,45744.0,NEG_20_24,0.95,1.05
aFRR,45745.0,POS_00_04,3.49,4.9
aFRR,45745.0,POS_04_08,6.09,6.43
aFRR,45745.0,POS_08_12,8.31,14.98
aFRR,45745.0,POS_12_16,11.04,13.53
aFRR,45745.0,POS_16_20,21.96,24.1
aFRR,45745.0,POS_20_24,9.87,11.0
aFRR,45745.0,NEG_00_04,2.14,2.38
aFRR,45745.0,NEG_04_08,1.86,2.15
aFRR,45745.0,NEG_08_12,22.35,26.8
aFRR,45745.0,NEG_12_16,48.64,58.26
aFRR,45745.0,NEG_16_20,2.78,3.84
aFRR,45745.0,NEG_20_24,1.16,1.42
aFRR,45746.0,POS_00_04,4.84,15.35
aFRR,45746.0,POS_04_08,5.63,7.1
aFRR,45746.0,POS_08_12,8.86,10.02
aFRR,45746.0,POS_12_16,9.53,10.03
aFRR,45746.0,POS_16_20,17.07,18.23
aFRR,45746.0,POS_20_24,8.24,8.91
aFRR,45746.0,NEG_00_04,4.77,7.05
aFRR,45746.0,NEG_04_08,7.15,10.24
aFRR,45746.0,NEG_08_12,30.32,36.08
aFRR,45746.0,NEG_12_16,60.09,73.14
aFRR,45746.0,NEG_16_20,11.22,20.64
aFRR,45746.0,NEG_20_24,3.59,6.05
aFRR,45747.0,POS_00_04,4.81,6.6
aFRR,45747.0,POS_04_08,8.6,10.4
aFRR,45747.0,POS_08_12,17.7,26.01
aFRR,45747.0,POS_12_16,15.45,25.05
aFRR,45747.0,POS_16_20,22.76,28.4
aFRR,45747.0,POS_20_24,12.73,18.17
aFRR,45747.0,NEG_00_04,11.19,25.0
aFRR,45747.0,NEG_04_08,7.46,12.77
aFRR,45747.0,NEG_08_12,18.17,22.7
aFRR,45747.0,NEG_12_16,34.5,46.42
aFRR,45747.0,NEG_16_20,6.95,9.62
aFRR,45747.0,NEG_20_24,2.02,2.83
aFRR,45748.0,POS_00_04,4.22,4.92
aFRR,45748.0,POS_04_08,10.37,14.35
aFRR,45748.0,POS_08_12,29.04,50.51
aFRR,45748.0,POS_12_16,18.98,51.46
aFRR,45748.0,POS_16_20,24.51,36.72
aFRR,45748.0,POS_20_24,12.17,13.39
aFRR,45748.0,NEG_00_04,6.82,8.9
aFRR,45748.0,NEG_04_08,4.75,6.35
aFRR,45748.0,NEG_08_12,16.49,27.55
aFRR,45748.0,NEG_12_16,44.1,80.66
aFRR,45748.0,NEG_16_20,5.6,8.77
aFRR,45748.0,NEG_20_24,1.71,2.2
aFRR,45749.0,POS_00_04,3.66,4.05
aFRR,45749.0,POS_04_08,9.92,11.65
aFRR,45749.0,POS_08_12,21.98,25.0
aFRR,45749.0,POS_12_16,16.5,18.87
aFRR,45749.0,POS_16_20,22.04,26.7
aFRR,45749.0,POS_20_24,10.89,11.95
aFRR,45749.0,NEG_00_04,6.07,7.1
aFRR,45749.0,NEG_04_08,3.69,4.05
aFRR,45749.0,NEG_08_12,23.1,28.82
aFRR,45749.0,NEG_12_16,62.68,77.38
aFRR,45749.0,NEG_16_20,8.97,17.0
aFRR,45749.0,NEG_20_24,1.71,2.03
aFRR,45750.0,POS_00_04,3.25,3.64
aFRR,45750.0,POS_04_08,11.47,18.18
aFRR,45750.0,POS_08_12,18.8,38.04
aFRR,45750.0,POS_12_16,13.66,15.0
aFRR,45750.0,POS_16_20,23.58,30.95
aFRR,45750.0,POS_20_24,16.16,25.72
aFRR,45750.0,NEG_00_04,5.16,5.89
aFRR,45750.0,NEG_04_08,3.02,3.38
aFRR,45750.0,NEG_08_12,21.79,26.6
aFRR,45750.0,NEG_12_16,64.51,83.78
aFRR,45750.0,NEG_16_20,9.71,17.0
aFRR,45750.0,NEG_20_24,1.43,1.6
aFRR,45751.0,POS_00_04,3.19,3.66
aFRR,45751.0,POS_04_08,13.71,19.65
aFRR,45751.0,POS_08_12,20.6,23.23
aFRR,45751.0,POS_12_16,11.99,12.73
aFRR,45751.0,POS_16_20,23.48,26.28
aFRR,45751.0,POS_20_24,17.76,26.16
aFRR,45751.0,NEG_00_04,4.07,4.47
aFRR,45751.0,NEG_04_08,2.52,2.7
aFRR,45751.0,NEG_08_12,20.53,23.84
aFRR,45751.0,NEG_12_16,68.1,80.12
aFRR,45751.0,NEG_16_20,12.15,15.71
aFRR,45751.0,NEG_20_24,1.32,1.47
aFRR,45752.0,POS_00_04,5.66,8.86
aFRR,45752.0,POS_04_08,11.3,12.7
aFRR,45752.0,POS_08_12,14.66,17.7
aFRR,45752.0,POS_12_16,9.89,10.73
aFRR,45752.0,POS_16_20,17.94,19.18
aFRR,45752.0,POS_20_24,15.17,18.36
aFRR,45752.0,NEG_00_04,3.61,4.16
aFRR,45752.0,NEG_04_08,2.45,2.93
aFRR,45752.0,NEG_08_12,26.8,33.11
aFRR,45752.0,NEG_12_16,73.33,88.14
aFRR,45752.0,NEG_16_20,17.6,34.49
aFRR,45752.0,NEG_20_24,2.35,3.23
aFRR,45753.0,POS_00_04,4.77,5.8
aFRR,45753.0,POS_04_08,8.71,9.93
aFRR,45753.0,POS_08_12,11.32,13.0
aFRR,45753.0,POS_12_16,8.4,8.77
aFRR,45753.0,POS_16_20,15.1,17.31
aFRR,45753.0,POS_20_24,14.64,17.63
aFRR,45753.0,NEG_00_04,4.28,5.61
aFRR,45753.0,NEG_04_08,2.81,3.5
aFRR,45753.0,NEG_08_12,30.44,34.94
aFRR,45753.0,NEG_12_16,76.06,85.53
aFRR,45753.0,NEG_16_20,19.58,26.75
aFRR,45753.0,NEG_20_24,1.85,2.2
aFRR,45754.0,POS_00_04,4.64,5.23
aFRR,45754.0,POS_04_08,13.12,18.15
aFRR,45754.0,POS_08_12,17.21,27.36
aFRR,45754.0,POS_12_16,9.67,13.36
aFRR,45754.0,POS_16_20,25.04,32.52
aFRR,45754.0,POS_20_24,22.98,29.64
aFRR,45754.0,NEG_00_04,3.57,4.0
aFRR,45754.0,NEG_04_08,2.2,2.56
aFRR,45754.0,NEG_08_12,20.61,31.82
aFRR,45754.0,NEG_12_16,65.38,94.0
aFRR,45754.0,NEG_16_20,13.74,17.34
aFRR,45754.0,NEG_20_24,1.53,1.69
aFRR,45755.0,POS_00_04,4.34,4.63
aFRR,45755.0,POS_04_08,18.04,24.17
aFRR,45755.0,POS_08_12,19.19,23.12
aFRR,45755.0,POS_12_16,10.51,11.8
aFRR,45755.0,POS_16_20,26.7,32.75
aFRR,45755.0,POS_20_24,23.48,26.03
aFRR,45755.0,NEG_00_04,2.75,3.21
aFRR,45755.0,NEG_04_08,1.76,2.23
aFRR,45755.0,NEG_08_12,20.66,24.7
aFRR,45755.0,NEG_12_16,59.7,77.06
aFRR,45755.0,NEG_16_20,10.74,15.15
aFRR,45755.0,NEG_20_24,1.23,1.48
aFRR,45756.0,POS_00_04,3.92,4.24
aFRR,45756.0,POS_04_08,17.34,19.48
aFRR,45756.0,POS_08_12,17.68,19.2
aFRR,45756.0,POS_12_16,9.64,10.19
aFRR,45756.0,POS_16_20,23.15,24.49
aFRR,45756.0,POS_20_24,19.67,21.53
aFRR,45756.0,NEG_00_04,2.13,2.4
aFRR,45756.0,NEG_04_08,1.69,1.84
aFRR,45756.0,NEG_08_12,18.04,19.3
aFRR,45756.0,NEG_12_16,57.12,63.47
aFRR,45756.0,NEG_16_20,10.51,11.6
aFRR,45756.0,NEG_20_24,1.14,1.33
aFRR,45757.0,POS_00_04,3.6,3.93
aFRR,45757.0,POS_04_08,15.49,17.1
aFRR,45757.0,POS_08_12,16.03,17.58
aFRR,45757.0,POS_12_16,9.21,20.3
aFRR,45757.0,POS_16_20,20.24,22.38
aFRR,45757.0,POS_20_24,17.69,19.03
aFRR,45757.0,NEG_00_04,1.83,2.0
aFRR,45757.0,NEG_04_08,1.45,1.62
aFRR,45757.0,NEG_08_12,15.72,16.97
aFRR,45757.0,NEG_12_16,53.23,59.83
aFRR,45757.0,NEG_16_20,9.41,13.36
aFRR,45757.0,NEG_20_24,1.02,1.15
aFRR,45758.0,POS_00_04,3.35,3.57
aFRR,45758.0,POS_04_08,12.54,13.63
aFRR,45758.0,POS_08_12,12.81,14.16
aFRR,45758.0,POS_12_16,9.91,12.55
aFRR,45758.0,POS_16_20,17.87,18.9
aFRR,45758.0,POS_20_24,16.76,18.01
aFRR,45758.0,NEG_00_04,3.13,4.5
aFRR,45758.0,NEG_04_08,2.28,3.6
aFRR,45758.0,NEG_08_12,25.81,30.58
aFRR,45758.0,NEG_12_16,70.93,87.52
aFRR,45758.0,NEG_16_20,16.23,30.68
aFRR,45758.0,NEG_20_24,1.06,1.5
aFRR,45759.0,POS_00_04,4.4,6.15
aFRR,45759.0,POS_04_08,11.53,12.9
aFRR,45759.0,POS_08_12,11.6,14.07
aFRR,45759.0,POS_12_16,8.83,9.69
aFRR,45759.0,POS_16_20,16.4,18.74
aFRR,45759.0,POS_20_24,16.16,19.98
aFRR,45759.0,NEG_00_04,2.77,3.35
aFRR,45759.0,NEG_04_08,2.37,2.8
aFRR,45759.0,NEG_08_12,25.01,29.7
aFRR,45759.0,NEG_12_16,76.15,87.25
aFRR,45759.0,NEG_16_20,21.8,29.45
aFRR,45759.0,NEG_20_24,1.37,1.81
aFRR,45760.0,POS_00_04,4.38,5.9
aFRR,45760.0,POS_04_08,9.37,11.01
aFRR,45760.0,POS_08_12,9.92,10.85
aFRR,45760.0,POS_12_16,7.67,8.55
aFRR,45760.0,POS_16_20,14.76,16.22
aFRR,45760.0,POS_20_24,15.3,17.82
aFRR,45760.0,NEG_00_04,4.38,6.66
aFRR,45760.0,NEG_04_08,4.41,9.5
aFRR,45760.0,NEG_08_12,28.63,35.6
aFRR,45760.0,NEG_12_16,75.44,86.9
aFRR,45760.0,NEG_16_20,22.69,26.43
aFRR,45760.0,NEG_20_24,1.26,1.54
aFRR,45761.0,POS_00_04,4.46,5.34
aFRR,45761.0,POS_04_08,14.93,19.09
aFRR,45761.0,POS_08_12,17.37,22.89
aFRR,45761.0,POS_12_16,10.32,12.39
aFRR,45761.0,POS_16_20,23.95,32.94
aFRR,45761.0,POS_20_24,22.47,31.0
aFRR,45761.0,NEG_00_04,3.29,4.0
aFRR,45761.0,NEG_04_08,3.32,4.4
aFRR,45761.0,NEG_08_12,18.25,21.39
aFRR,45761.0,NEG_12_16,53.02,63.0
aFRR,45761.0,NEG_16_20,12.46,15.89
aFRR,45761.0,NEG_20_24,1.16,1.55
aFRR,45762.0,POS_00_04,4.18,4.75
aFRR,45762.0,POS_04_08,12.44,13.57
aFRR,45762.0,POS_08_12,13.71,15.87
aFRR,45762.0,POS_12_16,9.12,9.98
aFRR,45762.0,POS_16_20,21.55,24.0
aFRR,45762.0,POS_20_24,20.0,22.58
aFRR,45762.0,NEG_00_04,3.7,6.05
aFRR,45762.0,NEG_04_08,3.61,5.92
aFRR,45762.0,NEG_08_12,20.1,23.46
aFRR,45762.0,NEG_12_16,56.26,67.19
aFRR,45762.0,NEG_16_20,12.71,15.4
aFRR,45762.0,NEG_20_24,1.15,1.4
aFRR,45763.0,POS_00_04,4.04,4.49
aFRR,45763.0,POS_04_08,12.68,15.45
aFRR,45763.0,POS_08_12,14.09,16.97
aFRR,45763.0,POS_12_16,8.9,10.3
aFRR,45763.0,POS_16_20,22.12,26.7
aFRR,45763.0,POS_20_24,17.97,22.0
aFRR,45763.0,NEG_00_04,3.59,4.0
aFRR,45763.0,NEG_04_08,3.36,3.69
aFRR,45763.0,NEG_08_12,18.18,19.74
aFRR,45763.0,NEG_12_16,50.29,55.0
aFRR,45763.0,NEG_16_20,11.02,12.1
aFRR,45763.0,NEG_20_24,1.15,1.55
aFRR,45764.0,POS_00_04,3.77,3.99
aFRR,45764.0,POS_04_08,11.77,12.46
aFRR,45764.0,POS_08_12,13.0,15.47
aFRR,45764.0,POS_12_16,8.84,10.14
aFRR,45764.0,POS_16_20,20.15,21.95
aFRR,45764.0,POS_20_24,16.67,18.01
aFRR,45764.0,NEG_00_04,3.21,3.54
aFRR,45764.0,NEG_04_08,2.91,3.24
aFRR,45764.0,NEG_08_12,14.87,15.89
aFRR,45764.0,NEG_12_16,39.39,42.51
aFRR,45764.0,NEG_16_20,9.66,10.44
aFRR,45764.0,NEG_20_24,1.17,1.66
aFRR,45765.0,POS_00_04,3.45,4.03
aFRR,45765.0,POS_04_08,9.82,10.42
aFRR,45765.0,POS_08_12,10.83,11.86
aFRR,45765.0,POS_12_16,8.29,9.07
aFRR,45765.0,POS_16_20,17.7,19.21
aFRR,45765.0,POS_20_24,16.73,19.39
aFRR,45765.0,NEG_00_04,3.46,4.15
aFRR,45765.0,NEG_04_08,3.12,3.6
aFRR,45765.0,NEG_08_12,13.53,16.64
aFRR,45765.0,NEG_12_16,35.11,43.28
aFRR,45765.0,NEG_16_20,9.02,9.8
aFRR,45765.0,NEG_20_24,1.17,1.37
aFRR,45766.0,POS_00_04,3.78,4.9
aFRR,45766.0,POS_04_08,9.2,9.82
aFRR,45766.0,POS_08_12,9.89,13.18
aFRR,45766.0,POS_12_16,7.59,8.52
aFRR,45766.0,POS_16_20,16.22,19.0
aFRR,45766.0,POS_20_24,16.08,19.8
aFRR,45766.0,NEG_00_04,2.93,3.48
aFRR,45766.0,NEG_04_08,2.7,3.1
aFRR,45766.0,NEG_08_12,20.75,25.36
aFRR,45766.0,NEG_12_16,60.95,72.92
aFRR,45766.0,NEG_16_20,14.93,20.32
aFRR,45766.0,NEG_20_24,1.14,1.46
aFRR,45767.0,POS_00_04,3.96,4.8
aFRR,45767.0,POS_04_08,8.42,8.9
aFRR,45767.0,POS_08_12,9.53,10.4
aFRR,45767.0,POS_12_16,6.98,7.38
aFRR,45767.0,POS_16_20,15.18,15.74
aFRR,45767.0,POS_20_24,16.38,21.33
aFRR,45767.0,NEG_00_04,3.08,3.56
aFRR,45767.0,NEG_04_08,2.89,3.45
aFRR,45767.0,NEG_08_12,27.44,31.16
aFRR,45767.0,NEG_12_16,71.57,79.55
aFRR,45767.0,NEG_16_20,18.16,22.62
aFRR,45767.0,NEG_20_24,1.13,1.36
aFRR,45768.0,POS_00_04,3.89,4.26
aFRR,45768.0,POS_04_08,7.94,8.47
aFRR,45768.0,POS_08_12,9.02,9.6
aFRR,45768.0,POS_12_16,6.43,6.82
aFRR,45768.0,POS_16_20,13.69,14.68
aFRR,45768.0,POS_20_24,15.84,17.75
aFRR,45768.0,NEG_00_04,2.86,3.15
aFRR,45768.0,NEG_04_08,2.77,3.1
aFRR,45768.0,NEG_08_12,23.81,28.12
aFRR,45768.0,NEG_12_16,63.19,74.93
aFRR,45768.0,NEG_16_20,16.67,20.34
aFRR,45768.0,NEG_20_24,1.2,2.04
aFRR,45769.0,POS_00_04,3.77,4.09
aFRR,45769.0,POS_04_08,15.63,27.62
aFRR,45769.0,POS_08_12,19.6,37.84
aFRR,45769.0,POS_12_16,16.73,39.82
aFRR,45769.0,POS_16_20,23.39,28.38
aFRR,45769.0,POS_20_24,25.07,34.0
aFRR,45769.0,NEG_00_04,2.58,3.0
aFRR,45769.0,NEG_04_08,2.8,13.32
aFRR,45769.0,NEG_08_12,17.31,20.0
aFRR,45769.0,NEG_12_16,44.32,52.21
aFRR,45769.0,NEG_16_20,12.79,14.94
aFRR,45769.0,NEG_20_24,1.15,1.3
aFRR,45770.0,POS_00_04,3.86,4.17
aFRR,45770.0,POS_04_08,17.2,22.03
aFRR,45770.0,POS_08_12,18.86,22.54
aFRR,45770.0,POS_12_16,14.98,19.17
aFRR,45770.0,POS_16_20,21.5,26.52
aFRR,45770.0,POS_20_24,22.15,27.5
aFRR,45770.0,NEG_00_04,2.29,2.67
aFRR,45770.0,NEG_04_08,3.25,4.94
aFRR,45770.0,NEG_08_12,14.45,16.54
aFRR,45770.0,NEG_12_16,35.81,39.8
aFRR,45770.0,NEG_16_20,10.21,11.0
aFRR,45770.0,NEG_20_24,1.13,1.3
aFRR,45771.0,POS_00_04,3.68,3.89
aFRR,45771.0,POS_04_08,14.76,17.2
aFRR,45771.0,POS_08_12,15.35,19.58
aFRR,45771.0,POS_12_16,12.43,14.75
aFRR,45771.0,POS_16_20,18.74,22.57
aFRR,45771.0,POS_20_24,18.71,22.11
aFRR,45771.0,NEG_00_04,2.3,4.13
aFRR,45771.0,NEG_04_08,2.93,3.75
aFRR,45771.0,NEG_08_12,12.17,13.14
aFRR,45771.0,NEG_12_16,27.23,30.0
aFRR,45771.0,NEG_16_20,8.51,9.25
aFRR,45771.0,NEG_20_24,1.11,1.19
aFRR,45772.0,POS_00_04,3.54,3.78
aFRR,45772.0,POS_04_08,12.65,13.18
aFRR,45772.0,POS_08_12,13.33,14.92
aFRR,45772.0,POS_12_16,14.43,31.1
aFRR,45772.0,POS_16_20,16.19,18.31
aFRR,45772.0,POS_20_24,16.99,18.31
aFRR,45772.0,NEG_00_04,2.42,2.7
aFRR,45772.0,NEG_04_08,2.57,2.82
aFRR,45772.0,NEG_08_12,10.36,11.45
aFRR,45772.0,NEG_12_16,23.26,26.98
aFRR,45772.0,NEG_16_20,7.33,8.03
aFRR,45772.0,NEG_20_24,0.96,1.1
aFRR,45773.0,POS_00_04,4.81,7.83
aFRR,45773.0,POS_04_08,9.77,10.76
aFRR,45773.0,POS_08_12,10.95,11.92
aFRR,45773.0,POS_12_16,12.01,13.94
aFRR,45773.0,POS_16_20,15.19,16.54
aFRR,45773.0,POS_20_24,17.31,22.51
aFRR,45773.0,NEG_00_04,2.14,2.48
aFRR,45773.0,NEG_04_08,2.39,2.92
aFRR,45773.0,NEG_08_12,21.03,28.61
aFRR,45773.0,NEG_12_16,55.54,72.48
aFRR,45773.0,NEG_16_20,14.58,22.6
aFRR,45773.0,NEG_20_24,1.08,1.33
aFRR,45774.0,POS_00_04,4.49,5.17
aFRR,45774.0,POS_04_08,8.44,9.16
aFRR,45774.0,POS_08_12,9.36,9.77
aFRR,45774.0,POS_12_16,8.79,9.6
aFRR,45774.0,POS_16_20,13.74,14.42
aFRR,45774.0,POS_20_24,17.04,19.61
aFRR,45774.0,NEG_00_04,3.44,4.75
aFRR,45774.0,NEG_04_08,3.26,4.1
aFRR,45774.0,NEG_08_12,29.81,40.28
aFRR,45774.0,NEG_12_16,72.89,86.98
aFRR,45774.0,NEG_16_20,19.17,23.25
aFRR,45774.0,NEG_20_24,1.04,1.25
aFRR,45775.0,POS_00_04,4.13,4.59
aFRR,45775.0,POS_04_08,16.21,18.82
aFRR,45775.0,POS_08_12,16.1,19.28
aFRR,45775.0,POS_12_16,11.34,13.58
aFRR,45775.0,POS_16_20,21.44,25.96
aFRR,45775.0,POS_20_24,26.01,36.97
aFRR,45775.0,NEG_00_04,2.79,3.24
aFRR,45775.0,NEG_04_08,2.74,4.52
aFRR,45775.0,NEG_08_12,22.07,27.26
aFRR,45775.0,NEG_12_16,63.24,82.06
aFRR,45775.0,NEG_16_20,15.24,31.21
aFRR,45775.0,NEG_20_24,1.11,1.42
aFRR,45776.0,POS_00_04,3.95,4.19
aFRR,45776.0,POS_04_08,14.98,17.3
aFRR,45776.0,POS_08_12,38.2,100.0
aFRR,45776.0,POS_12_16,62.55,247.33
aFRR,45776.0,POS_16_20,21.94,26.55
aFRR,45776.0,POS_20_24,26.79,32.56
aFRR,45776.0,NEG_00_04,2.42,2.72
aFRR,45776.0,NEG_04_08,2.54,3.33
aFRR,45776.0,NEG_08_12,32.93,65.0
aFRR,45776.0,NEG_12_16,329.5,1593.0
aFRR,45776.0,NEG_16_20,22.02,40.26
aFRR,45776.0,NEG_20_24,1.07,1.25
aFRR,45777.0,POS_00_04,3.82,4.12
aFRR,45777.0,POS_04_08,19.45,32.2
aFRR,45777.0,POS_08_12,275.48,797.14
aFRR,45777.0,POS_12_16,37.73,55.7
aFRR,45777.0,POS_16_20,21.21,23.45
aFRR,45777.0,POS_20_24,29.5,46.13
aFRR,45777.0,NEG_00_04,2.39,5.07
aFRR,45777.0,NEG_04_08,4.71,17.35
aFRR,45777.0,NEG_08_12,224.01,815.82
aFRR,45777.0,NEG_12_16,134.87,211.51
aFRR,45777.0,NEG_16_20,22.8,28.16
aFRR,45777.0,NEG_20_24,1.05,1.17
aFRR,45778.0,POS_00_04,3.84,5.07
aFRR,45778.0,POS_04_08,15.2,17.57
aFRR,45778.0,POS_08_12,61.7,123.33
aFRR,45778.0,POS_12_16,22.47,27.46
aFRR,45778.0,POS_16_20,19.0,24.45
aFRR,45778.0,POS_20_24,27.88,35.64
aFRR,45778.0,NEG_00_04,2.65,3.07
aFRR,45778.0,NEG_04_08,5.16,7.06
aFRR,45778.0,NEG_08_12,90.36,129.0
aFRR,45778.0,NEG_12_16,108.3,149.79
aFRR,45778.0,NEG_16_20,25.71,34.35
aFRR,45778.0,NEG_20_24,1.18,2.12
aFRR,45779.0,POS_00_04,3.67,3.93
aFRR,45779.0,POS_04_08,12.3,13.3
aFRR,45779.0,POS_08_12,38.69,47.72
aFRR,45779.0,POS_12_16,15.97,18.15
aFRR,45779.0,POS_16_20,17.66,19.32
aFRR,45779.0,POS_20_24,27.75,33.58
aFRR,45779.0,NEG_00_04,2.81,3.43
aFRR,45779.0,NEG_04_08,4.42,5.03
aFRR,45779.0,NEG_08_12,58.15,73.33
aFRR,45779.0,NEG_12_16,84.31,100.0
aFRR,45779.0,NEG_16_20,24.45,28.25
aFRR,45779.0,NEG_20_24,1.29,1.73
aFRR,45780.0,POS_00_04,4.97,6.91
aFRR,45780.0,POS_04_08,10.09,11.04
aFRR,45780.0,POS_08_12,27.1,29.63
aFRR,45780.0,POS_12_16,11.78,12.56
aFRR,45780.0,POS_16_20,15.32,16.47
aFRR,45780.0,POS_20_24,23.26,25.77
aFRR,45780.0,NEG_00_04,2.48,2.75
aFRR,45780.0,NEG_04_08,3.67,4.04
aFRR,45780.0,NEG_08_12,42.59,52.37
aFRR,45780.0,NEG_12_16,71.9,84.99
aFRR,45780.0,NEG_16_20,23.48,27.69
aFRR,45780.0,NEG_20_24,1.67,2.31
aFRR,45781.0,POS_00_04,6.15,14.22
aFRR,45781.0,POS_04_08,8.71,9.43
aFRR,45781.0,POS_08_12,18.72,21.63
aFRR,45781.0,POS_12_16,9.52,10.07
aFRR,45781.0,POS_16_20,13.76,14.61
aFRR,45781.0,POS_20_24,21.44,24.38
aFRR,45781.0,NEG_00_04,5.12,8.79
aFRR,45781.0,NEG_04_08,6.71,10.69
aFRR,45781.0,NEG_08_12,39.72,48.03
aFRR,45781.0,NEG_12_16,69.24,74.16
aFRR,45781.0,NEG_16_20,23.01,29.26
aFRR,45781.0,NEG_20_24,1.5,1.74
aFRR,45782.0,POS_00_04,5.89,6.9
aFRR,45782.0,POS_04_08,11.19,14.17
aFRR,45782.0,POS_08_12,21.52,32.53
aFRR,45782.0,POS_12_16,12.53,25.44
aFRR,45782.0,POS_16_20,20.43,23.7
aFRR,45782.0,POS_20_24,27.17,32.0
aFRR,45782.0,NEG_00_04,4.14,5.83
aFRR,45782.0,NEG_04_08,4.28,6.08
aFRR,45782.0,NEG_08_12,27.78,32.45
aFRR,45782.0,NEG_12_16,49.33,58.9
aFRR,45782.0,NEG_16_20,18.51,21.78
aFRR,45782.0,NEG_20_24,1.25,1.74
aFRR,45783.0,POS_00_04,5.33,5.76
aFRR,45783.0,POS_04_08,11.33,12.61
aFRR,45783.0,POS_08_12,20.76,23.05
aFRR,45783.0,POS_12_16,12.83,14.89
aFRR,45783.0,POS_16_20,19.59,21.37
aFRR,45783.0,POS_20_24,25.55,28.65
aFRR,45783.0,NEG_00_04,3.41,4.02
aFRR,45783.0,NEG_04_08,3.62,4.43
aFRR,45783.0,NEG_08_12,25.39,28.73
aFRR,45783.0,NEG_12_16,47.6,54.7
aFRR,45783.0,NEG_16_20,16.07,18.61
aFRR,45783.0,NEG_20_24,1.15,1.36
aFRR,45784.0,POS_00_04,4.96,5.17
aFRR,45784.0,POS_04_08,11.85,15.83
aFRR,45784.0,POS_08_12,18.51,20.26
aFRR,45784.0,POS_12_16,11.76,12.88
aFRR,45784.0,POS_16_20,18.77,21.43
aFRR,45784.0,POS_20_24,23.91,25.75
aFRR,45784.0,NEG_00_04,2.78,3.26
aFRR,45784.0,NEG_04_08,2.88,3.38
aFRR,45784.0,NEG_08_12,20.38,22.9
aFRR,45784.0,NEG_12_16,39.22,42.84
aFRR,45784.0,NEG_16_20,12.72,14.61
aFRR,45784.0,NEG_20_24,1.02,1.26
aFRR,45785.0,POS_00_04,4.44,4.72
aFRR,45785.0,POS_04_08,12.09,13.78
aFRR,45785.0,POS_08_12,16.97,18.14
aFRR,45785.0,POS_12_16,12.33,20.35
aFRR,45785.0,POS_16_20,17.73,19.12
aFRR,45785.0,POS_20_24,22.36,24.37
aFRR,45785.0,NEG_00_04,2.46,2.83
aFRR,45785.0,NEG_04_08,2.54,2.8
aFRR,45785.0,NEG_08_12,16.73,18.7
aFRR,45785.0,NEG_12_16,32.77,36.66
aFRR,45785.0,NEG_16_20,10.63,11.87
aFRR,45785.0,NEG_20_24,0.95,1.13
aFRR,45786.0,POS_00_04,4.09,4.37
aFRR,45786.0,POS_04_08,11.36,12.56
aFRR,45786.0,POS_08_12,15.37,16.17
aFRR,45786.0,POS_12_16,11.72,14.57
aFRR,45786.0,POS_16_20,16.59,18.23
aFRR,45786.0,POS_20_24,23.24,34.61
aFRR,45786.0,NEG_00_04,2.04,2.3
aFRR,45786.0,NEG_04_08,2.16,2.31
aFRR,45786.0,NEG_08_12,18.72,23.85
aFRR,45786.0,NEG_12_16,42.97,59.76
aFRR,45786.0,NEG_16_20,11.58,18.47
aFRR,45786.0,NEG_20_24,0.91,1.01
aFRR,45787.0,POS_00_04,4.27,5.57
aFRR,45787.0,POS_04_08,10.12,12.44
aFRR,45787.0,POS_08_12,13.33,16.25
aFRR,45787.0,POS_12_16,9.74,11.0
aFRR,45787.0,POS_16_20,15.22,15.93
aFRR,45787.0,POS_20_24,24.04,30.5
aFRR,45787.0,NEG_00_04,1.86,2.07
aFRR,45787.0,NEG_04_08,1.94,2.39
aFRR,45787.0,NEG_08_12,33.8,48.46
aFRR,45787.0,NEG_12_16,70.38,85.66
aFRR,45787.0,NEG_16_20,20.5,27.32
aFRR,45787.0,NEG_20_24,0.98,1.27
aFRR,45788.0,POS_00_04,6.3,9.66
aFRR,45788.0,POS_04_08,9.98,14.48
aFRR,45788.0,POS_08_12,12.46,15.1
aFRR,45788.0,POS_12_16,8.34,9.19
aFRR,45788.0,POS_16_20,13.19,13.97
aFRR,45788.0,POS_20_24,21.97,23.94
aFRR,45788.0,NEG_00_04,2.08,2.72
aFRR,45788.0,NEG_04_08,2.52,3.93
aFRR,45788.0,NEG_08_12,57.22,78.09
aFRR,45788.0,NEG_12_16,98.78,169.98
aFRR,45788.0,NEG_16_20,27.49,37.0
aFRR,45788.0,NEG_20_24,1.22,1.69
aFRR,45789.0,POS_00_04,5.15,7.02
aFRR,45789.0,POS_04_08,15.73,18.1
aFRR,45789.0,POS_08_12,134.21,532.78
aFRR,45789.0,POS_12_16,78.01,319.43
aFRR,45789.0,POS_16_20,37.95,158.0
aFRR,45789.0,POS_20_24,30.45,43.6
aFRR,45789.0,NEG_00_04,3.4,8.76
aFRR,45789.0,NEG_04_08,5.13,31.04
aFRR,45789.0,NEG_08_12,129.8,431.72
aFRR,45789.0,NEG_12_16,213.98,675.0
aFRR,45789.0,NEG_16_20,112.05,475.73
aFRR,45789.0,NEG_20_24,4.36,34.0
aFRR,45790.0,POS_00_04,10.48,20.16
aFRR,45790.0,POS_04_08,20.67,28.88
aFRR,45790.0,POS_08_12,76.75,108.53
aFRR,45790.0,POS_12_16,62.92,99.0
aFRR,45790.0,POS_16_20,46.13,67.39
aFRR,45790.0,POS_20_24,33.82,40.11
aFRR,45790.0,NEG_00_04,9.44,29.64
aFRR,45790.0,NEG_04_08,7.16,14.15
aFRR,45790.0,NEG_08_12,93.85,149.53
aFRR,45790.0,NEG_12_16,142.73,240.0
aFRR,45790.0,NEG_16_20,60.63,99.41
aFRR,45790.0,NEG_20_24,5.01,10.64
aFRR,45791.0,POS_00_04,9.54,14.08
aFRR,45791.0,POS_04_08,18.78,24.82
aFRR,45791.0,POS_08_12,47.39,58.48
aFRR,45791.0,POS_12_16,37.81,45.38
aFRR,45791.0,POS_16_20,36.25,43.0
aFRR,45791.0,POS_20_24,31.35,34.25
aFRR,45791.0,NEG_00_04,8.88,14.26
aFRR,45791.0,NEG_04_08,6.21,8.19
aFRR,45791.0,NEG_08_12,75.04,99.2
aFRR,45791.0,NEG_12_16,137.38,195.0
aFRR,45791.0,NEG_16_20,49.6,67.52
aFRR,45791.0,NEG_20_24,4.48,5.78
aFRR,45792.0,POS_00_04,8.12,9.62
aFRR,45792.0,POS_04_08,17.84,20.82
aFRR,45792.0,POS_08_12,70.41,208.05
aFRR,45792.0,POS_12_16,93.45,185.22
aFRR,45792.0,POS_16_20,31.58,45.46
aFRR,45792.0,POS_20_24,29.01,31.81
aFRR,45792.0,NEG_00_04,7.91,12.58
aFRR,45792.0,NEG_04_08,5.21,7.0
aFRR,45792.0,NEG_08_12,111.64,296.07
aFRR,45792.0,NEG_12_16,408.92,1597.12
aFRR,45792.0,NEG_16_20,96.81,290.0
aFRR,45792.0,NEG_20_24,3.54,4.6
aFRR,45793.0,POS_00_04,7.06,7.97
aFRR,45793.0,POS_04_08,16.65,18.27
aFRR,45793.0,POS_08_12,57.71,75.98
aFRR,45793.0,POS_12_16,58.4,81.15
aFRR,45793.0,POS_16_20,30.96,37.43
aFRR,45793.0,POS_20_24,28.13,33.5
aFRR,45793.0,NEG_00_04,5.41,7.78
aFRR,45793.0,NEG_04_08,3.71,4.83
aFRR,45793.0,NEG_08_12,94.71,119.75
aFRR,45793.0,NEG_12_16,196.7,246.13
aFRR,45793.0,NEG_16_20,60.33,74.25
aFRR,45793.0,NEG_20_24,2.69,3.41
aFRR,45794.0,POS_00_04,6.89,8.1
aFRR,45794.0,POS_04_08,14.48,15.9
aFRR,45794.0,POS_08_12,38.66,47.21
aFRR,45794.0,POS_12_16,38.69,43.8
aFRR,45794.0,POS_16_20,26.05,28.1
aFRR,45794.0,POS_20_24,26.75,29.68
aFRR,45794.0,NEG_00_04,4.93,5.44
aFRR,45794.0,NEG_04_08,3.7,4.39
aFRR,45794.0,NEG_08_12,83.4,97.33
aFRR,45794.0,NEG_12_16,158.41,187.71
aFRR,45794.0,NEG_16_20,53.64,62.22
aFRR,45794.0,NEG_20_24,2.47,3.14
aFRR,45795.0,POS_00_04,7.12,8.52
aFRR,45795.0,POS_04_08,13.0,13.78
aFRR,45795.0,POS_08_12,28.61,33.4
aFRR,45795.0,POS_12_16,26.5,30.0
aFRR,45795.0,POS_16_20,21.95,23.76
aFRR,45795.0,POS_20_24,24.79,26.72
aFRR,45795.0,NEG_00_04,3.83,4.37
aFRR,45795.0,NEG_04_08,3.94,5.73
aFRR,45795.0,NEG_08_12,71.3,78.05
aFRR,45795.0,NEG_12_16,128.73,140.96
aFRR,45795.0,NEG_16_20,43.4,48.33
aFRR,45795.0,NEG_20_24,2.43,2.76
aFRR,45796.0,POS_00_04,6.53,7.12
aFRR,45796.0,POS_04_08,15.0,16.8
aFRR,45796.0,POS_08_12,26.94,42.87
aFRR,45796.0,POS_12_16,21.87,26.53
aFRR,45796.0,POS_16_20,24.48,34.85
aFRR,45796.0,POS_20_24,33.35,39.9
aFRR,45796.0,NEG_00_04,3.19,3.7
aFRR,45796.0,NEG_04_08,3.37,3.73
aFRR,45796.0,NEG_08_12,52.18,59.02
aFRR,45796.0,NEG_12_16,88.55,98.19
aFRR,45796.0,NEG_16_20,32.46,34.66
aFRR,45796.0,NEG_20_24,2.02,2.35
aFRR,45797.0,POS_00_04,6.17,6.48
aFRR,45797.0,POS_04_08,14.81,17.89
aFRR,45797.0,POS_08_12,25.73,30.1
aFRR,45797.0,POS_12_16,34.48,75.78
aFRR,45797.0,POS_16_20,24.12,29.47
aFRR,45797.0,POS_20_24,31.8,35.11
aFRR,45797.0,NEG_00_04,2.66,3.1
aFRR,45797.0,NEG_04_08,2.76,3.28
aFRR,45797.0,NEG_08_12,45.46,51.67
aFRR,45797.0,NEG_12_16,71.02,79.97
aFRR,45797.0,NEG_16_20,26.52,31.0
aFRR,45797.0,NEG_20_24,1.66,2.0
aFRR,45798.0,POS_00_04,5.65,5.85
aFRR,45798.0,POS_04_08,13.39,14.22
aFRR,45798.0,POS_08_12,22.28,24.55
aFRR,45798.0,POS_12_16,28.44,34.89
aFRR,45798.0,POS_16_20,21.91,24.43
aFRR,45798.0,POS_20_24,28.11,30.88
aFRR,45798.0,NEG_00_04,2.32,2.7
aFRR,45798.0,NEG_04_08,2.5,2.96
aFRR,45798.0,NEG_08_12,41.52,47.84
aFRR,45798.0,NEG_12_16,69.51,94.68
aFRR,45798.0,NEG_16_20,27.96,37.4
aFRR,45798.0,NEG_20_24,1.66,2.08
aFRR,45799.0,POS_00_04,5.06,5.28
aFRR,45799.0,POS_04_08,11.9,12.7
aFRR,45799.0,POS_08_12,19.11,20.83
aFRR,45799.0,POS_12_16,23.67,25.66
aFRR,45799.0,POS_16_20,19.62,21.32
aFRR,45799.0,POS_20_24,26.1,27.21
aFRR,45799.0,NEG_00_04,2.39,2.98
aFRR,45799.0,NEG_04_08,2.49,2.91
aFRR,45799.0,NEG_08_12,39.33,43.7
aFRR,45799.0,NEG_12_16,75.9,101.48
aFRR,45799.0,NEG_16_20,32.06,53.32
aFRR,45799.0,NEG_20_24,1.84,3.71
aFRR,45800.0,POS_00_04,4.67,4.92
aFRR,45800.0,POS_04_08,15.47,34.36
aFRR,45800.0,POS_08_12,16.93,18.1
aFRR,45800.0,POS_12_16,19.86,20.95
aFRR,45800.0,POS_16_20,18.6,20.0
aFRR,45800.0,POS_20_24,26.4,33.15
aFRR,45800.0,NEG_00_04,2.28,2.5
aFRR,45800.0,NEG_04_08,2.36,2.5
aFRR,45800.0,NEG_08_12,35.68,39.63
aFRR,45800.0,NEG_12_16,74.55,86.6
aFRR,45800.0,NEG_16_20,31.56,36.45
aFRR,45800.0,NEG_20_24,1.86,2.14
aFRR,45801.0,POS_00_04,5.94,9.95
aFRR,45801.0,POS_04_08,14.39,18.75
aFRR,45801.0,POS_08_12,14.72,16.29
aFRR,45801.0,POS_12_16,16.38,17.11
aFRR,45801.0,POS_16_20,16.78,19.95
aFRR,45801.0,POS_20_24,27.06,34.19
aFRR,45801.0,NEG_00_04,1.95,2.3
aFRR,45801.0,NEG_04_08,2.25,2.8
aFRR,45801.0,NEG_08_12,41.72,47.96
aFRR,45801.0,NEG_12_16,77.44,87.6
aFRR,45801.0,NEG_16_20,31.76,38.07
aFRR,45801.0,NEG_20_24,1.8,2.1
aFRR,45802.0,POS_00_04,8.93,13.22
aFRR,45802.0,POS_04_08,11.21,12.62
aFRR,45802.0,POS_08_12,12.51,13.3
aFRR,45802.0,POS_12_16,13.25,13.71
aFRR,45802.0,POS_16_20,14.22,15.29
aFRR,45802.0,POS_20_24,23.05,25.57
aFRR,45802.0,NEG_00_04,5.17,11.25
aFRR,45802.0,NEG_04_08,6.52,14.35
aFRR,45802.0,NEG_08_12,39.54,43.76
aFRR,45802.0,NEG_12_16,71.97,76.71
aFRR,45802.0,NEG_16_20,31.71,39.97
aFRR,45802.0,NEG_20_24,1.66,2.1
aFRR,45803.0,POS_00_04,7.28,9.16
aFRR,45803.0,POS_04_08,14.52,18.2
aFRR,45803.0,POS_08_12,25.11,45.56
aFRR,45803.0,POS_12_16,16.98,22.01
aFRR,45803.0,POS_16_20,18.73,23.1
aFRR,45803.0,POS_20_24,31.96,40.38
aFRR,45803.0,NEG_00_04,4.42,6.11
aFRR,45803.0,NEG_04_08,4.57,6.46
aFRR,45803.0,NEG_08_12,34.28,42.53
aFRR,45803.0,NEG_12_16,67.33,84.7
aFRR,45803.0,NEG_16_20,29.03,33.07
aFRR,45803.0,NEG_20_24,1.49,1.7
aFRR,45804.0,POS_00_04,6.49,7.09
aFRR,45804.0,POS_04_08,13.25,14.41
aFRR,45804.0,POS_08_12,22.0,25.06
aFRR,45804.0,POS_12_16,15.22,17.2
aFRR,45804.0,POS_16_20,18.56,21.54
aFRR,45804.0,POS_20_24,31.38,40.9
aFRR,45804.0,NEG_00_04,3.76,4.24
aFRR,45804.0,NEG_04_08,3.76,4.91
aFRR,45804.0,NEG_08_12,34.93,44.5
aFRR,45804.0,NEG_12_16,68.98,80.86
aFRR,45804.0,NEG_16_20,25.66,28.05
aFRR,45804.0,NEG_20_24,1.36,1.67
aFRR,45805.0,POS_00_04,5.77,6.23
aFRR,45805.0,POS_04_08,11.33,12.54
aFRR,45805.0,POS_08_12,19.18,20.57
aFRR,45805.0,POS_12_16,13.55,19.14
aFRR,45805.0,POS_16_20,17.67,20.44
aFRR,45805.0,POS_20_24,29.8,34.07
aFRR,45805.0,NEG_00_04,5.82,10.37
aFRR,45805.0,NEG_04_08,6.36,18.23
aFRR,45805.0,NEG_08_12,30.53,34.02
aFRR,45805.0,NEG_12_16,61.68,70.0
aFRR,45805.0,NEG_16_20,23.94,29.38
aFRR,45805.0,NEG_20_24,1.35,1.5
aFRR,45806.0,POS_00_04,5.3,5.77
aFRR,45806.0,POS_04_08,10.32,11.6
aFRR,45806.0,POS_08_12,16.95,17.85
aFRR,45806.0,POS_12_16,13.46,15.54
aFRR,45806.0,POS_16_20,15.85,16.87
aFRR,45806.0,POS_20_24,25.99,28.09
aFRR,45806.0,NEG_00_04,4.37,5.17
aFRR,45806.0,NEG_04_08,4.95,5.63
aFRR,45806.0,NEG_08_12,32.6,37.99
aFRR,45806.0,NEG_12_16,66.74,75.77
aFRR,45806.0,NEG_16_20,25.25,30.58
aFRR,45806.0,NEG_20_24,1.41,1.74
aFRR,45807.0,POS_00_04,4.83,5.09
aFRR,45807.0,POS_04_08,9.39,9.91
aFRR,45807.0,POS_08_12,14.53,15.54
aFRR,45807.0,POS_12_16,11.95,13.13
aFRR,45807.0,POS_16_20,14.43,18.55
aFRR,45807.0,POS_20_24,26.22,32.25
aFRR,45807.0,NEG_00_04,6.54,8.91
aFRR,45807.0,NEG_04_08,5.07,6.88
aFRR,45807.0,NEG_08_12,34.14,38.64
aFRR,45807.0,NEG_12_16,68.87,75.95
aFRR,45807.0,NEG_16_20,27.66,32.17
aFRR,45807.0,NEG_20_24,1.29,1.52
aFRR,45808.0,POS_00_04,5.09,7.92
aFRR,45808.0,POS_04_08,8.84,9.5
aFRR,45808.0,POS_08_12,13.06,13.84
aFRR,45808.0,POS_12_16,10.11,10.72
aFRR,45808.0,POS_16_20,17.53,29.0
aFRR,45808.0,POS_20_24,31.01,41.98
aFRR,45808.0,NEG_00_04,4.34,5.21
aFRR,45808.0,NEG_04_08,4.28,4.73
aFRR,45808.0,NEG_08_12,33.01,40.36
aFRR,45808.0,NEG_12_16,67.53,74.7
aFRR,45808.0,NEG_16_20,25.4,33.27
aFRR,45808.0,NEG_20_24,1.23,1.37
aFRR,45809.0,POS_00_04,5.85,7.6
aFRR,45809.0,POS_04_08,8.18,8.8
aFRR,45809.0,POS_08_12,11.43,12.29
aFRR,45809.0,POS_12_16,8.5,9.83
aFRR,45809.0,POS_16_20,15.66,18.27
aFRR,45809.0,POS_20_24,25.07,27.7
aFRR,45809.0,NEG_00_04,4.11,4.75
aFRR,45809.0,NEG_04_08,4.26,5.49
aFRR,45809.0,NEG_08_12,34.48,42.45
aFRR,45809.0,NEG_12_16,69.07,79.11
aFRR,45809.0,NEG_16_20,30.07,35.52
aFRR,45809.0,NEG_20_24,1.32,1.52
aFRR,45810.0,POS_00_04,5.54,6.2
aFRR,45810.0,POS_04_08,11.76,16.09
aFRR,45810.0,POS_08_12,36.73,89.96
aFRR,45810.0,POS_12_16,14.56,27.55
aFRR,45810.0,POS_16_20,19.36,24.64
aFRR,45810.0,POS_20_24,32.93,44.53
aFRR,45810.0,NEG_00_04,3.68,4.02
aFRR,45810.0,NEG_04_08,3.58,4.23
aFRR,45810.0,NEG_08_12,34.33,63.66
aFRR,45810.0,NEG_12_16,60.03,71.12
aFRR,45810.0,NEG_16_20,25.07,27.45
aFRR,45810.0,NEG_20_24,1.16,1.34
aFRR,45811.0,POS_00_04,5.42,5.87
aFRR,45811.0,POS_04_08,11.64,14.0
aFRR,45811.0,POS_08_12,27.62,35.92
aFRR,45811.0,POS_12_16,13.49,16.47
aFRR,45811.0,POS_16_20,17.84,20.5
aFRR,45811.0,POS_20_24,33.12,42.0
aFRR,45811.0,NEG_00_04,3.14,3.4
aFRR,45811.0,NEG_04_08,3.06,3.34
aFRR,45811.0,NEG_08_12,35.04,42.12
aFRR,45811.0,NEG_12_16,65.12,75.25
aFRR,45811.0,NEG_16_20,23.38,26.48
aFRR,45811.0,NEG_20_24,1.19,1.82
aFRR,45812.0,POS_00_04,5.06,5.33
aFRR,45812.0,POS_04_08,10.56,11.16
aFRR,45812.0,POS_08_12,21.9,25.39
aFRR,45812.0,POS_12_16,12.08,13.99
aFRR,45812.0,POS_16_20,17.87,19.38
aFRR,45812.0,POS_20_24,32.79,36.69
aFRR,45812.0,NEG_00_04,2.91,3.15
aFRR,45812.0,NEG_04_08,2.74,3.06
aFRR,45812.0,NEG_08_12,30.02,33.43
aFRR,45812.0,NEG_12_16,61.14,66.4
aFRR,45812.0,NEG_16_20,20.53,21.81
aFRR,45812.0,NEG_20_24,1.23,1.33
aFRR,45813.0,POS_00_04,4.77,4.94
aFRR,45813.0,POS_04_08,9.97,13.88
aFRR,45813.0,POS_08_12,49.17,110.01
aFRR,45813.0,POS_12_16,39.95,106.81
aFRR,45813.0,POS_16_20,18.0,35.85
aFRR,45813.0,POS_20_24,29.43,30.77
aFRR,45813.0,NEG_00_04,2.54,2.8
aFRR,45813.0,NEG_04_08,2.54,4.38
aFRR,45813.0,NEG_08_12,30.64,53.55
aFRR,45813.0,NEG_12_16,66.27,137.18
aFRR,45813.0,NEG_16_20,19.38,20.98
aFRR,45813.0,NEG_20_24,1.21,1.71
aFRR,45814.0,POS_00_04,4.55,6.43
aFRR,45814.0,POS_04_08,9.7,10.68
aFRR,45814.0,POS_08_12,38.93,54.45
aFRR,45814.0,POS_12_16,29.76,36.09
aFRR,45814.0,POS_16_20,18.25,21.0
aFRR,45814.0,POS_20_24,29.18,35.75
aFRR,45814.0,NEG_00_04,2.87,4.2
aFRR,45814.0,NEG_04_08,3.02,3.64
aFRR,45814.0,NEG_08_12,37.37,47.0
aFRR,45814.0,NEG_12_16,76.75,90.3
aFRR,45814.0,NEG_16_20,24.02,31.43
aFRR,45814.0,NEG_20_24,1.22,1.38
aFRR,45815.0,POS_00_04,5.08,5.86
aFRR,45815.0,POS_04_08,8.97,9.34
aFRR,45815.0,POS_08_12,28.3,31.24
aFRR,45815.0,POS_12_16,21.13,24.87
aFRR,45815.0,POS_16_20,16.72,17.86
aFRR,45815.0,POS_20_24,28.49,34.74
aFRR,45815.0,NEG_00_04,2.72,2.93
aFRR,45815.0,NEG_04_08,2.82,3.19
aFRR,45815.0,NEG_08_12,34.35,37.88
aFRR,45815.0,NEG_12_16,72.24,78.14
aFRR,45815.0,NEG_16_20,24.79,30.49
aFRR,45815.0,NEG_20_24,1.2,1.34
aFRR,45816.0,POS_00_04,5.8,7.98
aFRR,45816.0,POS_04_08,8.24,11.24
aFRR,45816.0,POS_08_12,19.27,21.94
aFRR,45816.0,POS_12_16,15.37,16.37
aFRR,45816.0,POS_16_20,13.89,14.58
aFRR,45816.0,POS_20_24,25.58,28.9
aFRR,45816.0,NEG_00_04,2.91,3.38
aFRR,45816.0,NEG_04_08,3.37,4.88
aFRR,45816.0,NEG_08_12,45.68,58.65
aFRR,45816.0,NEG_12_16,88.44,122.11
aFRR,45816.0,NEG_16_20,35.99,51.0
aFRR,45816.0,NEG_20_24,1.51,1.9
aFRR,45817.0,POS_00_04,6.41,9.92
aFRR,45817.0,POS_04_08,8.39,9.38
aFRR,45817.0,POS_08_12,14.78,16.95
aFRR,45817.0,POS_12_16,11.07,13.37
aFRR,45817.0,POS_16_20,12.44,16.07
aFRR,45817.0,POS_20_24,28.22,33.35
aFRR,45817.0,NEG_00_04,3.27,4.19
aFRR,45817.0,NEG_04_08,4.22,7.38
aFRR,45817.0,NEG_08_12,41.15,45.92
aFRR,45817.0,NEG_12_16,82.83,89.99
aFRR,45817.0,NEG_16_20,32.07,35.46
aFRR,45817.0,NEG_20_24,1.26,1.46
aFRR,45818.0,POS_00_04,5.67,6.68
aFRR,45818.0,POS_04_08,9.95,13.85
aFRR,45818.0,POS_08_12,18.77,31.28
aFRR,45818.0,POS_12_16,13.31,18.19
aFRR,45818.0,POS_16_20,15.86,18.51
aFRR,45818.0,POS_20_24,27.84,30.52
aFRR,45818.0,NEG_00_04,2.82,3.08
aFRR,45818.0,NEG_04_08,3.56,4.38
aFRR,45818.0,NEG_08_12,32.36,34.95
aFRR,45818.0,NEG_12_16,68.22,76.41
aFRR,45818.0,NEG_16_20,25.7,28.8
aFRR,45818.0,NEG_20_24,1.2,1.28
aFRR,45819.0,POS_00_04,4.96,5.45
aFRR,45819.0,POS_04_08,11.57,22.16
aFRR,45819.0,POS_08_12,25.29,69.09
aFRR,45819.0,POS_12_16,16.45,44.24
aFRR,45819.0,POS_16_20,18.84,23.96
aFRR,45819.0,POS_20_24,35.28,54.4
aFRR,45819.0,NEG_00_04,2.57,2.83
aFRR,45819.0,NEG_04_08,2.96,3.41
aFRR,45819.0,NEG_08_12,28.14,38.88
aFRR,45819.0,NEG_12_16,64.61,89.28
aFRR,45819.0,NEG_16_20,21.6,24.73
aFRR,45819.0,NEG_20_24,1.04,1.14
aFRR,45820.0,POS_00_04,4.83,6.16
aFRR,45820.0,POS_04_08,13.04,15.07
aFRR,45820.0,POS_08_12,25.56,31.0
aFRR,45820.0,POS_12_16,16.48,18.87
aFRR,45820.0,POS_16_20,18.3,21.26
aFRR,45820.0,POS_20_24,32.13,34.7
aFRR,45820.0,NEG_00_04,2.19,2.49
aFRR,45820.0,NEG_04_08,2.5,2.8
aFRR,45820.0,NEG_08_12,30.04,35.23
aFRR,45820.0,NEG_12_16,69.26,79.1
aFRR,45820.0,NEG_16_20,23.89,29.87
aFRR,45820.0,NEG_20_24,1.03,1.37
aFRR,45821.0,POS_00_04,4.71,4.95
aFRR,45821.0,POS_04_08,11.34,11.94
aFRR,45821.0,POS_08_12,20.94,23.81
aFRR,45821.0,POS_12_16,13.29,14.75
aFRR,45821.0,POS_16_20,16.92,18.18
aFRR,45821.0,POS_20_24,28.76,34.11
aFRR,45821.0,NEG_00_04,2.49,3.14
aFRR,45821.0,NEG_04_08,2.47,2.67
aFRR,45821.0,NEG_08_12,30.45,35.95
aFRR,45821.0,NEG_12_16,68.61,76.9
aFRR,45821.0,NEG_16_20,25.67,28.9
aFRR,45821.0,NEG_20_24,1.1,1.39
aFRR,45822.0,POS_00_04,4.76,6.84
aFRR,45822.0,POS_04_08,9.62,10.6
aFRR,45822.0,POS_08_12,15.84,18.47
aFRR,45822.0,POS_12_16,10.93,12.03
aFRR,45822.0,POS_16_20,15.24,16.57
aFRR,45822.0,POS_20_24,28.14,30.38
aFRR,45822.0,NEG_00_04,3.22,6.3
aFRR,45822.0,NEG_04_08,3.43,6.81
aFRR,45822.0,NEG_08_12,37.15,47.39
aFRR,45822.0,NEG_12_16,71.13,77.5
aFRR,45822.0,NEG_16_20,25.92,28.0
aFRR,45822.0,NEG_20_24,1.08,1.19
aFRR,45823.0,POS_00_04,5.17,6.61
aFRR,45823.0,POS_04_08,8.9,9.48
aFRR,45823.0,POS_08_12,13.22,14.12
aFRR,45823.0,POS_12_16,9.55,10.03
aFRR,45823.0,POS_16_20,13.82,14.9
aFRR,45823.0,POS_20_24,25.27,27.71
aFRR,45823.0,NEG_00_04,2.84,3.23
aFRR,45823.0,NEG_04_08,3.2,3.87
aFRR,45823.0,NEG_08_12,34.01,38.65
aFRR,45823.0,NEG_12_16,65.05,70.1
aFRR,45823.0,NEG_16_20,23.29,25.53
aFRR,45823.0,NEG_20_24,0.98,1.1
aFRR,45824.0,POS_00_04,5.04,5.37
aFRR,45824.0,POS_04_08,10.76,13.23
aFRR,45824.0,POS_08_12,21.88,42.53
aFRR,45824.0,POS_12_16,12.79,19.26
aFRR,45824.0,POS_16_20,17.1,22.12
aFRR,45824.0,POS_20_24,33.65,48.72
aFRR,45824.0,NEG_00_04,2.55,2.73
aFRR,45824.0,NEG_04_08,2.52,2.96
aFRR,45824.0,NEG_08_12,27.42,34.85
aFRR,45824.0,NEG_12_16,60.26,68.75
aFRR,45824.0,NEG_16_20,20.82,25.39
aFRR,45824.0,NEG_20_24,0.94,1.0
aFRR,45825.0,POS_00_04,5.03,6.12
aFRR,45825.0,POS_04_08,12.65,20.04
aFRR,45825.0,POS_08_12,45.08,88.46
aFRR,45825.0,POS_12_16,27.18,67.44
aFRR,45825.0,POS_16_20,22.86,41.42
aFRR,45825.0,POS_20_24,47.72,72.15
aFRR,45825.0,NEG_00_04,2.06,3.0
aFRR,45825.0,NEG_04_08,2.32,2.69
aFRR,45825.0,NEG_08_12,33.65,56.69
aFRR,45825.0,NEG_12_16,73.41,132.41
aFRR,45825.0,NEG_16_20,24.85,43.46
aFRR,45825.0,NEG_20_24,0.97,1.75
aFRR,45826.0,POS_00_04,5.03,5.64
aFRR,45826.0,POS_04_08,12.6,13.86
aFRR,45826.0,POS_08_12,35.91,42.34
aFRR,45826.0,POS_12_16,21.48,26.18
aFRR,45826.0,POS_16_20,20.94,23.99
aFRR,45826.0,POS_20_24,40.95,46.8
aFRR,45826.0,NEG_00_04,2.06,2.29
aFRR,45826.0,NEG_04_08,2.09,2.34
aFRR,45826.0,NEG_08_12,32.48,37.36
aFRR,45826.0,NEG_12_16,71.63,82.68
aFRR,45826.0,NEG_16_20,24.63,30.43
aFRR,45826.0,NEG_20_24,1.14,1.37
aFRR,45827.0,POS_00_04,4.83,5.17
aFRR,45827.0,POS_04_08,10.65,11.6
aFRR,45827.0,POS_08_12,24.52,28.19
aFRR,45827.0,POS_12_16,14.98,16.75
aFRR,45827.0,POS_16_20,17.07,18.93
aFRR,45827.0,POS_20_24,32.54,35.35
aFRR,45827.0,NEG_00_04,2.05,2.25
aFRR,45827.0,NEG_04_08,2.29,3.6
aFRR,45827.0,NEG_08_12,37.39,48.01
aFRR,45827.0,NEG_12_16,74.79,88.41
aFRR,45827.0,NEG_16_20,27.44,34.0
aFRR,45827.0,NEG_20_24,1.18,1.39
aFRR,45828.0,POS_00_04,4.58,4.8
aFRR,45828.0,POS_04_08,9.68,10.28
aFRR,45828.0,POS_08_12,20.0,24.22
aFRR,45828.0,POS_12_16,12.11,13.12
aFRR,45828.0,POS_16_20,17.17,20.14
aFRR,45828.0,POS_20_24,40.2,55.42
aFRR,45828.0,NEG_00_04,1.9,2.05
aFRR,45828.0,NEG_04_08,2.18,2.34
aFRR,45828.0,NEG_08_12,34.36,37.3
aFRR,45828.0,NEG_12_16,69.52,77.16
aFRR,45828.0,NEG_16_20,24.86,26.57
aFRR,45828.0,NEG_20_24,1.09,1.26
aFRR,45829.0,POS_00_04,4.81,6.53
aFRR,45829.0,POS_04_08,9.05,9.68
aFRR,45829.0,POS_08_12,17.34,19.12
aFRR,45829.0,POS_12_16,10.34,11.11
aFRR,45829.0,POS_16_20,15.99,17.53
aFRR,45829.0,POS_20_24,38.85,44.87
aFRR,45829.0,NEG_00_04,1.71,1.89
aFRR,45829.0,NEG_04_08,2.16,2.38
aFRR,45829.0,NEG_08_12,35.92,41.29
aFRR,45829.0,NEG_12_16,70.63,76.62
aFRR,45829.0,NEG_16_20,24.54,27.35
aFRR,45829.0,NEG_20_24,1.09,1.19
aFRR,45830.0,POS_00_04,5.74,9.36
aFRR,45830.0,POS_04_08,8.61,10.42
aFRR,45830.0,POS_08_12,14.2,15.88
aFRR,45830.0,POS_12_16,8.99,9.78
aFRR,45830.0,POS_16_20,14.15,15.8
aFRR,45830.0,POS_20_24,33.26,37.78
aFRR,45830.0,NEG_00_04,1.71,2.27
aFRR,45830.0,NEG_04_08,3.44,7.29
aFRR,45830.0,NEG_08_12,44.21,55.02
aFRR,45830.0,NEG_12_16,85.74,109.36
aFRR,45830.0,NEG_16_20,29.05,35.46
aFRR,45830.0,NEG_20_24,1.12,1.24
aFRR,45831.0,POS_00_04,5.7,6.99
aFRR,45831.0,POS_04_08,10.88,13.88
aFRR,45831.0,POS_08_12,58.89,134.15
aFRR,45831.0,POS_12_16,42.08,97.44
aFRR,45831.0,POS_16_20,15.34,21.6
aFRR,45831.0,POS_20_24,29.89,33.46
aFRR,45831.0,NEG_00_04,2.01,2.88
aFRR,45831.0,NEG_04_08,3.56,5.78
aFRR,45831.0,NEG_08_12,113.19,715.32
aFRR,45831.0,NEG_12_16,219.57,1006.44
aFRR,45831.0,NEG_16_20,146.34,879.0
aFRR,45831.0,NEG_20_24,1.71,5.0
aFRR,45832.0,POS_00_04,7.63,12.8
aFRR,45832.0,POS_04_08,11.98,16.3
aFRR,45832.0,POS_08_12,96.43,379.0
aFRR,45832.0,POS_12_16,37.39,47.93
aFRR,45832.0,POS_16_20,26.9,58.19
aFRR,45832.0,POS_20_24,29.85,35.24
aFRR,45832.0,NEG_00_04,4.01,14.7
aFRR,45832.0,NEG_04_08,8.12,23.19
aFRR,45832.0,NEG_08_12,97.15,140.0
aFRR,45832.0,NEG_12_16,144.33,202.86
aFRR,45832.0,NEG_16_20,90.45,127.14
aFRR,45832.0,NEG_20_24,2.18,3.14
aFRR,45833.0,POS_00_04,7.32,8.93
aFRR,45833.0,POS_04_08,11.7,13.1
aFRR,45833.0,POS_08_12,69.15,86.02
aFRR,45833.0,POS_12_16,28.83,34.76
aFRR,45833.0,POS_16_20,27.55,38.5
aFRR,45833.0,POS_20_24,52.66,75.77
aFRR,45833.0,NEG_00_04,5.0,6.94
aFRR,45833.0,NEG_04_08,6.5,9.65
aFRR,45833.0,NEG_08_12,79.51,93.3
aFRR,45833.0,NEG_12_16,117.63,138.9
aFRR,45833.0,NEG_16_20,59.56,79.65
aFRR,45833.0,NEG_20_24,1.65,2.06
aFRR,45834.0,POS_00_04,8.09,14.18
aFRR,45834.0,POS_04_08,13.2,18.07
aFRR,45834.0,POS_08_12,48.22,54.77
aFRR,45834.0,POS_12_16,22.13,25.69
aFRR,45834.0,POS_16_20,24.02,28.47
aFRR,45834.0,POS_20_24,38.29,47.09
aFRR,45834.0,NEG_00_04,2.89,3.8
aFRR,45834.0,NEG_04_08,3.62,4.8
aFRR,45834.0,NEG_08_12,44.15,58.15
aFRR,45834.0,NEG_12_16,71.43,88.98
aFRR,45834.0,NEG_16_20,40.42,46.62
aFRR,45834.0,NEG_20_24,1.58,1.86
aFRR,45835.0,POS_00_04,7.84,9.16
aFRR,45835.0,POS_04_08,11.82,12.84
aFRR,45835.0,POS_08_12,34.14,39.06
aFRR,45835.0,POS_12_16,16.93,18.09
aFRR,45835.0,POS_16_20,20.51,22.95
aFRR,45835.0,POS_20_24,35.3,38.01
aFRR,45835.0,NEG_00_04,3.39,4.4
aFRR,45835.0,NEG_04_08,3.83,4.96
aFRR,45835.0,NEG_08_12,37.57,43.67
aFRR,45835.0,NEG_12_16,68.56,81.45
aFRR,45835.0,NEG_16_20,33.64,44.86
aFRR,45835.0,NEG_20_24,1.38,1.51
aFRR,45836.0,POS_00_04,7.61,8.72
aFRR,45836.0,POS_04_08,10.83,15.98
aFRR,45836.0,POS_08_12,24.62,26.56
aFRR,45836.0,POS_12_16,12.94,13.73
aFRR,45836.0,POS_16_20,17.29,18.27
aFRR,45836.0,POS_20_24,31.26,34.18
aFRR,45836.0,NEG_00_04,2.98,3.3
aFRR,45836.0,NEG_04_08,3.82,4.4
aFRR,45836.0,NEG_08_12,41.29,49.2
aFRR,45836.0,NEG_12_16,73.21,84.0
aFRR,45836.0,NEG_16_20,35.23,42.29
aFRR,45836.0,NEG_20_24,1.28,1.35
aFRR,45837.0,POS_00_04,6.84,7.69
aFRR,45837.0,POS_04_08,10.63,12.11
aFRR,45837.0,POS_08_12,18.18,20.05
aFRR,45837.0,POS_12_16,10.2,11.01
aFRR,45837.0,POS_16_20,14.74,15.79
aFRR,45837.0,POS_20_24,28.41,32.92
aFRR,45837.0,NEG_00_04,2.89,3.29
aFRR,45837.0,NEG_04_08,4.23,8.26
aFRR,45837.0,NEG_08_12,43.04,51.76
aFRR,45837.0,NEG_12_16,77.59,91.67
aFRR,45837.0,NEG_16_20,36.46,52.73
aFRR,45837.0,NEG_20_24,0.99,1.14
aFRR,45838.0,POS_00_04,6.21,6.84
aFRR,45838.0,POS_04_08,13.46,15.93
aFRR,45838.0,POS_08_12,30.89,74.02
aFRR,45838.0,POS_12_16,19.36,50.96
aFRR,45838.0,POS_16_20,23.51,35.35
aFRR,45838.0,POS_20_24,56.63,69.84
aFRR,45838.0,NEG_00_04,2.32,2.75
aFRR,45838.0,NEG_04_08,3.86,5.11
aFRR,45838.0,NEG_08_12,43.26,102.62
aFRR,45838.0,NEG_12_16,74.98,156.44
aFRR,45838.0,NEG_16_20,32.61,56.68
aFRR,45838.0,NEG_20_24,0.88,1.16
aFRR,45839.0,POS_00_04,5.9,6.46
aFRR,45839.0,POS_04_08,12.91,13.74
aFRR,45839.0,POS_08_12,45.93,78.3
aFRR,45839.0,POS_12_16,27.53,38.76
aFRR,45839.0,POS_16_20,31.93,45.36
aFRR,45839.0,POS_20_24,63.39,89.21
aFRR,45839.0,NEG_00_04,1.75,2.5
aFRR,45839.0,NEG_04_08,2.98,3.95
aFRR,45839.0,NEG_08_12,49.49,100.07
aFRR,45839.0,NEG_12_16,85.76,161.0
aFRR,45839.0,NEG_16_20,34.96,64.76
aFRR,45839.0,NEG_20_24,0.84,1.11
aFRR,45840.0,POS_00_04,6.48,8.91
aFRR,45840.0,POS_04_08,12.26,14.25
aFRR,45840.0,POS_08_12,40.77,51.68
aFRR,45840.0,POS_12_16,22.36,28.17
aFRR,45840.0,POS_16_20,28.12,33.79
aFRR,45840.0,POS_20_24,55.47,71.5
aFRR,45840.0,NEG_00_04,1.83,2.2
aFRR,45840.0,NEG_04_08,2.86,3.46
aFRR,45840.0,NEG_08_12,48.29,56.94
aFRR,45840.0,NEG_12_16,83.3,98.0
aFRR,45840.0,NEG_16_20,34.34,39.7
aFRR,45840.0,NEG_20_24,0.84,1.04
aFRR,45841.0,POS_00_04,6.21,6.99
aFRR,45841.0,POS_04_08,11.42,12.26
aFRR,45841.0,POS_08_12,38.07,52.81
aFRR,45841.0,POS_12_16,26.97,39.9
aFRR,45841.0,POS_16_20,27.95,35.94
aFRR,45841.0,POS_20_24,54.38,65.71
aFRR,45841.0,NEG_00_04,1.89,2.23
aFRR,45841.0,NEG_04_08,2.95,3.95
aFRR,45841.0,NEG_08_12,51.46,75.62
aFRR,45841.0,NEG_12_16,78.83,100.0
aFRR,45841.0,NEG_16_20,31.42,36.19
aFRR,45841.0,NEG_20_24,0.89,1.13
aFRR,45842.0,POS_00_04,6.0,6.5
aFRR,45842.0,POS_04_08,10.84,11.53
aFRR,45842.0,POS_08_12,32.25,37.06
aFRR,45842.0,POS_12_16,21.69,24.02
aFRR,45842.0,POS_16_20,24.27,26.24
aFRR,45842.0,POS_20_24,48.0,52.9
aFRR,45842.0,NEG_00_04,1.67,1.97
aFRR,45842.0,NEG_04_08,2.64,2.96
aFRR,45842.0,NEG_08_12,44.51,50.86
aFRR,45842.0,NEG_12_16,76.5,82.62
aFRR,45842.0,NEG_16_20,29.2,31.08
aFRR,45842.0,NEG_20_24,0.87,1.06
aFRR,45843.0,POS_00_04,6.06,7.88
aFRR,45843.0,POS_04_08,10.75,18.39
aFRR,45843.0,POS_08_12,24.17,25.69
aFRR,45843.0,POS_12_16,15.88,16.88
aFRR,45843.0,POS_16_20,18.3,21.01
aFRR,45843.0,POS_20_24,38.86,42.53
aFRR,45843.0,NEG_00_04,1.66,2.21
aFRR,45843.0,NEG_04_08,2.65,3.07
aFRR,45843.0,NEG_08_12,44.15,47.94
aFRR,45843.0,NEG_12_16,73.62,79.08
aFRR,45843.0,NEG_16_20,30.83,38.65
aFRR,45843.0,NEG_20_24,0.95,1.16
aFRR,45844.0,POS_00_04,5.98,6.57
aFRR,45844.0,POS_04_08,10.04,11.04
aFRR,45844.0,POS_08_12,17.89,19.03
aFRR,45844.0,POS_12_16,12.35,12.99
aFRR,45844.0,POS_16_20,15.87,17.25
aFRR,45844.0,POS_20_24,32.9,34.69
aFRR,45844.0,NEG_00_04,1.94,2.29
aFRR,45844.0,NEG_04_08,2.92,4.05
aFRR,45844.0,NEG_08_12,40.57,44.47
aFRR,45844.0,NEG_12_16,68.5,73.68
aFRR,45844.0,NEG_16_20,26.83,30.15
aFRR,45844.0,NEG_20_24,0.95,1.13
aFRR,45845.0,POS_00_04,5.73,6.12
aFRR,45845.0,POS_04_08,11.42,12.3
aFRR,45845.0,POS_08_12,24.48,34.21
aFRR,45845.0,POS_12_16,17.53,24.73
aFRR,45845.0,POS_16_20,17.43,21.7
aFRR,45845.0,POS_20_24,29.99,32.94
aFRR,45845.0,NEG_00_04,1.68,1.91
aFRR,45845.0,NEG_04_08,2.51,2.89
aFRR,45845.0,NEG_08_12,30.63,33.91
aFRR,45845.0,NEG_12_16,55.83,63.84
aFRR,45845.0,NEG_16_20,23.55,26.29
aFRR,45845.0,NEG_20_24,0.98,1.28
aFRR,45846.0,POS_00_04,5.43,5.68
aFRR,45846.0,POS_04_08,10.48,10.96
aFRR,45846.0,POS_08_12,31.78,46.18
aFRR,45846.0,POS_12_16,25.7,45.34
aFRR,45846.0,POS_16_20,17.63,20.39
aFRR,45846.0,POS_20_24,28.38,31.0
aFRR,45846.0,NEG_00_04,1.71,2.23
aFRR,45846.0,NEG_04_08,2.31,2.7
aFRR,45846.0,NEG_08_12,37.35,69.84
aFRR,45846.0,NEG_12_16,53.29,75.83
aFRR,45846.0,NEG_16_20,20.72,24.23
aFRR,45846.0,NEG_20_24,0.95,1.16
aFRR,45847.0,POS_00_04,5.18,5.46
aFRR,45847.0,POS_04_08,9.92,10.27
aFRR,45847.0,POS_08_12,27.59,29.26
aFRR,45847.0,POS_12_16,22.48,26.88
aFRR,45847.0,POS_16_20,16.93,18.67
aFRR,45847.0,POS_20_24,27.7,30.49
aFRR,45847.0,NEG_00_04,1.69,1.91
aFRR,45847.0,NEG_04_08,2.16,2.38
aFRR,45847.0,NEG_08_12,33.8,37.4
aFRR,45847.0,NEG_12_16,53.45,60.9
aFRR,45847.0,NEG_16_20,19.33,20.47
aFRR,45847.0,NEG_20_24,0.97,1.07
aFRR,45848.0,POS_00_04,4.99,5.16
aFRR,45848.0,POS_04_08,9.29,9.56
aFRR,45848.0,POS_08_12,22.52,24.47
aFRR,45848.0,POS_12_16,18.43,19.52
aFRR,45848.0,POS_16_20,16.06,16.81
aFRR,45848.0,POS_20_24,26.48,29.9
aFRR,45848.0,NEG_00_04,1.5,1.71
aFRR,45848.0,NEG_04_08,1.94,2.11
aFRR,45848.0,NEG_08_12,28.88,31.14
aFRR,45848.0,NEG_12_16,48.22,53.49
aFRR,45848.0,NEG_16_20,16.74,17.8
aFRR,45848.0,NEG_20_24,0.9,1.0
aFRR,45849.0,POS_00_04,4.76,5.0
aFRR,45849.0,POS_04_08,8.54,8.85
aFRR,45849.0,POS_08_12,19.3,20.8
aFRR,45849.0,POS_12_16,15.16,16.15
aFRR,45849.0,POS_16_20,14.53,15.56
aFRR,45849.0,POS_20_24,24.1,25.77
aFRR,45849.0,NEG_00_04,1.34,1.5
aFRR,45849.0,NEG_04_08,1.75,1.86
aFRR,45849.0,NEG_08_12,24.08,25.67
aFRR,45849.0,NEG_12_16,44.66,52.87
aFRR,45849.0,NEG_16_20,14.42,15.75
aFRR,45849.0,NEG_20_24,0.87,1.0
aFRR,45850.0,POS_00_04,4.55,4.87
aFRR,45850.0,POS_04_08,7.75,8.14
aFRR,45850.0,POS_08_12,15.26,16.52
aFRR,45850.0,POS_12_16,11.5,12.39
aFRR,45850.0,POS_16_20,13.01,13.84
aFRR,45850.0,POS_20_24,21.17,23.22
aFRR,45850.0,NEG_00_04,1.45,1.88
aFRR,45850.0,NEG_04_08,2.02,2.5
aFRR,45850.0,NEG_08_12,27.11,33.47
aFRR,45850.0,NEG_12_16,53.61,67.31
aFRR,45850.0,NEG_16_20,16.19,19.99
aFRR,45850.0,NEG_20_24,0.93,1.15
aFRR,45851.0,POS_00_04,4.38,4.53
aFRR,45851.0,POS_04_08,7.15,7.61
aFRR,45851.0,POS_08_12,12.39,13.0
aFRR,45851.0,POS_12_16,9.62,10.09
aFRR,45851.0,POS_16_20,10.91,11.88
aFRR,45851.0,POS_20_24,19.27,20.67
aFRR,45851.0,NEG_00_04,1.4,1.72
aFRR,45851.0,NEG_04_08,2.25,2.78
aFRR,45851.0,NEG_08_12,31.89,38.36
aFRR,45851.0,NEG_12_16,57.95,66.87
aFRR,45851.0,NEG_16_20,17.68,22.94
aFRR,45851.0,NEG_20_24,0.88,1.03
aFRR,45852.0,POS_00_04,4.4,4.85
aFRR,45852.0,POS_04_08,8.51,11.31
aFRR,45852.0,POS_08_12,23.7,32.37
aFRR,45852.0,POS_12_16,12.89,18.81
aFRR,45852.0,POS_16_20,15.72,18.64
aFRR,45852.0,POS_20_24,28.52,33.61
aFRR,45852.0,NEG_00_04,1.24,1.48
aFRR,45852.0,NEG_04_08,2.02,2.17
aFRR,45852.0,NEG_08_12,24.26,27.19
aFRR,45852.0,NEG_12_16,46.39,50.86
aFRR,45852.0,NEG_16_20,15.06,17.05
aFRR,45852.0,NEG_20_24,0.87,1.0
aFRR,45853.0,POS_00_04,4.23,4.78
aFRR,45853.0,POS_04_08,8.38,9.13
aFRR,45853.0,POS_08_12,20.23,22.76
aFRR,45853.0,POS_12_16,11.52,12.85
aFRR,45853.0,POS_16_20,14.96,16.54
aFRR,45853.0,POS_20_24,26.46,28.71
aFRR,45853.0,NEG_00_04,1.11,1.3
aFRR,45853.0,NEG_04_08,1.84,2.02
aFRR,45853.0,NEG_08_12,21.48,23.16
aFRR,45853.0,NEG_12_16,44.03,53.72
aFRR,45853.0,NEG_16_20,13.35,14.3
aFRR,45853.0,NEG_20_24,0.83,1.0
aFRR,45854.0,POS_00_04,4.04,4.25
aFRR,45854.0,POS_04_08,7.59,8.25
aFRR,45854.0,POS_08_12,17.05,20.54
aFRR,45854.0,POS_12_16,10.41,13.02
aFRR,45854.0,POS_16_20,13.31,14.74
aFRR,45854.0,POS_20_24,22.62,24.5
aFRR,45854.0,NEG_00_04,1.02,1.16
aFRR,45854.0,NEG_04_08,1.58,1.78
aFRR,45854.0,NEG_08_12,17.62,18.59
aFRR,45854.0,NEG_12_16,36.17,40.52
aFRR,45854.0,NEG_16_20,10.82,11.97
aFRR,45854.0,NEG_20_24,0.81,0.94
aFRR,45855.0,POS_00_04,3.82,3.95
aFRR,45855.0,POS_04_08,6.96,7.26
aFRR,45855.0,POS_08_12,15.24,17.2
aFRR,45855.0,POS_12_16,9.8,10.74
aFRR,45855.0,POS_16_20,12.07,12.76
aFRR,45855.0,POS_20_24,20.85,22.67
aFRR,45855.0,NEG_00_04,0.92,1.06
aFRR,45855.0,NEG_04_08,1.38,1.55
aFRR,45855.0,NEG_08_12,14.54,16.43
aFRR,45855.0,NEG_12_16,34.58,43.83
aFRR,45855.0,NEG_16_20,9.37,9.93
aFRR,45855.0,NEG_20_24,0.8,1.06
aFRR,45856.0,POS_00_04,3.58,3.76
aFRR,45856.0,POS_04_08,6.48,7.26
aFRR,45856.0,POS_08_12,14.02,15.3
aFRR,45856.0,POS_12_16,8.8,9.38
aFRR,45856.0,POS_16_20,11.91,14.47
aFRR,45856.0,POS_20_24,20.96,26.29
aFRR,45856.0,NEG_00_04,0.85,1.0
aFRR,45856.0,NEG_04_08,1.16,1.3
aFRR,45856.0,NEG_08_12,12.23,12.91
aFRR,45856.0,NEG_12_16,30.93,33.5
aFRR,45856.0,NEG_16_20,7.77,8.3
aFRR,45856.0,NEG_20_24,0.72,0.9
aFRR,45857.0,POS_00_04,4.09,6.4
aFRR,45857.0,POS_04_08,6.28,7.8
aFRR,45857.0,POS_08_12,12.09,12.82
aFRR,45857.0,POS_12_16,7.6,8.15
aFRR,45857.0,POS_16_20,11.32,12.53
aFRR,45857.0,POS_20_24,19.48,21.65
aFRR,45857.0,NEG_00_04,0.84,1.03
aFRR,45857.0,NEG_04_08,1.29,1.81
aFRR,45857.0,NEG_08_12,21.45,27.98
aFRR,45857.0,NEG_12_16,47.28,61.0
aFRR,45857.0,NEG_16_20,11.59,15.96
aFRR,45857.0,NEG_20_24,0.83,1.0
aFRR,45858.0,POS_00_04,4.1,4.93
aFRR,45858.0,POS_04_08,6.06,6.49
aFRR,45858.0,POS_08_12,10.03,11.01
aFRR,45858.0,POS_12_16,6.59,7.12
aFRR,45858.0,POS_16_20,10.17,11.22
aFRR,45858.0,POS_20_24,17.99,19.29
aFRR,45858.0,NEG_00_04,0.97,2.02
aFRR,45858.0,NEG_04_08,1.7,2.57
aFRR,45858.0,NEG_08_12,25.19,34.15
aFRR,45858.0,NEG_12_16,53.55,67.44
aFRR,45858.0,NEG_16_20,13.09,15.67
aFRR,45858.0,NEG_20_24,0.8,0.9
aFRR,45859.0,POS_00_04,3.73,4.05
aFRR,45859.0,POS_04_08,6.8,8.56
aFRR,45859.0,POS_08_12,16.49,20.94
aFRR,45859.0,POS_12_16,10.59,14.64
aFRR,45859.0,POS_16_20,11.84,15.38
aFRR,45859.0,POS_20_24,18.81,22.7
aFRR,45859.0,NEG_00_04,1.04,1.33
aFRR,45859.0,NEG_04_08,1.46,1.78
aFRR,45859.0,NEG_08_12,17.33,19.67
aFRR,45859.0,NEG_12_16,33.62,39.32
aFRR,45859.0,NEG_16_20,8.8,10.11
aFRR,45859.0,NEG_20_24,0.75,1.0
aFRR,45860.0,POS_00_04,3.4,3.69
aFRR,45860.0,POS_04_08,6.63,7.14
aFRR,45860.0,POS_08_12,19.09,27.31
aFRR,45860.0,POS_12_16,9.88,17.9
aFRR,45860.0,POS_16_20,11.68,12.89
aFRR,45860.0,POS_20_24,17.65,19.18
aFRR,45860.0,NEG_00_04,0.94,1.2
aFRR,45860.0,NEG_04_08,1.39,1.6
aFRR,45860.0,NEG_08_12,17.12,22.8
aFRR,45860.0,NEG_12_16,47.19,62.69
aFRR,45860.0,NEG_16_20,11.02,15.24
aFRR,45860.0,NEG_20_24,0.78,0.92
aFRR,45861.0,POS_00_04,3.17,3.39
aFRR,45861.0,POS_04_08,6.0,6.4
aFRR,45861.0,POS_08_12,18.97,26.58
aFRR,45861.0,POS_12_16,11.16,17.05
aFRR,45861.0,POS_16_20,11.5,15.33
aFRR,45861.0,POS_20_24,16.63,17.86
aFRR,45861.0,NEG_00_04,1.36,3.03
aFRR,45861.0,NEG_04_08,1.71,3.57
aFRR,45861.0,NEG_08_12,18.16,21.0
aFRR,45861.0,NEG_12_16,51.09,67.0
aFRR,45861.0,NEG_16_20,11.62,16.24
aFRR,45861.0,NEG_20_24,0.75,0.9
aFRR,45862.0,POS_00_04,2.94,3.15
aFRR,45862.0,POS_04_08,6.4,9.36
aFRR,45862.0,POS_08_12,16.78,18.9
aFRR,45862.0,POS_12_16,10.77,13.14
aFRR,45862.0,POS_16_20,12.47,14.25
aFRR,45862.0,POS_20_24,17.89,25.0
aFRR,45862.0,NEG_00_04,1.3,1.73
aFRR,45862.0,NEG_04_08,1.67,1.95
aFRR,45862.0,NEG_08_12,14.34,15.65
aFRR,45862.0,NEG_12_16,32.55,38.47
aFRR,45862.0,NEG_16_20,8.76,9.96
aFRR,45862.0,NEG_20_24,0.72,0.87
aFRR,45863.0,POS_00_04,2.76,2.92
aFRR,45863.0,POS_04_08,6.35,6.68
aFRR,45863.0,POS_08_12,14.0,15.6
aFRR,45863.0,POS_12_16,9.51,9.97
aFRR,45863.0,POS_16_20,11.47,12.35
aFRR,45863.0,POS_20_24,17.42,19.09
aFRR,45863.0,NEG_00_04,1.1,1.34
aFRR,45863.0,NEG_04_08,1.36,1.6
aFRR,45863.0,NEG_08_12,11.76,13.1
aFRR,45863.0,NEG_12_16,29.94,33.0
aFRR,45863.0,NEG_16_20,7.25,8.22
aFRR,45863.0,NEG_20_24,0.74,0.9
aFRR,45864.0,POS_00_04,3.19,4.4
aFRR,45864.0,POS_04_08,5.94,6.46
aFRR,45864.0,POS_08_12,11.68,12.47
aFRR,45864.0,POS_12_16,7.51,8.36
aFRR,45864.0,POS_16_20,10.04,10.91
aFRR,45864.0,POS_20_24,15.94,19.43
aFRR,45864.0,NEG_00_04,1.06,1.32
aFRR,45864.0,NEG_04_08,1.35,1.62
aFRR,45864.0,NEG_08_12,13.46,16.0
aFRR,45864.0,NEG_12_16,35.86,41.86
aFRR,45864.0,NEG_16_20,7.88,9.64
aFRR,45864.0,NEG_20_24,0.75,0.85
aFRR,45865.0,POS_00_04,3.39,3.86
aFRR,45865.0,POS_04_08,5.6,5.85
aFRR,45865.0,POS_08_12,9.59,10.13
aFRR,45865.0,POS_12_16,6.35,6.64
aFRR,45865.0,POS_16_20,8.93,9.41
aFRR,45865.0,POS_20_24,14.95,16.84
aFRR,45865.0,NEG_00_04,1.1,1.57
aFRR,45865.0,NEG_04_08,1.45,1.96
aFRR,45865.0,NEG_08_12,14.92,16.98
aFRR,45865.0,NEG_12_16,42.91,53.0
aFRR,45865.0,NEG_16_20,9.54,12.4
aFRR,45865.0,NEG_20_24,0.72,0.83
aFRR,45866.0,POS_00_04,3.12,3.35
aFRR,45866.0,POS_04_08,5.66,6.48
aFRR,45866.0,POS_08_12,10.89,13.14
aFRR,45866.0,POS_12_16,8.36,9.95
aFRR,45866.0,POS_16_20,10.39,11.66
aFRR,45866.0,POS_20_24,16.99,18.83
aFRR,45866.0,NEG_00_04,1.1,1.45
aFRR,45866.0,NEG_04_08,1.33,1.61
aFRR,45866.0,NEG_08_12,11.53,12.49
aFRR,45866.0,NEG_12_16,31.66,34.8
aFRR,45866.0,NEG_16_20,7.84,8.5
aFRR,45866.0,NEG_20_24,0.71,0.85
aFRR,45867.0,POS_00_04,2.81,3.25
aFRR,45867.0,POS_04_08,5.58,6.41
aFRR,45867.0,POS_08_12,10.09,12.05
aFRR,45867.0,POS_12_16,7.19,8.27
aFRR,45867.0,POS_16_20,10.02,11.6
aFRR,45867.0,POS_20_24,16.85,19.11
aFRR,45867.0,NEG_00_04,1.06,1.31
aFRR,45867.0,NEG_04_08,1.25,1.6
aFRR,45867.0,NEG_08_12,11.26,13.44
aFRR,45867.0,NEG_12_16,40.27,54.15
aFRR,45867.0,NEG_16_20,7.32,8.58
aFRR,45867.0,NEG_20_24,0.67,0.8
aFRR,45868.0,POS_00_04,2.75,3.04
aFRR,45868.0,POS_04_08,5.56,6.15
aFRR,45868.0,POS_08_12,9.83,10.92
aFRR,45868.0,POS_12_16,6.68,7.08
aFRR,45868.0,POS_16_20,9.71,10.81
aFRR,45868.0,POS_20_24,16.21,17.55
aFRR,45868.0,NEG_00_04,1.04,1.25
aFRR,45868.0,NEG_04_08,1.24,1.45
aFRR,45868.0,NEG_08_12,10.33,11.32
aFRR,45868.0,NEG_12_16,38.53,44.52
aFRR,45868.0,NEG_16_20,7.01,7.73
aFRR,45868.0,NEG_20_24,0.67,0.77
aFRR,45869.0,POS_00_04,2.57,2.7
aFRR,45869.0,POS_04_08,5.32,5.6
aFRR,45869.0,POS_08_12,9.03,9.52
aFRR,45869.0,POS_12_16,5.87,6.28
aFRR,45869.0,POS_16_20,9.15,9.75
aFRR,45869.0,POS_20_24,15.53,16.18
aFRR,45869.0,NEG_00_04,1.05,1.51
aFRR,45869.0,NEG_04_08,1.2,1.67
aFRR,45869.0,NEG_08_12,9.46,10.68
aFRR,45869.0,NEG_12_16,36.29,45.0
aFRR,45869.0,NEG_16_20,6.44,6.8
aFRR,45869.0,NEG_20_24,0.64,0.74
aFRR,45870.0,POS_00_04,2.4,3.04
aFRR,45870.0,POS_04_08,5.03,5.77
aFRR,45870.0,POS_08_12,8.4,9.53
aFRR,45870.0,POS_12_16,5.21,5.66
aFRR,45870.0,POS_16_20,8.47,9.18
aFRR,45870.0,POS_20_24,14.95,18.4
aFRR,45870.0,NEG_00_04,1.09,1.27
aFRR,45870.0,NEG_04_08,1.13,1.29
aFRR,45870.0,NEG_08_12,8.59,9.02
aFRR,45870.0,NEG_12_16,33.42,35.88
aFRR,45870.0,NEG_16_20,5.64,6.54
aFRR,45870.0,NEG_20_24,0.61,0.72
aFRR,45871.0,POS_00_04,3.26,5.48
aFRR,45871.0,POS_04_08,4.9,5.57
aFRR,45871.0,POS_08_12,7.79,8.23
aFRR,45871.0,POS_12_16,4.65,4.98
aFRR,45871.0,POS_16_20,7.86,8.46
aFRR,45871.0,POS_20_24,16.07,20.45
aFRR,45871.0,NEG_00_04,1.03,1.24
aFRR,45871.0,NEG_04_08,1.13,1.41
aFRR,45871.0,NEG_08_12,11.42,15.07
aFRR,45871.0,NEG_12_16,42.62,51.32
aFRR,45871.0,NEG_16_20,10.11,16.39
aFRR,45871.0,NEG_20_24,0.59,0.76
aFRR,45872.0,POS_00_04,3.52,5.1
aFRR,45872.0,POS_04_08,4.6,4.91
aFRR,45872.0,POS_08_12,6.83,7.64
aFRR,45872.0,POS_12_16,3.98,4.43
aFRR,45872.0,POS_16_20,7.15,8.04
aFRR,45872.0,POS_20_24,14.97,15.85
aFRR,45872.0,NEG_00_04,1.8,4.63
aFRR,45872.0,NEG_04_08,2.18,5.2
aFRR,45872.0,NEG_08_12,19.42,31.72
aFRR,45872.0,NEG_12_16,50.13,58.48
aFRR,45872.0,NEG_16_20,16.22,27.49
aFRR,45872.0,NEG_20_24,0.62,0.74
aFRR,45873.0,POS_00_04,3.52,4.06
aFRR,45873.0,POS_04_08,5.31,7.38
aFRR,45873.0,POS_08_12,17.8,29.0
aFRR,45873.0,POS_12_16,9.59,18.22
aFRR,45873.0,POS_16_20,9.89,11.63
aFRR,45873.0,POS_20_24,16.23,17.0
aFRR,45873.0,NEG_00_04,2.12,3.6
aFRR,45873.0,NEG_04_08,2.27,3.37
aFRR,45873.0,NEG_08_12,13.72,17.36
aFRR,45873.0,NEG_12_16,36.59,46.03
aFRR,45873.0,NEG_16_20,10.99,13.88
aFRR,45873.0,NEG_20_24,0.75,2.0
aFRR,45874.0,POS_00_04,3.2,4.44
aFRR,45874.0,POS_04_08,5.54,9.9
aFRR,45874.0,POS_08_12,14.28,17.0
aFRR,45874.0,POS_12_16,8.31,9.82
aFRR,45874.0,POS_16_20,8.98,10.13
aFRR,45874.0,POS_20_24,14.97,15.79
aFRR,45874.0,NEG_00_04,3.16,4.9
aFRR,45874.0,NEG_04_08,2.56,3.2
aFRR,45874.0,NEG_08_12,14.56,17.66
aFRR,45874.0,NEG_12_16,44.22,61.04
aFRR,45874.0,NEG_16_20,15.79,24.71
aFRR,45874.0,NEG_20_24,1.25,2.6
aFRR,45875.0,POS_00_04,3.55,4.33
aFRR,45875.0,POS_04_08,7.17,10.56
aFRR,45875.0,POS_08_12,15.98,24.47
aFRR,45875.0,POS_12_16,9.09,14.59
aFRR,45875.0,POS_16_20,10.52,17.0
aFRR,45875.0,POS_20_24,24.24,40.97
aFRR,45875.0,NEG_00_04,3.38,4.63
aFRR,45875.0,NEG_04_08,6.01,22.2
aFRR,45875.0,NEG_08_12,27.75,65.72
aFRR,45875.0,NEG_12_16,64.25,96.29
aFRR,45875.0,NEG_16_20,21.99,42.56
aFRR,45875.0,NEG_20_24,1.2,1.58
aFRR,45876.0,POS_00_04,3.83,4.7
aFRR,45876.0,POS_04_08,8.33,10.96
aFRR,45876.0,POS_08_12,14.67,17.15
aFRR,45876.0,POS_12_16,7.99,9.11
aFRR,45876.0,POS_16_20,12.04,15.77
aFRR,45876.0,POS_20_24,26.32,35.0
aFRR,45876.0,NEG_00_04,2.46,2.8
aFRR,45876.0,NEG_04_08,4.1,6.2
aFRR,45876.0,NEG_08_12,25.1,32.0
aFRR,45876.0,NEG_12_16,59.52,72.5
aFRR,45876.0,NEG_16_20,19.4,23.2
aFRR,45876.0,NEG_20_24,1.01,1.18
aFRR,45877.0,POS_00_04,3.86,4.29
aFRR,45877.0,POS_04_08,7.85,8.94
aFRR,45877.0,POS_08_12,13.16,14.89
aFRR,45877.0,POS_12_16,6.99,8.04
aFRR,45877.0,POS_16_20,12.94,15.0
aFRR,45877.0,POS_20_24,28.06,36.23
aFRR,45877.0,NEG_00_04,1.86,2.24
aFRR,45877.0,NEG_04_08,2.86,3.74
aFRR,45877.0,NEG_08_12,21.78,27.62
aFRR,45877.0,NEG_12_16,55.42,69.68
aFRR,45877.0,NEG_16_20,15.02,18.83
aFRR,45877.0,NEG_20_24,0.87,1.03
aFRR,45878.0,POS_00_04,4.17,5.83
aFRR,45878.0,POS_04_08,7.1,8.03
aFRR,45878.0,POS_08_12,11.45,12.11
aFRR,45878.0,POS_12_16,6.28,6.62
aFRR,45878.0,POS_16_20,11.53,12.74
aFRR,45878.0,POS_20_24,23.85,27.8
aFRR,45878.0,NEG_00_04,1.53,1.87
aFRR,45878.0,NEG_04_08,2.19,2.63
aFRR,45878.0,NEG_08_12,27.8,41.62
aFRR,45878.0,NEG_12_16,64.46,82.01
aFRR,45878.0,NEG_16_20,19.49,30.72
aFRR,45878.0,NEG_20_24,0.93,1.29
aFRR,45879.0,POS_00_04,4.18,4.99
aFRR,45879.0,POS_04_08,6.51,7.0
aFRR,45879.0,POS_08_12,9.51,10.05
aFRR,45879.0,POS_12_16,5.35,5.84
aFRR,45879.0,POS_16_20,10.05,10.68
aFRR,45879.0,POS_20_24,20.35,22.14
aFRR,45879.0,NEG_00_04,2.24,3.47
aFRR,45879.0,NEG_04_08,3.11,5.26
aFRR,45879.0,NEG_08_12,41.33,64.8
aFRR,45879.0,NEG_12_16,79.67,99.42
aFRR,45879.0,NEG_16_20,27.24,41.38
aFRR,45879.0,NEG_20_24,1.02,1.3
aFRR,45880.0,POS_00_04,3.83,4.5
aFRR,45880.0,POS_04_08,8.44,10.9
aFRR,45880.0,POS_08_12,12.94,16.0
aFRR,45880.0,POS_12_16,7.15,8.86
aFRR,45880.0,POS_16_20,14.72,18.2
aFRR,45880.0,POS_20_24,29.84,34.89
aFRR,45880.0,NEG_00_04,1.9,2.3
aFRR,45880.0,NEG_04_08,2.51,3.29
aFRR,45880.0,NEG_08_12,29.32,36.5
aFRR,45880.0,NEG_12_16,61.93,76.5
aFRR,45880.0,NEG_16_20,19.37,22.5
aFRR,45880.0,NEG_20_24,0.96,1.5
aFRR,45881.0,POS_00_04,3.78,4.2
aFRR,45881.0,POS_04_08,9.4,16.0
aFRR,45881.0,POS_08_12,16.34,24.37
aFRR,45881.0,POS_12_16,8.53,13.02
aFRR,45881.0,POS_16_20,15.86,22.95
aFRR,45881.0,POS_20_24,27.5,30.17
aFRR,45881.0,NEG_00_04,1.46,1.74
aFRR,45881.0,NEG_04_08,1.95,2.3
aFRR,45881.0,NEG_08_12,28.25,42.14
aFRR,45881.0,NEG_12_16,61.25,82.32
aFRR,45881.0,NEG_16_20,17.39,24.15
aFRR,45881.0,NEG_20_24,1.01,1.36
aFRR,45882.0,POS_00_04,3.66,3.89
aFRR,45882.0,POS_04_08,9.87,11.26
aFRR,45882.0,POS_08_12,15.39,17.18
aFRR,45882.0,POS_12_16,8.51,9.73
aFRR,45882.0,POS_16_20,21.38,36.44
aFRR,45882.0,POS_20_24,31.58,39.2
aFRR,45882.0,NEG_00_04,1.33,1.5
aFRR,45882.0,NEG_04_08,1.7,2.03
aFRR,45882.0,NEG_08_12,29.16,34.85
aFRR,45882.0,NEG_12_16,61.15,73.48
aFRR,45882.0,NEG_16_20,16.42,20.52
aFRR,45882.0,NEG_20_24,0.97,1.1
aFRR,45883.0,POS_00_04,3.52,3.76
aFRR,45883.0,POS_04_08,9.09,10.26
aFRR,45883.0,POS_08_12,14.17,15.52
aFRR,45883.0,POS_12_16,7.7,8.49
aFRR,45883.0,POS_16_20,25.29,36.77
aFRR,45883.0,POS_20_24,35.47,44.48
aFRR,45883.0,NEG_00_04,1.14,1.3
aFRR,45883.0,NEG_04_08,1.49,1.8
aFRR,45883.0,NEG_08_12,25.47,28.43
aFRR,45883.0,NEG_12_16,57.73,64.68
aFRR,45883.0,NEG_16_20,15.03,16.0
aFRR,45883.0,NEG_20_24,0.88,1.02
aFRR,45884.0,POS_00_04,3.37,3.64
aFRR,45884.0,POS_04_08,8.42,8.93
aFRR,45884.0,POS_08_12,12.89,13.92
aFRR,45884.0,POS_12_16,6.95,7.38
aFRR,45884.0,POS_16_20,21.28,24.75
aFRR,45884.0,POS_20_24,28.27,31.79
aFRR,45884.0,NEG_00_04,1.0,1.13
aFRR,45884.0,NEG_04_08,1.29,1.49
aFRR,45884.0,NEG_08_12,24.33,28.57
aFRR,45884.0,NEG_12_16,61.15,87.19
aFRR,45884.0,NEG_16_20,15.82,19.47
aFRR,45884.0,NEG_20_24,0.91,1.06
aFRR,45885.0,POS_00_04,3.71,4.51
aFRR,45885.0,POS_04_08,7.33,7.85
aFRR,45885.0,POS_08_12,11.07,11.69
aFRR,45885.0,POS_12_16,6.02,6.38
aFRR,45885.0,POS_16_20,16.64,17.94
aFRR,45885.0,POS_20_24,22.92,24.5
aFRR,45885.0,NEG_00_04,1.36,2.2
aFRR,45885.0,NEG_04_08,1.71,3.5
aFRR,45885.0,NEG_08_12,29.9,38.07
aFRR,45885.0,NEG_12_16,72.1,84.31
aFRR,45885.0,NEG_16_20,22.33,28.39
aFRR,45885.0,NEG_20_24,1.07,2.0
aFRR,45886.0,POS_00_04,3.52,3.84
aFRR,45886.0,POS_04_08,6.44,6.72
aFRR,45886.0,POS_08_12,9.25,9.6
aFRR,45886.0,POS_12_16,5.18,5.47
aFRR,45886.0,POS_16_20,13.68,14.2
aFRR,45886.0,POS_20_24,20.0,21.0
aFRR,45886.0,NEG_00_04,2.1,3.33
aFRR,45886.0,NEG_04_08,2.71,4.11
aFRR,45886.0,NEG_08_12,35.96,56.09
aFRR,45886.0,NEG_12_16,74.69,86.71
aFRR,45886.0,NEG_16_20,23.31,28.14
aFRR,45886.0,NEG_20_24,1.32,2.22
aFRR,45887.0,POS_00_04,3.29,3.5
aFRR,45887.0,POS_04_08,8.94,10.38
aFRR,45887.0,POS_08_12,19.65,31.23
aFRR,45887.0,POS_12_16,11.7,21.9
aFRR,45887.0,POS_16_20,22.5,31.49
aFRR,45887.0,POS_20_24,37.72,55.99
aFRR,45887.0,NEG_00_04,1.69,2.1
aFRR,45887.0,NEG_04_08,2.0,2.63
aFRR,45887.0,NEG_08_12,27.91,35.18
aFRR,45887.0,NEG_12_16,60.67,67.04
aFRR,45887.0,NEG_16_20,16.78,18.87
aFRR,45887.0,NEG_20_24,1.06,1.36
aFRR,45888.0,POS_00_04,3.17,3.4
aFRR,45888.0,POS_04_08,10.6,16.07
aFRR,45888.0,POS_08_12,19.11,22.15
aFRR,45888.0,POS_12_16,11.38,13.03
aFRR,45888.0,POS_16_20,23.41,30.2
aFRR,45888.0,POS_20_24,35.41,40.46
aFRR,45888.0,NEG_00_04,1.5,1.94
aFRR,45888.0,NEG_04_08,1.61,2.03
aFRR,45888.0,NEG_08_12,27.03,31.47
aFRR,45888.0,NEG_12_16,61.31,74.29
aFRR,45888.0,NEG_16_20,15.83,17.58
aFRR,45888.0,NEG_20_24,1.03,1.24
aFRR,45889.0,POS_00_04,3.13,4.79
aFRR,45889.0,POS_04_08,10.24,11.05
aFRR,45889.0,POS_08_12,16.24,20.04
aFRR,45889.0,POS_12_16,9.73,10.92
aFRR,45889.0,POS_16_20,21.24,23.91
aFRR,45889.0,POS_20_24,28.35,30.19
aFRR,45889.0,NEG_00_04,1.38,1.57
aFRR,45889.0,NEG_04_08,1.37,1.62
aFRR,45889.0,NEG_08_12,23.81,25.74
aFRR,45889.0,NEG_12_16,53.94,59.59
aFRR,45889.0,NEG_16_20,13.62,15.2
aFRR,45889.0,NEG_20_24,0.97,1.12
aFRR,45890.0,POS_00_04,3.19,3.83
aFRR,45890.0,POS_04_08,8.76,9.76
aFRR,45890.0,POS_08_12,14.66,15.81
aFRR,45890.0,POS_12_16,8.33,8.82
aFRR,45890.0,POS_16_20,17.0,18.44
aFRR,45890.0,POS_20_24,21.93,23.54
aFRR,45890.0,NEG_00_04,1.21,1.41
aFRR,45890.0,NEG_04_08,1.13,1.36
aFRR,45890.0,NEG_08_12,19.24,21.4
aFRR,45890.0,NEG_12_16,43.47,47.65
aFRR,45890.0,NEG_16_20,11.73,12.74
aFRR,45890.0,NEG_20_24,1.09,2.65
aFRR,45891.0,POS_00_04,3.06,3.35
aFRR,45891.0,POS_04_08,7.78,8.21
aFRR,45891.0,POS_08_12,12.93,15.55
aFRR,45891.0,POS_12_16,7.02,7.7
aFRR,45891.0,POS_16_20,14.22,15.9
aFRR,45891.0,POS_20_24,18.0,18.86
aFRR,45891.0,NEG_00_04,1.12,1.29
aFRR,45891.0,NEG_04_08,1.06,1.24
aFRR,45891.0,NEG_08_12,20.99,26.15
aFRR,45891.0,NEG_12_16,54.14,69.84
aFRR,45891.0,NEG_16_20,14.41,19.16
aFRR,45891.0,NEG_20_24,1.18,1.58
aFRR,45892.0,POS_00_04,3.59,4.86
aFRR,45892.0,POS_04_08,6.57,7.12
aFRR,45892.0,POS_08_12,11.67,12.99
aFRR,45892.0,POS_12_16,6.1,6.47
aFRR,45892.0,POS_16_20,12.6,13.8
aFRR,45892.0,POS_20_24,15.64,17.81
aFRR,45892.0,NEG_00_04,1.17,1.6
aFRR,45892.0,NEG_04_08,1.62,2.19
aFRR,45892.0,NEG_08_12,31.17,42.6
aFRR,45892.0,NEG_12_16,66.18,80.08
aFRR,45892.0,NEG_16_20,19.12,23.88
aFRR,45892.0,NEG_20_24,1.27,1.62
aFRR,45893.0,POS_00_04,3.53,4.15
aFRR,45893.0,POS_04_08,5.89,6.57
aFRR,45893.0,POS_08_12,10.28,13.44
aFRR,45893.0,POS_12_16,5.14,5.44
aFRR,45893.0,POS_16_20,11.71,14.52
aFRR,45893.0,POS_20_24,14.53,15.87
aFRR,45893.0,NEG_00_04,1.15,1.52
aFRR,45893.0,NEG_04_08,1.57,2.05
aFRR,45893.0,NEG_08_12,37.48,45.6
aFRR,45893.0,NEG_12_16,72.05,81.46
aFRR,45893.0,NEG_16_20,20.38,25.37
aFRR,45893.0,NEG_20_24,1.25,1.39
aFRR,45894.0,POS_00_04,3.64,5.34
aFRR,45894.0,POS_04_08,10.03,14.16
aFRR,45894.0,POS_08_12,70.83,301.82
aFRR,45894.0,POS_12_16,26.19,69.44
aFRR,45894.0,POS_16_20,32.89,50.77
aFRR,45894.0,POS_20_24,47.8,68.98
aFRR,45894.0,NEG_00_04,1.43,3.57
aFRR,45894.0,NEG_04_08,1.93,6.54
aFRR,45894.0,NEG_08_12,48.92,142.93
aFRR,45894.0,NEG_12_16,125.47,432.73
aFRR,45894.0,NEG_16_20,32.14,89.5
aFRR,45894.0,NEG_20_24,2.46,15.0
aFRR,45895.0,POS_00_04,11.8,26.4
aFRR,45895.0,POS_04_08,17.93,28.44
aFRR,45895.0,POS_08_12,60.41,77.08
aFRR,45895.0,POS_12_16,25.06,34.11
aFRR,45895.0,POS_16_20,31.19,40.36
aFRR,45895.0,POS_20_24,41.87,50.12
aFRR,45895.0,NEG_00_04,3.95,12.81
aFRR,45895.0,NEG_04_08,3.81,10.0
aFRR,45895.0,NEG_08_12,50.47,62.8
aFRR,45895.0,NEG_12_16,99.73,123.2
aFRR,45895.0,NEG_16_20,28.44,36.15
aFRR,45895.0,NEG_20_24,4.31,9.0
aFRR,45896.0,POS_00_04,10.94,14.02
aFRR,45896.0,POS_04_08,15.57,19.1
aFRR,45896.0,POS_08_12,53.51,90.2
aFRR,45896.0,POS_12_16,31.24,61.34
aFRR,45896.0,POS_16_20,29.8,34.6
aFRR,45896.0,POS_20_24,37.85,43.5
aFRR,45896.0,NEG_00_04,4.7,6.83
aFRR,45896.0,NEG_04_08,4.2,5.8
aFRR,45896.0,NEG_08_12,42.03,65.0
aFRR,45896.0,NEG_12_16,75.6,86.0
aFRR,45896.0,NEG_16_20,22.98,26.94
aFRR,45896.0,NEG_20_24,3.59,5.0
aFRR,45897.0,POS_00_04,8.58,9.83
aFRR,45897.0,POS_04_08,12.87,15.7
aFRR,45897.0,POS_08_12,42.83,50.81
aFRR,45897.0,POS_12_16,24.31,28.91
aFRR,45897.0,POS_16_20,30.56,44.47
aFRR,45897.0,POS_20_24,35.47,40.84
aFRR,45897.0,NEG_00_04,3.61,4.66
aFRR,45897.0,NEG_04_08,3.17,3.8
aFRR,45897.0,NEG_08_12,30.57,33.95
aFRR,45897.0,NEG_12_16,52.69,59.68
aFRR,45897.0,NEG_16_20,16.81,18.05
aFRR,45897.0,NEG_20_24,2.71,3.4
aFRR,45898.0,POS_00_04,6.51,7.67
aFRR,45898.0,POS_04_08,10.91,11.98
aFRR,45898.0,POS_08_12,30.79,33.93
aFRR,45898.0,POS_12_16,17.43,19.35
aFRR,45898.0,POS_16_20,27.52,30.71
aFRR,45898.0,POS_20_24,29.89,31.5
aFRR,45898.0,NEG_00_04,3.01,3.82
aFRR,45898.0,NEG_04_08,2.55,2.96
aFRR,45898.0,NEG_08_12,24.59,28.92
aFRR,45898.0,NEG_12_16,46.84,53.84
aFRR,45898.0,NEG_16_20,14.07,15.89
aFRR,45898.0,NEG_20_24,2.08,2.46
aFRR,45899.0,POS_00_04,5.42,6.23
aFRR,45899.0,POS_04_08,8.87,9.31
aFRR,45899.0,POS_08_12,22.06,23.09
aFRR,45899.0,POS_12_16,12.18,13.22
aFRR,45899.0,POS_16_20,22.08,23.73
aFRR,45899.0,POS_20_24,23.77,26.09
aFRR,45899.0,NEG_00_04,2.85,3.1
aFRR,45899.0,NEG_04_08,2.46,2.94
aFRR,45899.0,NEG_08_12,29.49,34.4
aFRR,45899.0,NEG_12_16,63.05,83.88
aFRR,45899.0,NEG_16_20,17.03,20.35
aFRR,45899.0,NEG_20_24,1.9,2.15
aFRR,45900.0,POS_00_04,4.7,5.26
aFRR,45900.0,POS_04_08,7.12,7.67
aFRR,45900.0,POS_08_12,15.19,16.17
aFRR,45900.0,POS_12_16,8.78,9.6
aFRR,45900.0,POS_16_20,17.7,19.0
aFRR,45900.0,POS_20_24,19.37,20.63
aFRR,45900.0,NEG_00_04,2.65,3.0
aFRR,45900.0,NEG_04_08,2.52,3.3
aFRR,45900.0,NEG_08_12,38.98,71.25
aFRR,45900.0,NEG_12_16,74.48,93.3
aFRR,45900.0,NEG_16_20,17.34,20.98
aFRR,45900.0,NEG_20_24,1.66,1.95
aFRR,45901.0,POS_00_04,4.29,4.79
aFRR,45901.0,POS_04_08,8.6,9.94
aFRR,45901.0,POS_08_12,24.34,45.0
aFRR,45901.0,POS_12_16,16.94,33.78
aFRR,45901.0,POS_16_20,30.47,54.0
aFRR,45901.0,POS_20_24,28.07,33.67
aFRR,45901.0,NEG_00_04,2.34,3.15
aFRR,45901.0,NEG_04_08,2.34,3.44
aFRR,45901.0,NEG_08_12,31.62,43.51
aFRR,45901.0,NEG_12_16,58.82,88.33
aFRR,45901.0,NEG_16_20,14.1,17.0
aFRR,45901.0,NEG_20_24,1.45,2.23
aFRR,45902.0,POS_00_04,4.11,5.0
aFRR,45902.0,POS_04_08,9.62,13.46
aFRR,45902.0,POS_08_12,29.74,45.2
aFRR,45902.0,POS_12_16,27.82,47.05
aFRR,45902.0,POS_16_20,40.24,76.25
aFRR,45902.0,POS_20_24,30.11,39.0
aFRR,45902.0,NEG_00_04,2.11,2.91
aFRR,45902.0,NEG_04_08,2.17,2.52
aFRR,45902.0,NEG_08_12,25.76,29.3
aFRR,45902.0,NEG_12_16,54.25,76.42
aFRR,45902.0,NEG_16_20,12.21,13.68
aFRR,45902.0,NEG_20_24,1.48,1.87
aFRR,45903.0,POS_00_04,4.35,5.29
aFRR,45903.0,POS_04_08,9.8,12.8
aFRR,45903.0,POS_08_12,28.14,39.75
aFRR,45903.0,POS_12_16,26.96,40.94
aFRR,45903.0,POS_16_20,34.91,64.0
aFRR,45903.0,POS_20_24,25.89,29.43
aFRR,45903.0,NEG_00_04,2.19,2.68
aFRR,45903.0,NEG_04_08,2.05,2.64
aFRR,45903.0,NEG_08_12,30.06,42.81
aFRR,45903.0,NEG_12_16,68.19,88.42
aFRR,45903.0,NEG_16_20,20.78,85.94
aFRR,45903.0,NEG_20_24,1.88,3.9
aFRR,45904.0,POS_00_04,4.41,4.9
aFRR,45904.0,POS_04_08,10.38,15.01
aFRR,45904.0,POS_08_12,27.98,36.51
aFRR,45904.0,POS_12_16,38.85,138.35
aFRR,45904.0,POS_16_20,76.67,379.0
aFRR,45904.0,POS_20_24,37.62,59.6
aFRR,45904.0,NEG_00_04,13.71,42.54
aFRR,45904.0,NEG_04_08,5.49,20.48
aFRR,45904.0,NEG_08_12,31.0,67.15
aFRR,45904.0,NEG_12_16,77.89,194.05
aFRR,45904.0,NEG_16_20,24.87,79.39
aFRR,45904.0,NEG_20_24,1.65,2.17
aFRR,45905.0,POS_00_04,4.28,4.61
aFRR,45905.0,POS_04_08,10.35,11.53
aFRR,45905.0,POS_08_12,48.87,147.5
aFRR,45905.0,POS_12_16,38.3,53.3
aFRR,45905.0,POS_16_20,59.97,76.1
aFRR,45905.0,POS_20_24,35.29,39.41
aFRR,45905.0,NEG_00_04,9.76,14.67
aFRR,45905.0,NEG_04_08,5.29,7.76
aFRR,45905.0,NEG_08_12,28.29,33.5
aFRR,45905.0,NEG_12_16,68.15,80.66
aFRR,45905.0,NEG_16_20,27.64,41.41
aFRR,45905.0,NEG_20_24,1.45,1.82
aFRR,45906.0,POS_00_04,3.88,4.33
aFRR,45906.0,POS_04_08,8.63,9.09
aFRR,45906.0,POS_08_12,31.64,37.51
aFRR,45906.0,POS_12_16,25.46,29.37
aFRR,45906.0,POS_16_20,36.85,44.07
aFRR,45906.0,POS_20_24,27.69,29.95
aFRR,45906.0,NEG_00_04,5.63,7.72
aFRR,45906.0,NEG_04_08,4.02,4.93
aFRR,45906.0,NEG_08_12,30.61,36.75
aFRR,45906.0,NEG_12_16,73.94,89.58
aFRR,45906.0,NEG_16_20,23.25,27.86
aFRR,45906.0,NEG_20_24,1.33,1.5
aFRR,45907.0,POS_00_04,3.59,4.04
aFRR,45907.0,POS_04_08,6.97,7.5
aFRR,45907.0,POS_08_12,20.49,24.05
aFRR,45907.0,POS_12_16,17.55,20.39
aFRR,45907.0,POS_16_20,25.64,29.46
aFRR,45907.0,POS_20_24,21.54,23.31
aFRR,45907.0,NEG_00_04,4.59,6.01
aFRR,45907.0,NEG_04_08,3.94,4.81
aFRR,45907.0,NEG_08_12,45.05,59.16
aFRR,45907.0,NEG_12_16,85.63,98.43
aFRR,45907.0,NEG_16_20,25.57,30.59
aFRR,45907.0,NEG_20_24,1.39,2.1
aFRR,45908.0,POS_00_04,3.54,4.04
aFRR,45908.0,POS_04_08,9.35,11.94
aFRR,45908.0,POS_08_12,39.79,66.68
aFRR,45908.0,POS_12_16,27.85,42.0
aFRR,45908.0,POS_16_20,66.29,115.0
aFRR,45908.0,POS_20_24,41.41,54.72
aFRR,45908.0,NEG_00_04,3.84,6.74
aFRR,45908.0,NEG_04_08,3.62,8.17
aFRR,45908.0,NEG_08_12,32.4,38.99
aFRR,45908.0,NEG_12_16,61.92,76.67
aFRR,45908.0,NEG_16_20,19.23,23.54
aFRR,45908.0,NEG_20_24,1.38,1.95
aFRR,45909.0,POS_00_04,3.87,6.25
aFRR,45909.0,POS_04_08,11.74,17.0
aFRR,45909.0,POS_08_12,40.91,51.0
aFRR,45909.0,POS_12_16,26.7,33.0
aFRR,45909.0,POS_16_20,71.97,100.91
aFRR,45909.0,POS_20_24,41.73,56.25
aFRR,45909.0,NEG_00_04,3.35,6.1
aFRR,45909.0,NEG_04_08,3.33,4.37
aFRR,45909.0,NEG_08_12,23.8,27.24
aFRR,45909.0,NEG_12_16,51.02,58.25
aFRR,45909.0,NEG_16_20,16.27,18.03
aFRR,45909.0,NEG_20_24,1.41,2.92
aFRR,45910.0,POS_00_04,4.1,5.02
aFRR,45910.0,POS_04_08,32.29,76.64
aFRR,45910.0,POS_08_12,43.46,79.64
aFRR,45910.0,POS_12_16,25.89,35.03
aFRR,45910.0,POS_16_20,94.71,145.0
aFRR,45910.0,POS_20_24,44.24,49.94
aFRR,45910.0,NEG_00_04,3.81,6.17
aFRR,45910.0,NEG_04_08,3.03,3.6
aFRR,45910.0,NEG_08_12,19.67,22.33
aFRR,45910.0,NEG_12_16,40.79,45.13
aFRR,45910.0,NEG_16_20,14.18,15.44
aFRR,45910.0,NEG_20_24,1.57,2.54
aFRR,45911.0,POS_00_04,3.79,4.65
aFRR,45911.0,POS_04_08,22.72,27.57
aFRR,45911.0,POS_08_12,33.27,39.51
aFRR,45911.0,POS_12_16,20.29,23.69
aFRR,45911.0,POS_16_20,60.16,70.91
aFRR,45911.0,POS_20_24,33.03,37.08
aFRR,45911.0,NEG_00_04,3.82,5.06
aFRR,45911.0,NEG_04_08,2.89,3.36
aFRR,45911.0,NEG_08_12,27.39,64.19
aFRR,45911.0,NEG_12_16,60.52,87.76
aFRR,45911.0,NEG_16_20,50.11,259.14
aFRR,45911.0,NEG_20_24,1.91,2.8
aFRR,45912.0,POS_00_04,3.84,5.03
aFRR,45912.0,POS_04_08,16.98,18.98
aFRR,45912.0,POS_08_12,36.86,87.35
aFRR,45912.0,POS_12_16,17.02,18.78
aFRR,45912.0,POS_16_20,54.12,90.0
aFRR,45912.0,POS_20_24,28.37,31.02
aFRR,45912.0,NEG_00_04,10.78,21.72
aFRR,45912.0,NEG_04_08,6.11,12.57
aFRR,45912.0,NEG_08_12,34.63,44.87
aFRR,45912.0,NEG_12_16,74.22,100.0
aFRR,45912.0,NEG_16_20,46.98,75.5
aFRR,45912.0,NEG_20_24,2.02,2.88
aFRR,45913.0,POS_00_04,3.97,4.71
aFRR,45913.0,POS_04_08,13.7,14.5
aFRR,45913.0,POS_08_12,31.81,37.28
aFRR,45913.0,POS_12_16,13.85,14.77
aFRR,45913.0,POS_16_20,42.2,51.22
aFRR,45913.0,POS_20_24,24.32,25.96
aFRR,45913.0,NEG_00_04,8.02,9.89
aFRR,45913.0,NEG_04_08,5.95,7.67
aFRR,45913.0,NEG_08_12,34.99,40.65
aFRR,45913.0,NEG_12_16,77.75,95.89
aFRR,45913.0,NEG_16_20,37.39,45.64
aFRR,45913.0,NEG_20_24,2.09,2.52
aFRR,45914.0,POS_00_04,3.86,4.53
aFRR,45914.0,POS_04_08,10.28,11.4
aFRR,45914.0,POS_08_12,23.02,25.91
aFRR,45914.0,POS_12_16,10.35,11.0
aFRR,45914.0,POS_16_20,33.26,37.48
aFRR,45914.0,POS_20_24,20.76,26.22
aFRR,45914.0,NEG_00_04,6.07,7.0
aFRR,45914.0,NEG_04_08,4.89,5.75
aFRR,45914.0,NEG_08_12,33.48,39.3
aFRR,45914.0,NEG_12_16,76.98,87.77
aFRR,45914.0,NEG_16_20,30.71,35.16
aFRR,45914.0,NEG_20_24,1.99,2.58
aFRR,45915.0,POS_00_04,4.69,9.75
aFRR,45915.0,POS_04_08,9.36,13.27
aFRR,45915.0,POS_08_12,42.75,138.19
aFRR,45915.0,POS_12_16,23.88,79.08
aFRR,45915.0,POS_16_20,40.12,99.0
aFRR,45915.0,POS_20_24,23.04,33.75
aFRR,45915.0,NEG_00_04,12.54,21.52
aFRR,45915.0,NEG_04_08,11.15,22.2
aFRR,45915.0,NEG_08_12,40.54,58.61
aFRR,45915.0,NEG_12_16,81.14,103.74
aFRR,45915.0,NEG_16_20,41.54,83.6
aFRR,45915.0,NEG_20_24,2.73,5.0
aFRR,45916.0,POS_00_04,5.78,7.66
aFRR,45916.0,POS_04_08,10.1,12.35
aFRR,45916.0,POS_08_12,456.66,3783.56
aFRR,45916.0,POS_12_16,53.01,193.63
aFRR,45916.0,POS_16_20,56.76,75.2
aFRR,45916.0,POS_20_24,25.31,28.66
aFRR,45916.0,NEG_00_04,17.62,24.75
aFRR,45916.0,NEG_04_08,14.34,21.57
aFRR,45916.0,NEG_08_12,58.51,467.2
aFRR,45916.0,NEG_12_16,97.24,159.94
aFRR,45916.0,NEG_16_20,64.28,284.57
aFRR,45916.0,NEG_20_24,5.23,27.04
aFRR,45917.0,POS_00_04,5.21,5.92
aFRR,45917.0,POS_04_08,10.21,12.01
aFRR,45917.0,POS_08_12,135.43,210.0
aFRR,45917.0,POS_12_16,55.48,72.76
aFRR,45917.0,POS_16_20,51.32,60.64
aFRR,45917.0,POS_20_24,23.14,25.31
aFRR,45917.0,NEG_00_04,13.98,25.18
aFRR,45917.0,NEG_04_08,10.88,13.81
aFRR,45917.0,NEG_08_12,66.54,99.91
aFRR,45917.0,NEG_12_16,83.44,100.77
aFRR,45917.0,NEG_16_20,60.0,75.82
aFRR,45917.0,NEG_20_24,6.96,10.0
aFRR,45918.0,POS_00_04,4.76,5.82
aFRR,45918.0,POS_04_08,10.58,17.24
aFRR,45918.0,POS_08_12,86.67,112.02
aFRR,45918.0,POS_12_16,37.79,42.47
aFRR,45918.0,POS_16_20,82.24,294.3
aFRR,45918.0,POS_20_24,22.19,24.54
aFRR,45918.0,NEG_00_04,15.03,26.91
aFRR,45918.0,NEG_04_08,9.67,16.61
aFRR,45918.0,NEG_08_12,59.14,76.67
aFRR,45918.0,NEG_12_16,80.36,97.05
aFRR,45918.0,NEG_16_20,48.76,57.25
aFRR,45918.0,NEG_20_24,5.83,11.07
aFRR,45919.0,POS_00_04,4.72,5.47
aFRR,45919.0,POS_04_08,11.61,15.41
aFRR,45919.0,POS_08_12,63.97,77.43
aFRR,45919.0,POS_12_16,28.43,33.47
aFRR,45919.0,POS_16_20,70.27,88.85
aFRR,45919.0,POS_20_24,24.66,31.9
aFRR,45919.0,NEG_00_04,15.09,20.79
aFRR,45919.0,NEG_04_08,8.94,10.3
aFRR,45919.0,NEG_08_12,73.05,270.72
aFRR,45919.0,NEG_12_16,81.32,100.72
aFRR,45919.0,NEG_16_20,39.94,48.96
aFRR,45919.0,NEG_20_24,5.35,6.66
aFRR,45920.0,POS_00_04,4.58,5.29
aFRR,45920.0,POS_04_08,10.62,11.98
aFRR,45920.0,POS_08_12,41.95,47.79
aFRR,45920.0,POS_12_16,20.55,22.98
aFRR,45920.0,POS_16_20,46.37,54.74
aFRR,45920.0,POS_20_24,21.87,24.12
aFRR,45920.0,NEG_00_04,12.31,14.52
aFRR,45920.0,NEG_04_08,7.6,8.8
aFRR,45920.0,NEG_08_12,64.29,77.81
aFRR,45920.0,NEG_12_16,81.72,89.16
aFRR,45920.0,NEG_16_20,33.07,38.4
aFRR,45920.0,NEG_20_24,4.58,5.58
aFRR,45921.0,POS_00_04,4.84,8.31
aFRR,45921.0,POS_04_08,8.73,9.44
aFRR,45921.0,POS_08_12,27.73,32.17
aFRR,45921.0,POS_12_16,14.88,16.62
aFRR,45921.0,POS_16_20,32.87,37.45
aFRR,45921.0,POS_20_24,17.53,19.08
aFRR,45921.0,NEG_00_04,13.64,18.91
aFRR,45921.0,NEG_04_08,11.27,19.25
aFRR,45921.0,NEG_08_12,48.61,63.74
aFRR,45921.0,NEG_12_16,71.55,80.86
aFRR,45921.0,NEG_16_20,29.02,39.25
aFRR,45921.0,NEG_20_24,4.1,4.69
aFRR,45922.0,POS_00_04,5.41,6.59
aFRR,45922.0,POS_04_08,11.0,13.4
aFRR,45922.0,POS_08_12,43.31,62.32
aFRR,45922.0,POS_12_16,24.5,36.0
aFRR,45922.0,POS_16_20,44.68,69.52
aFRR,45922.0,POS_20_24,22.44,27.71
aFRR,45922.0,NEG_00_04,13.62,22.23
aFRR,45922.0,NEG_04_08,9.95,16.73
aFRR,45922.0,NEG_08_12,36.05,40.87
aFRR,45922.0,NEG_12_16,56.1,65.16
aFRR,45922.0,NEG_16_20,32.99,159.55
aFRR,45922.0,NEG_20_24,3.68,6.16
aFRR,45923.0,POS_00_04,5.04,6.47
aFRR,45923.0,POS_04_08,16.43,34.84
aFRR,45923.0,POS_08_12,249.34,747.59
aFRR,45923.0,POS_12_16,71.99,273.51
aFRR,45923.0,POS_16_20,57.93,84.61
aFRR,45923.0,POS_20_24,21.62,25.65
aFRR,45923.0,NEG_00_04,11.71,14.63
aFRR,45923.0,NEG_04_08,8.45,9.47
aFRR,45923.0,NEG_08_12,31.61,92.2
aFRR,45923.0,NEG_12_16,63.15,167.35
aFRR,45923.0,NEG_16_20,29.99,38.0
aFRR,45923.0,NEG_20_24,3.79,4.4
aFRR,45924.0,POS_00_04,4.7,5.4
aFRR,45924.0,POS_04_08,17.8,24.61
aFRR,45924.0,POS_08_12,167.97,322.24
aFRR,45924.0,POS_12_16,85.95,169.98
aFRR,45924.0,POS_16_20,96.19,234.79
aFRR,45924.0,POS_20_24,19.23,20.63
aFRR,45924.0,NEG_00_04,10.09,11.49
aFRR,45924.0,NEG_04_08,7.16,9.68
aFRR,45924.0,NEG_08_12,105.02,354.0
aFRR,45924.0,NEG_12_16,103.08,379.0
aFRR,45924.0,NEG_16_20,74.52,246.63
aFRR,45924.0,NEG_20_24,4.1,7.17
aFRR,45925.0,POS_00_04,4.47,5.54
aFRR,45925.0,POS_04_08,14.81,16.99
aFRR,45925.0,POS_08_12,105.88,123.72
aFRR,45925.0,POS_12_16,61.89,78.0
aFRR,45925.0,POS_16_20,67.95,80.01
aFRR,45925.0,POS_20_24,17.3,19.34
aFRR,45925.0,NEG_00_04,11.95,16.51
aFRR,45925.0,NEG_04_08,8.56,13.5
aFRR,45925.0,NEG_08_12,76.01,93.69
aFRR,45925.0,NEG_12_16,96.19,118.23
aFRR,45925.0,NEG_16_20,56.47,74.72
aFRR,45925.0,NEG_20_24,4.26,5.0
aFRR,45926.0,POS_00_04,4.51,5.08
aFRR,45926.0,POS_04_08,13.0,14.49
aFRR,45926.0,POS_08_12,69.84,77.47
aFRR,45926.0,POS_12_16,42.17,46.25
aFRR,45926.0,POS_16_20,52.56,59.3
aFRR,45926.0,POS_20_24,15.92,16.88
aFRR,45926.0,NEG_00_04,10.65,12.8
aFRR,45926.0,NEG_04_08,8.18,9.18
aFRR,45926.0,NEG_08_12,55.17,62.3
aFRR,45926.0,NEG_12_16,65.67,73.26
aFRR,45926.0,NEG_16_20,37.16,44.17
aFRR,45926.0,NEG_20_24,3.54,3.89
aFRR,45927.0,POS_00_04,4.39,5.03
aFRR,45927.0,POS_04_08,10.7,11.76
aFRR,45927.0,POS_08_12,42.46,52.16
aFRR,45927.0,POS_12_16,26.82,31.32
aFRR,45927.0,POS_16_20,39.69,44.03
aFRR,45927.0,POS_20_24,15.03,19.07
aFRR,45927.0,NEG_00_04,8.65,9.69
aFRR,45927.0,NEG_04_08,7.1,7.79
aFRR,45927.0,NEG_08_12,40.5,45.02
aFRR,45927.0,NEG_12_16,56.7,62.49
aFRR,45927.0,NEG_16_20,28.62,31.01
aFRR,45927.0,NEG_20_24,2.97,3.25
aFRR,45928.0,POS_00_04,4.31,4.72
aFRR,45928.0,POS_04_08,8.62,9.51
aFRR,45928.0,POS_08_12,28.09,33.85
aFRR,45928.0,POS_12_16,19.72,21.27
aFRR,45928.0,POS_16_20,28.85,32.52
aFRR,45928.0,POS_20_24,13.94,14.99
aFRR,45928.0,NEG_00_04,6.87,7.59
aFRR,45928.0,NEG_04_08,5.77,6.43
aFRR,45928.0,NEG_08_12,37.08,43.06
aFRR,45928.0,NEG_12_16,65.73,89.43
aFRR,45928.0,NEG_16_20,23.64,28.42
aFRR,45928.0,NEG_20_24,2.47,3.0
aFRR,45929.0,POS_00_04,4.62,6.22
aFRR,45929.0,POS_04_08,21.07,49.0
aFRR,45929.0,POS_08_12,49.83,70.27
aFRR,45929.0,POS_12_16,29.38,45.15
aFRR,45929.0,POS_16_20,101.49,182.05
aFRR,45929.0,POS_20_24,29.85,42.1
aFRR,45929.0,NEG_00_04,6.78,8.0
aFRR,45929.0,NEG_04_08,5.23,6.02
aFRR,45929.0,NEG_08_12,30.1,33.12
aFRR,45929.0,NEG_12_16,52.66,58.35
aFRR,45929.0,NEG_16_20,19.22,21.26
aFRR,45929.0,NEG_20_24,2.26,2.53
aFRR,45930.0,POS_00_04,4.89,5.61
aFRR,45930.0,POS_04_08,26.42,38.82
aFRR,45930.0,POS_08_12,117.3,245.65
aFRR,45930.0,POS_12_16,28.7,34.0
aFRR,45930.0,POS_16_20,104.32,140.88
aFRR,45930.0,POS_20_24,27.45,32.77
aFRR,45930.0,NEG_00_04,6.12,7.25
aFRR,45930.0,NEG_04_08,4.61,5.24
aFRR,45930.0,NEG_08_12,23.68,32.7
aFRR,45930.0,NEG_12_16,41.59,47.51
aFRR,45930.0,NEG_16_20,14.72,16.71
aFRR,45930.0,NEG_20_24,2.04,2.5
aFRR,45931.0,POS_00_04,5.4,10.67
aFRR,45931.0,POS_04_08,32.94,54.45
aFRR,45931.0,POS_08_12,90.93,108.87
aFRR,45931.0,POS_12_16,27.0,32.77
aFRR,45931.0,POS_16_20,126.03,197.47
aFRR,45931.0,POS_20_24,30.33,39.68
aFRR,45931.0,NEG_00_04,5.65,6.2
aFRR,45931.0,NEG_04_08,4.13,4.48
aFRR,45931.0,NEG_08_12,22.71,26.78
aFRR,45931.0,NEG_12_16,36.03,41.37
aFRR,45931.0,NEG_16_20,12.82,14.96
aFRR,45931.0,NEG_20_24,1.87,2.21
aFRR,45932.0,POS_00_04,5.91,7.4
aFRR,45932.0,POS_04_08,32.2,38.55
aFRR,45932.0,POS_08_12,65.94,75.28
aFRR,45932.0,POS_12_16,23.81,26.57
aFRR,45932.0,POS_16_20,88.55,102.36
aFRR,45932.0,POS_20_24,24.43,27.97
aFRR,45932.0,NEG_00_04,4.97,5.63
aFRR,45932.0,NEG_04_08,3.51,4.05
aFRR,45932.0,NEG_08_12,20.56,25.0
aFRR,45932.0,NEG_12_16,32.77,43.01
aFRR,45932.0,NEG_16_20,11.24,15.2
aFRR,45932.0,NEG_20_24,1.89,3.94
aFRR,45933.0,POS_00_04,5.33,6.56
aFRR,45933.0,POS_04_08,23.15,25.28
aFRR,45933.0,POS_08_12,42.82,50.5
aFRR,45933.0,POS_12_16,18.53,20.58
aFRR,45933.0,POS_16_20,54.57,60.5
aFRR,45933.0,POS_20_24,19.5,22.0
aFRR,45933.0,NEG_00_04,5.02,6.1
aFRR,45933.0,NEG_04_08,4.54,6.04
aFRR,45933.0,NEG_08_12,28.51,49.15
aFRR,45933.0,NEG_12_16,50.71,71.24
aFRR,45933.0,NEG_16_20,14.24,20.1
aFRR,45933.0,NEG_20_24,3.76,9.0
aFRR,45934.0,POS_00_04,5.37,8.08
aFRR,45934.0,POS_04_08,15.3,17.6
aFRR,45934.0,POS_08_12,27.26,31.87
aFRR,45934.0,POS_12_16,14.12,15.25
aFRR,45934.0,POS_16_20,32.42,40.57
aFRR,45934.0,POS_20_24,15.43,17.22
aFRR,45934.0,NEG_00_04,11.49,16.37
aFRR,45934.0,NEG_04_08,11.39,16.34
aFRR,45934.0,NEG_08_12,32.85,40.81
aFRR,45934.0,NEG_12_16,56.37,64.8
aFRR,45934.0,NEG_16_20,18.46,29.94
aFRR,45934.0,NEG_20_24,6.79,11.29
aFRR,45935.0,POS_00_04,5.28,6.71
aFRR,45935.0,POS_04_08,10.01,12.23
aFRR,45935.0,POS_08_12,18.82,24.5
aFRR,45935.0,POS_12_16,10.28,12.41
aFRR,45935.0,POS_16_20,22.32,30.62
aFRR,45935.0,POS_20_24,12.75,17.23
aFRR,45935.0,NEG_00_04,12.64,16.47
aFRR,45935.0,NEG_04_08,12.61,16.01
aFRR,45935.0,NEG_08_12,30.26,34.99
aFRR,45935.0,NEG_12_16,53.43,60.72
aFRR,45935.0,NEG_16_20,19.12,24.95
aFRR,45935.0,NEG_20_24,6.11,8.0
aFRR,45936.0,POS_00_04,5.14,5.99
aFRR,45936.0,POS_04_08,12.86,17.12
aFRR,45936.0,POS_08_12,62.79,222.2
aFRR,45936.0,POS_12_16,46.64,181.95
aFRR,45936.0,POS_16_20,51.13,68.94
aFRR,45936.0,POS_20_24,19.6,26.21
aFRR,45936.0,NEG_00_04,11.71,14.82
aFRR,45936.0,NEG_04_08,9.97,18.1
aFRR,45936.0,NEG_08_12,25.97,28.38
aFRR,45936.0,NEG_12_16,45.9,54.55
aFRR,45936.0,NEG_16_20,16.02,19.0
aFRR,45936.0,NEG_20_24,4.22,5.9
aFRR,45937.0,POS_00_04,5.64,12.0
aFRR,45937.0,POS_04_08,24.84,43.48
aFRR,45937.0,POS_08_12,77.34,121.48
aFRR,45937.0,POS_12_16,49.65,70.65
aFRR,45937.0,POS_16_20,92.08,125.0
aFRR,45937.0,POS_20_24,21.36,27.75
aFRR,45937.0,NEG_00_04,9.3,10.81
aFRR,45937.0,NEG_04_08,7.89,9.96
aFRR,45937.0,NEG_08_12,19.35,21.0
aFRR,45937.0,NEG_12_16,38.73,45.0
aFRR,45937.0,NEG_16_20,11.85,13.64
aFRR,45937.0,NEG_20_24,3.35,4.4
aFRR,45938.0,POS_00_04,7.01,10.0
aFRR,45938.0,POS_04_08,30.22,41.3
aFRR,45938.0,POS_08_12,192.61,567.37
aFRR,45938.0,POS_12_16,39.18,59.95
aFRR,45938.0,POS_16_20,114.17,155.11
aFRR,45938.0,POS_20_24,25.78,36.21
aFRR,45938.0,NEG_00_04,7.24,8.27
aFRR,45938.0,NEG_04_08,6.25,7.25
aFRR,45938.0,NEG_08_12,22.21,86.24
aFRR,45938.0,NEG_12_16,33.68,38.0
aFRR,45938.0,NEG_16_20,8.87,10.54
aFRR,45938.0,NEG_20_24,2.76,3.15
aFRR,45939.0,POS_00_04,6.5,7.72
aFRR,45939.0,POS_04_08,27.36,31.15
aFRR,45939.0,POS_08_12,114.33,126.3
aFRR,45939.0,POS_12_16,33.03,37.22
aFRR,45939.0,POS_16_20,72.83,80.11
aFRR,45939.0,POS_20_24,21.83,24.0
aFRR,45939.0,NEG_00_04,6.06,6.64
aFRR,45939.0,NEG_04_08,5.07,5.62
aFRR,45939.0,NEG_08_12,27.34,38.12
aFRR,45939.0,NEG_12_16,34.65,119.74
aFRR,45939.0,NEG_16_20,8.18,16.0
aFRR,45939.0,NEG_20_24,2.6,3.55
aFRR,45940.0,POS_00_04,5.73,6.25
aFRR,45940.0,POS_04_08,20.57,22.7
aFRR,45940.0,POS_08_12,59.22,69.9
aFRR,45940.0,POS_12_16,26.21,29.0
aFRR,45940.0,POS_16_20,52.7,57.9
aFRR,45940.0,POS_20_24,17.71,19.85
aFRR,45940.0,NEG_00_04,5.99,8.68
aFRR,45940.0,NEG_04_08,4.91,6.13
aFRR,45940.0,NEG_08_12,27.2,34.1
aFRR,45940.0,NEG_12_16,47.41,59.04
aFRR,45940.0,NEG_16_20,9.64,11.6
aFRR,45940.0,NEG_20_24,2.62,2.96
aFRR,45941.0,POS_00_04,5.1,5.67
aFRR,45941.0,POS_04_08,14.44,15.47
aFRR,45941.0,POS_08_12,35.44,37.76
aFRR,45941.0,POS_12_16,19.08,19.92
aFRR,45941.0,POS_16_20,37.91,39.92
aFRR,45941.0,POS_20_24,14.52,15.6
aFRR,45941.0,NEG_00_04,5.97,6.67
aFRR,45941.0,NEG_04_08,4.55,5.84
aFRR,45941.0,NEG_08_12,26.94,29.84
aFRR,45941.0,NEG_12_16,48.61,67.15
aFRR,45941.0,NEG_16_20,9.29,10.12
aFRR,45941.0,NEG_20_24,2.25,3.11
aFRR,45942.0,POS_00_04,4.43,5.04
aFRR,45942.0,POS_04_08,10.3,12.63
aFRR,45942.0,POS_08_12,20.24,24.46
aFRR,45942.0,POS_12_16,13.32,16.02
aFRR,45942.0,POS_16_20,25.63,28.19
aFRR,45942.0,POS_20_24,11.81,13.0
aFRR,45942.0,NEG_00_04,5.28,5.88
aFRR,45942.0,NEG_04_08,4.94,5.85
aFRR,45942.0,NEG_08_12,23.9,26.29
aFRR,45942.0,NEG_12_16,47.06,53.7
aFRR,45942.0,NEG_16_20,8.69,10.11
aFRR,45942.0,NEG_20_24,2.3,2.74
aFRR,45943.0,POS_00_04,5.05,6.0
aFRR,45943.0,POS_04_08,31.56,50.01
aFRR,45943.0,POS_08_12,99.64,287.06
aFRR,45943.0,POS_12_16,54.61,121.41
aFRR,45943.0,POS_16_20,108.14,157.29
aFRR,45943.0,POS_20_24,22.43,28.85
aFRR,45943.0,NEG_00_04,4.47,5.0
aFRR,45943.0,NEG_04_08,5.09,19.68
aFRR,45943.0,NEG_08_12,17.5,19.12
aFRR,45943.0,NEG_12_16,35.41,42.75
aFRR,45943.0,NEG_16_20,6.99,7.83
aFRR,45943.0,NEG_20_24,1.74,2.11
aFRR,45944.0,POS_00_04,5.48,7.81
aFRR,45944.0,POS_04_08,27.42,32.0
aFRR,45944.0,POS_08_12,97.28,134.97
aFRR,45944.0,POS_12_16,48.05,59.36
aFRR,45944.0,POS_16_20,106.55,127.47
aFRR,45944.0,POS_20_24,23.55,25.31
aFRR,45944.0,NEG_00_04,3.85,4.3
aFRR,45944.0,NEG_04_08,6.69,8.72
aFRR,45944.0,NEG_08_12,19.77,66.89
aFRR,45944.0,NEG_12_16,33.38,81.72
aFRR,45944.0,NEG_16_20,5.8,6.86
aFRR,45944.0,NEG_20_24,1.45,1.78
aFRR,45945.0,POS_00_04,5.94,6.54
aFRR,45945.0,POS_04_08,27.44,37.75
aFRR,45945.0,POS_08_12,80.97,96.53
aFRR,45945.0,POS_12_16,36.33,41.0
aFRR,45945.0,POS_16_20,93.22,119.0
aFRR,45945.0,POS_20_24,20.85,23.77
aFRR,45945.0,NEG_00_04,3.21,3.91
aFRR,45945.0,NEG_04_08,4.67,6.15
aFRR,45945.0,NEG_08_12,18.82,27.0
aFRR,45945.0,NEG_12_16,35.85,46.79
aFRR,45945.0,NEG_16_20,4.95,5.52
aFRR,45945.0,NEG_20_24,1.31,1.6
aFRR,45946.0,POS_00_04,5.27,5.7
aFRR,45946.0,POS_04_08,21.5,27.0
aFRR,45946.0,POS_08_12,56.87,69.5
aFRR,45946.0,POS_12_16,26.21,31.02
aFRR,45946.0,POS_16_20,68.3,74.47
aFRR,45946.0,POS_20_24,18.01,19.0
aFRR,45946.0,NEG_00_04,3.43,3.89
aFRR,45946.0,NEG_04_08,4.74,5.84
aFRR,45946.0,NEG_08_12,20.39,41.24
aFRR,45946.0,NEG_12_16,32.93,38.46
aFRR,45946.0,NEG_16_20,4.53,4.96
aFRR,45946.0,NEG_20_24,1.28,1.53
aFRR,45947.0,POS_00_04,4.66,5.01
aFRR,45947.0,POS_04_08,16.84,18.84
aFRR,45947.0,POS_08_12,40.41,44.28
aFRR,45947.0,POS_12_16,19.52,21.35
aFRR,45947.0,POS_16_20,47.89,51.37
aFRR,45947.0,POS_20_24,14.58,15.24
aFRR,45947.0,NEG_00_04,3.18,3.8
aFRR,45947.0,NEG_04_08,4.24,4.91
aFRR,45947.0,NEG_08_12,19.47,22.47
aFRR,45947.0,NEG_12_16,28.37,31.41
aFRR,45947.0,NEG_16_20,3.82,4.35
aFRR,45947.0,NEG_20_24,1.17,1.53
aFRR,45948.0,POS_00_04,4.3,5.26
aFRR,45948.0,POS_04_08,12.1,13.3
aFRR,45948.0,POS_08_12,23.81,28.42
aFRR,45948.0,POS_12_16,13.6,15.06
aFRR,45948.0,POS_16_20,30.9,38.24
aFRR,45948.0,POS_20_24,11.35,12.26
aFRR,45948.0,NEG_00_04,2.76,3.31
aFRR,45948.0,NEG_04_08,3.68,4.18
aFRR,45948.0,NEG_08_12,16.34,18.0
aFRR,45948.0,NEG_12_16,27.89,30.97
aFRR,45948.0,NEG_16_20,3.38,3.89
aFRR,45948.0,NEG_20_24,1.14,1.43
aFRR,45949.0,POS_00_04,4.24,4.82
aFRR,45949.0,POS_04_08,9.69,10.61
aFRR,45949.0,POS_08_12,16.23,18.1
aFRR,45949.0,POS_12_16,10.3,11.93
aFRR,45949.0,POS_16_20,22.93,25.62
aFRR,45949.0,POS_20_24,8.98,9.73
aFRR,45949.0,NEG_00_04,2.94,4.2
aFRR,45949.0,NEG_04_08,3.91,5.39
aFRR,45949.0,NEG_08_12,15.6,21.25
aFRR,45949.0,NEG_12_16,34.4,46.23
aFRR,45949.0,NEG_16_20,4.74,6.41
aFRR,45949.0,NEG_20_24,2.66,7.61
aFRR,45950.0,POS_00_04,4.46,5.4
aFRR,45950.0,POS_04_08,13.39,22.55
aFRR,45950.0,POS_08_12,98.07,218.73
aFRR,45950.0,POS_12_16,61.98,136.33
aFRR,45950.0,POS_16_20,56.92,94.0
aFRR,45950.0,POS_20_24,13.3,16.96
aFRR,45950.0,NEG_00_04,13.37,36.54
aFRR,45950.0,NEG_04_08,9.73,23.15
aFRR,45950.0,NEG_08_12,43.43,173.85
aFRR,45950.0,NEG_12_16,40.24,181.0
aFRR,45950.0,NEG_16_20,5.53,23.38
aFRR,45950.0,NEG_20_24,3.66,8.72
aFRR,45951.0,POS_00_04,4.38,4.85
aFRR,45951.0,POS_04_08,13.44,15.57
aFRR,45951.0,POS_08_12,88.78,130.22
aFRR,45951.0,POS_12_16,47.78,57.64
aFRR,45951.0,POS_16_20,51.68,58.72
aFRR,45951.0,POS_20_24,12.59,14.18
aFRR,45951.0,NEG_00_04,19.65,33.81
aFRR,45951.0,NEG_04_08,15.99,40.0
aFRR,45951.0,NEG_08_12,55.24,102.5
aFRR,45951.0,NEG_12_16,64.35,123.22
aFRR,45951.0,NEG_16_20,8.73,13.66
aFRR,45951.0,NEG_20_24,4.3,5.91
aFRR,45952.0,POS_00_04,4.3,4.9
aFRR,45952.0,POS_04_08,14.51,18.17
aFRR,45952.0,POS_08_12,73.41,88.0
aFRR,45952.0,POS_12_16,39.48,56.97
aFRR,45952.0,POS_16_20,95.82,181.81
aFRR,45952.0,POS_20_24,23.03,33.43
aFRR,45952.0,NEG_00_04,16.72,23.77
aFRR,45952.0,NEG_04_08,14.29,20.42
aFRR,45952.0,NEG_08_12,34.68,44.51
aFRR,45952.0,NEG_12_16,42.93,53.06
aFRR,45952.0,NEG_16_20,5.66,6.54
aFRR,45952.0,NEG_20_24,3.38,4.03
aFRR,45953.0,POS_00_04,6.42,12.57
aFRR,45953.0,POS_04_08,13.28,16.73
aFRR,45953.0,POS_08_12,54.19,65.63
aFRR,45953.0,POS_12_16,45.81,150.04
aFRR,45953.0,POS_16_20,57.71,68.01
aFRR,45953.0,POS_20_24,18.11,23.32
aFRR,45953.0,NEG_00_04,11.24,14.2
aFRR,45953.0,NEG_04_08,12.54,18.2
aFRR,45953.0,NEG_08_12,36.41,78.58
aFRR,45953.0,NEG_12_16,45.64,84.0
aFRR,45953.0,NEG_16_20,11.25,27.73
aFRR,45953.0,NEG_20_24,9.12,24.1
aFRR,45954.0,POS_00_04,6.16,7.85
aFRR,45954.0,POS_04_08,12.21,14.44
aFRR,45954.0,POS_08_12,39.32,47.1
aFRR,45954.0,POS_12_16,42.65,51.0
aFRR,45954.0,POS_16_20,39.67,48.09
aFRR,45954.0,POS_20_24,14.65,17.12
aFRR,45954.0,NEG_00_04,14.97,20.81
aFRR,45954.0,NEG_04_08,14.6,18.0
aFRR,45954.0,NEG_08_12,39.26,43.45
aFRR,45954.0,NEG_12_16,57.7,70.82
aFRR,45954.0,NEG_16_20,14.0,21.55
aFRR,45954.0,NEG_20_24,12.17,17.18
aFRR,45955.0,POS_00_04,5.28,6.0
aFRR,45955.0,POS_04_08,9.89,11.14
aFRR,45955.0,POS_08_12,26.91,29.3
aFRR,45955.0,POS_12_16,24.47,30.86
aFRR,45955.0,POS_16_20,30.59,36.08
aFRR,45955.0,POS_20_24,14.14,21.93
aFRR,45955.0,NEG_00_04,14.99,16.3
aFRR,45955.0,NEG_04_08,14.56,17.05
aFRR,45955.0,NEG_08_12,32.2,37.28
aFRR,45955.0,NEG_12_16,51.22,57.4
aFRR,45955.0,NEG_16_20,14.44,17.19
aFRR,45955.0,NEG_20_24,10.12,12.66
aFRR,45956.0,POS_00_04,4.79,5.46
aFRR,45956.0,POS_04_08,8.26,9.0
aFRR,45956.0,POS_08_12,18.6,21.46
aFRR,45956.0,POS_12_16,17.01,22.0
aFRR,45956.0,POS_16_20,23.5,28.88
aFRR,45956.0,POS_20_24,14.0,17.45
aFRR,45956.0,NEG_00_04,13.84,15.82
aFRR,45956.0,NEG_04_08,14.39,16.24
aFRR,45956.0,NEG_08_12,28.34,34.44
aFRR,45956.0,NEG_12_16,44.77,53.79
aFRR,45956.0,NEG_16_20,14.2,17.37
aFRR,45956.0,NEG_20_24,10.0,13.39
aFRR,45957.0,POS_00_04,4.97,5.55
aFRR,45957.0,POS_04_08,12.8,15.24
aFRR,45957.0,POS_08_12,59.47,95.9
aFRR,45957.0,POS_12_16,46.25,60.3
aFRR,45957.0,POS_16_20,47.03,58.0
aFRR,45957.0,POS_20_24,17.44,21.99
aFRR,45957.0,NEG_00_04,15.95,28.0
aFRR,45957.0,NEG_04_08,15.75,28.31
aFRR,45957.0,NEG_08_12,22.52,28.02
aFRR,45957.0,NEG_12_16,35.11,44.02
aFRR,45957.0,NEG_16_20,9.79,12.11
aFRR,45957.0,NEG_20_24,8.07,10.01
aFRR,45958.0,POS_00_04,4.86,5.38
aFRR,45958.0,POS_04_08,12.09,13.95
aFRR,45958.0,POS_08_12,49.35,58.25
aFRR,45958.0,POS_12_16,34.44,40.6
aFRR,45958.0,POS_16_20,42.64,47.63
aFRR,45958.0,POS_20_24,16.09,17.39
aFRR,45958.0,NEG_00_04,18.17,48.3
aFRR,45958.0,NEG_04_08,18.09,47.15
aFRR,45958.0,NEG_08_12,21.44,25.0
aFRR,45958.0,NEG_12_16,34.05,42.98
aFRR,45958.0,NEG_16_20,8.94,10.82
aFRR,45958.0,NEG_20_24,6.56,9.22
aFRR,45959.0,POS_00_04,4.68,5.11
aFRR,45959.0,POS_04_08,11.31,12.67
aFRR,45959.0,POS_08_12,37.64,41.82
aFRR,45959.0,POS_12_16,25.79,28.58
aFRR,45959.0,POS_16_20,37.96,43.68
aFRR,45959.0,POS_20_24,13.83,15.02
aFRR,45959.0,NEG_00_04,18.31,21.61
aFRR,45959.0,NEG_04_08,16.67,19.56
aFRR,45959.0,NEG_08_12,17.84,20.52
aFRR,45959.0,NEG_12_16,29.93,33.93
aFRR,45959.0,NEG_16_20,7.09,8.28
aFRR,45959.0,NEG_20_24,5.83,6.88
aFRR,45960.0,POS_00_04,4.94,8.52
aFRR,45960.0,POS_04_08,10.45,12.17
aFRR,45960.0,POS_08_12,27.09,31.0
aFRR,45960.0,POS_12_16,19.25,21.98
aFRR,45960.0,POS_16_20,34.1,37.79
aFRR,45960.0,POS_20_24,12.11,13.58
aFRR,45960.0,NEG_00_04,13.29,16.0
aFRR,45960.0,NEG_04_08,12.96,16.86
aFRR,45960.0,NEG_08_12,20.9,61.0
aFRR,45960.0,NEG_12_16,29.72,54.55
aFRR,45960.0,NEG_16_20,5.77,6.37
aFRR,45960.0,NEG_20_24,4.42,5.3
aFRR,45961.0,POS_00_04,5.2,6.62
aFRR,45961.0,POS_04_08,9.76,10.97
aFRR,45961.0,POS_08_12,21.21,24.59
aFRR,45961.0,POS_12_16,16.25,20.0
aFRR,45961.0,POS_16_20,29.36,31.91
aFRR,45961.0,POS_20_24,9.99,11.26
aFRR,45961.0,NEG_00_04,9.68,11.11
aFRR,45961.0,NEG_04_08,9.18,10.95
aFRR,45961.0,NEG_08_12,19.53,24.84
aFRR,45961.0,NEG_12_16,27.32,31.58
aFRR,45961.0,NEG_16_20,5.05,5.76
aFRR,45961.0,NEG_20_24,4.09,4.65
aFRR,45962.0,POS_00_04,5.08,7.48
aFRR,45962.0,POS_04_08,8.24,9.36
aFRR,45962.0,POS_08_12,15.53,17.87
aFRR,45962.0,POS_12_16,12.54,15.83
aFRR,45962.0,POS_16_20,21.05,23.75
aFRR,45962.0,POS_20_24,8.11,8.83
aFRR,45962.0,NEG_00_04,9.9,12.58
aFRR,45962.0,NEG_04_08,9.85,14.13
aFRR,45962.0,NEG_08_12,22.51,27.58
aFRR,45962.0,NEG_12_16,33.86,41.47
aFRR,45962.0,NEG_16_20,7.04,9.94
aFRR,45962.0,NEG_20_24,4.81,6.49
aFRR,45963.0,POS_00_04,4.95,5.8
aFRR,45963.0,POS_04_08,7.0,7.6
aFRR,45963.0,POS_08_12,11.66,12.82
aFRR,45963.0,POS_12_16,10.39,11.92
aFRR,45963.0,POS_16_20,18.58,23.85
aFRR,45963.0,POS_20_24,7.01,8.11
aFRR,45963.0,NEG_00_04,9.59,11.58
aFRR,45963.0,NEG_04_08,9.36,13.3
aFRR,45963.0,NEG_08_12,17.83,20.32
aFRR,45963.0,NEG_12_16,26.12,29.44
aFRR,45963.0,NEG_16_20,5.34,6.04
aFRR,45963.0,NEG_20_24,3.83,4.55
aFRR,45964.0,POS_00_04,4.79,5.31
aFRR,45964.0,POS_04_08,9.76,13.0
aFRR,45964.0,POS_08_12,35.09,73.33
aFRR,45964.0,POS_12_16,26.75,57.71
aFRR,45964.0,POS_16_20,34.23,52.86
aFRR,45964.0,POS_20_24,10.5,15.0
aFRR,45964.0,NEG_00_04,8.98,13.14
aFRR,45964.0,NEG_04_08,8.42,10.82
aFRR,45964.0,NEG_08_12,13.99,17.07
aFRR,45964.0,NEG_12_16,20.76,25.93
aFRR,45964.0,NEG_16_20,4.43,6.46
aFRR,45964.0,NEG_20_24,4.24,7.5
aFRR,45965.0,POS_00_04,4.59,5.62
aFRR,45965.0,POS_04_08,9.9,11.53
aFRR,45965.0,POS_08_12,33.19,40.54
aFRR,45965.0,POS_12_16,24.69,30.66
aFRR,45965.0,POS_16_20,33.7,38.82
aFRR,45965.0,POS_20_24,10.17,11.91
aFRR,45965.0,NEG_00_04,16.07,37.83
aFRR,45965.0,NEG_04_08,10.48,21.83
aFRR,45965.0,NEG_08_12,12.96,21.5
aFRR,45965.0,NEG_12_16,18.96,22.3
aFRR,45965.0,NEG_16_20,4.15,4.77
aFRR,45965.0,NEG_20_24,4.15,4.97
aFRR,45966.0,POS_00_04,4.35,4.9
aFRR,45966.0,POS_04_08,9.25,10.17
aFRR,45966.0,POS_08_12,27.37,33.2
aFRR,45966.0,POS_12_16,19.72,24.55
aFRR,45966.0,POS_16_20,30.9,38.8
aFRR,45966.0,POS_20_24,9.31,10.07
aFRR,45966.0,NEG_00_04,14.62,19.89
aFRR,45966.0,NEG_04_08,10.24,12.85
aFRR,45966.0,NEG_08_12,22.91,88.45
aFRR,45966.0,NEG_12_16,16.83,18.9
aFRR,45966.0,NEG_16_20,3.19,3.8
aFRR,45966.0,NEG_20_24,3.25,4.09
aFRR,45967.0,POS_00_04,4.25,6.0
aFRR,45967.0,POS_04_08,11.36,19.2
aFRR,45967.0,POS_08_12,58.89,187.21
aFRR,45967.0,POS_12_16,37.3,94.92
aFRR,45967.0,POS_16_20,39.76,66.14
aFRR,45967.0,POS_20_24,9.6,14.76
aFRR,45967.0,NEG_00_04,9.99,11.79
aFRR,45967.0,NEG_04_08,7.44,9.16
aFRR,45967.0,NEG_08_12,22.88,47.84
aFRR,45967.0,NEG_12_16,25.41,116.25
aFRR,45967.0,NEG_16_20,2.68,3.22
aFRR,45967.0,NEG_20_24,2.65,2.91
aFRR,45968.0,POS_00_04,4.56,5.25
aFRR,45968.0,POS_04_08,13.17,20.37
aFRR,45968.0,POS_08_12,46.68,65.0
aFRR,45968.0,POS_12_16,33.28,40.25
aFRR,45968.0,POS_16_20,54.37,74.19
aFRR,45968.0,POS_20_24,10.08,12.09
aFRR,45968.0,NEG_00_04,6.76,7.77
aFRR,45968.0,NEG_04_08,5.72,6.63
aFRR,45968.0,NEG_08_12,19.26,24.7
aFRR,45968.0,NEG_12_16,26.33,34.65
aFRR,45968.0,NEG_16_20,2.32,2.6
aFRR,45968.0,NEG_20_24,2.06,2.41
aFRR,45969.0,POS_00_04,4.29,4.66
aFRR,45969.0,POS_04_08,10.32,11.2
aFRR,45969.0,POS_08_12,26.83,31.34
aFRR,45969.0,POS_12_16,19.6,22.21
aFRR,45969.0,POS_16_20,36.98,43.83
aFRR,45969.0,POS_20_24,8.49,9.22
aFRR,45969.0,NEG_00_04,5.73,6.9
aFRR,45969.0,NEG_04_08,5.03,5.56
aFRR,45969.0,NEG_08_12,15.15,18.03
aFRR,45969.0,NEG_12_16,18.88,23.82
aFRR,45969.0,NEG_16_20,2.03,2.17
aFRR,45969.0,NEG_20_24,1.82,2.04
aFRR,45970.0,POS_00_04,3.83,4.05
aFRR,45970.0,POS_04_08,7.41,8.49
aFRR,45970.0,POS_08_12,17.85,19.81
aFRR,45970.0,POS_12_16,13.4,14.99
aFRR,45970.0,POS_16_20,24.76,27.5
aFRR,45970.0,POS_20_24,6.98,7.76
aFRR,45970.0,NEG_00_04,5.11,5.52
aFRR,45970.0,NEG_04_08,4.63,5.13
aFRR,45970.0,NEG_08_12,12.9,14.2
aFRR,45970.0,NEG_12_16,15.99,17.83
aFRR,45970.0,NEG_16_20,1.81,1.96
aFRR,45970.0,NEG_20_24,1.63,1.86
aFRR,45971.0,POS_00_04,4.28,5.09
aFRR,45971.0,POS_04_08,16.12,26.75
aFRR,45971.0,POS_08_12,40.63,61.0
aFRR,45971.0,POS_12_16,31.38,44.4
aFRR,45971.0,POS_16_20,55.97,80.75
aFRR,45971.0,POS_20_24,12.94,17.46
aFRR,45971.0,NEG_00_04,4.09,4.88
aFRR,45971.0,NEG_04_08,3.85,4.36
aFRR,45971.0,NEG_08_12,9.75,10.85
aFRR,45971.0,NEG_12_16,11.81,13.45
aFRR,45971.0,NEG_16_20,1.41,1.62
aFRR,45971.0,NEG_20_24,1.46,1.68
aFRR,45972.0,POS_00_04,4.15,4.51
aFRR,45972.0,POS_04_08,13.5,16.74
aFRR,45972.0,POS_08_12,33.39,38.31
aFRR,45972.0,POS_12_16,26.61,30.14
aFRR,45972.0,POS_16_20,43.62,54.09
aFRR,45972.0,POS_20_24,10.68,12.54
aFRR,45972.0,NEG_00_04,5.73,14.2
aFRR,45972.0,NEG_04_08,4.15,8.76
aFRR,45972.0,NEG_08_12,9.26,13.4
aFRR,45972.0,NEG_12_16,11.12,13.21
aFRR,45972.0,NEG_16_20,1.22,1.32
aFRR,45972.0,NEG_20_24,1.32,1.9
aFRR,45973.0,POS_00_04,3.69,3.9
aFRR,45973.0,POS_04_08,10.83,11.65
aFRR,45973.0,POS_08_12,26.05,28.39
aFRR,45973.0,POS_12_16,19.93,22.01
aFRR,45973.0,POS_16_20,33.74,35.93
aFRR,45973.0,POS_20_24,8.42,9.12
aFRR,45973.0,NEG_00_04,7.55,12.0
aFRR,45973.0,NEG_04_08,5.54,7.66
aFRR,45973.0,NEG_08_12,31.65,149.0
aFRR,45973.0,NEG_12_16,16.13,37.07
aFRR,45973.0,NEG_16_20,1.5,3.0
aFRR,45973.0,NEG_20_24,2.91,8.42
aFRR,45974.0,POS_00_04,3.17,3.48
aFRR,45974.0,POS_04_08,8.86,9.5
aFRR,45974.0,POS_08_12,19.94,22.28
aFRR,45974.0,POS_12_16,15.74,17.23
aFRR,45974.0,POS_16_20,27.82,29.6
aFRR,45974.0,POS_20_24,7.22,8.15
aFRR,45974.0,NEG_00_04,16.55,40.82
aFRR,45974.0,NEG_04_08,10.26,22.6
aFRR,45974.0,NEG_08_12,30.67,49.83
aFRR,45974.0,NEG_12_16,19.73,29.13
aFRR,45974.0,NEG_16_20,1.77,2.7
aFRR,45974.0,NEG_20_24,2.58,3.81
aFRR,45975.0,POS_00_04,3.02,3.22
aFRR,45975.0,POS_04_08,8.03,9.76
aFRR,45975.0,POS_08_12,17.86,22.0
aFRR,45975.0,POS_12_16,14.01,16.24
aFRR,45975.0,POS_16_20,23.78,25.75
aFRR,45975.0,POS_20_24,6.24,6.81
aFRR,45975.0,NEG_00_04,10.2,13.16
aFRR,45975.0,NEG_04_08,6.94,8.6
aFRR,45975.0,NEG_08_12,17.63,20.8
aFRR,45975.0,NEG_12_16,13.8,15.76
aFRR,45975.0,NEG_16_20,1.34,1.61
aFRR,45975.0,NEG_20_24,2.34,3.09
aFRR,45976.0,POS_00_04,2.64,2.82
aFRR,45976.0,POS_04_08,6.85,7.11
aFRR,45976.0,POS_08_12,14.87,17.2
aFRR,45976.0,POS_12_16,11.35,13.65
aFRR,45976.0,POS_16_20,18.97,22.13
aFRR,45976.0,POS_20_24,5.19,5.43
aFRR,45976.0,NEG_00_04,10.16,15.43
aFRR,45976.0,NEG_04_08,7.58,13.67
aFRR,45976.0,NEG_08_12,15.59,18.54
aFRR,45976.0,NEG_12_16,12.44,14.78
aFRR,45976.0,NEG_16_20,1.27,1.51
aFRR,45976.0,NEG_20_24,1.93,2.26
aFRR,45977.0,POS_00_04,2.29,2.61
aFRR,45977.0,POS_04_08,5.42,5.76
aFRR,45977.0,POS_08_12,11.55,12.28
aFRR,45977.0,POS_12_16,9.69,10.43
aFRR,45977.0,POS_16_20,16.53,17.91
aFRR,45977.0,POS_20_24,4.29,4.88
aFRR,45977.0,NEG_00_04,8.7,9.93
aFRR,45977.0,NEG_04_08,6.5,7.28
aFRR,45977.0,NEG_08_12,12.19,12.94
aFRR,45977.0,NEG_12_16,9.53,10.52
aFRR,45977.0,NEG_16_20,1.04,1.19
aFRR,45977.0,NEG_20_24,1.69,1.96
aFRR,45978.0,POS_00_04,2.5,3.51
aFRR,45978.0,POS_04_08,8.71,11.24
aFRR,45978.0,POS_08_12,22.9,39.68
aFRR,45978.0,POS_12_16,17.59,27.92
aFRR,45978.0,POS_16_20,28.85,39.88
aFRR,45978.0,POS_20_24,6.86,9.91
aFRR,45978.0,NEG_00_04,7.32,8.66
aFRR,45978.0,NEG_04_08,5.45,7.77
aFRR,45978.0,NEG_08_12,8.83,10.12
aFRR,45978.0,NEG_12_16,7.77,8.89
aFRR,45978.0,NEG_16_20,0.74,1.17
aFRR,45978.0,NEG_20_24,1.54,2.89
aFRR,45979.0,POS_00_04,2.32,2.66
aFRR,45979.0,POS_04_08,8.15,8.94
aFRR,45979.0,POS_08_12,20.88,25.06
aFRR,45979.0,POS_12_16,16.01,18.62
aFRR,45979.0,POS_16_20,26.81,29.7
aFRR,45979.0,POS_20_24,6.29,7.0
aFRR,45979.0,NEG_00_04,6.42,8.5
aFRR,45979.0,NEG_04_08,4.97,8.52
aFRR,45979.0,NEG_08_12,6.98,8.1
aFRR,45979.0,NEG_12_16,6.09,7.08
aFRR,45979.0,NEG_16_20,0.62,0.8
aFRR,45979.0,NEG_20_24,1.48,2.0
aFRR,45980.0,POS_00_04,2.11,2.38
aFRR,45980.0,POS_04_08,7.22,8.59
aFRR,45980.0,POS_08_12,17.69,19.8
aFRR,45980.0,POS_12_16,12.96,15.42
aFRR,45980.0,POS_16_20,22.1,25.0
aFRR,45980.0,POS_20_24,5.48,5.95
aFRR,45980.0,NEG_00_04,5.6,6.3
aFRR,45980.0,NEG_04_08,4.65,5.14
aFRR,45980.0,NEG_08_12,5.67,6.6
aFRR,45980.0,NEG_12_16,4.83,5.84
aFRR,45980.0,NEG_16_20,0.5,0.69
aFRR,45980.0,NEG_20_24,1.36,1.71
aFRR,45981.0,POS_00_04,1.96,2.14
aFRR,45981.0,POS_04_08,7.05,7.9
aFRR,45981.0,POS_08_12,15.86,19.47
aFRR,45981.0,POS_12_16,11.89,13.36
aFRR,45981.0,POS_16_20,23.0,34.41
aFRR,45981.0,POS_20_24,5.52,6.79
aFRR,45981.0,NEG_00_04,4.74,5.97
aFRR,45981.0,NEG_04_08,3.87,6.0
aFRR,45981.0,NEG_08_12,4.65,5.31
aFRR,45981.0,NEG_12_16,3.91,4.44
aFRR,45981.0,NEG_16_20,0.43,0.52
aFRR,45981.0,NEG_20_24,1.22,1.4
aFRR,45982.0,POS_00_04,1.91,2.53
aFRR,45982.0,POS_04_08,7.78,10.3
aFRR,45982.0,POS_08_12,17.89,26.32
aFRR,45982.0,POS_12_16,11.2,14.49
aFRR,45982.0,POS_16_20,29.45,50.0
aFRR,45982.0,POS_20_24,5.82,13.0
aFRR,45982.0,NEG_00_04,4.1,4.73
aFRR,45982.0,NEG_04_08,3.47,4.16
aFRR,45982.0,NEG_08_12,3.85,4.18
aFRR,45982.0,NEG_12_16,3.37,3.74
aFRR,45982.0,NEG_16_20,0.36,0.48
aFRR,45982.0,NEG_20_24,1.03,1.17
aFRR,45983.0,POS_00_04,3.08,9.34
aFRR,45983.0,POS_04_08,6.4,6.86
aFRR,45983.0,POS_08_12,14.24,15.24
aFRR,45983.0,POS_12_16,9.41,9.85
aFRR,45983.0,POS_16_20,21.14,22.85
aFRR,45983.0,POS_20_24,5.31,6.4
aFRR,45983.0,NEG_00_04,3.75,3.98
aFRR,45983.0,NEG_04_08,3.42,3.99
aFRR,45983.0,NEG_08_12,5.3,8.7
aFRR,45983.0,NEG_12_16,4.89,7.16
aFRR,45983.0,NEG_16_20,0.5,1.01
aFRR,45983.0,NEG_20_24,1.47,1.9
aFRR,45984.0,POS_00_04,3.0,4.22
aFRR,45984.0,POS_04_08,5.05,5.64
aFRR,45984.0,POS_08_12,10.86,11.67
aFRR,45984.0,POS_12_16,7.6,8.63
aFRR,45984.0,POS_16_20,15.81,16.71
aFRR,45984.0,POS_20_24,4.4,4.8
aFRR,45984.0,NEG_00_04,3.77,5.15
aFRR,45984.0,NEG_04_08,4.43,7.74
aFRR,45984.0,NEG_08_12,7.12,9.9
aFRR,45984.0,NEG_12_16,5.93,9.14
aFRR,45984.0,NEG_16_20,0.94,2.02
aFRR,45984.0,NEG_20_24,2.32,4.18
aFRR,45985.0,POS_00_04,2.94,3.66
aFRR,45985.0,POS_04_08,8.59,9.84
aFRR,45985.0,POS_08_12,25.28,32.21
aFRR,45985.0,POS_12_16,20.67,28.0
aFRR,45985.0,POS_16_20,51.8,88.55
aFRR,45985.0,POS_20_24,9.4,19.28
aFRR,45985.0,NEG_00_04,5.14,9.9
aFRR,45985.0,NEG_04_08,4.91,11.75
aFRR,45985.0,NEG_08_12,5.54,6.55
aFRR,45985.0,NEG_12_16,4.56,5.44
aFRR,45985.0,NEG_16_20,0.77,1.15
aFRR,45985.0,NEG_20_24,1.65,2.5
aFRR,45986.0,POS_00_04,3.67,6.2
aFRR,45986.0,POS_04_08,14.12,23.44
aFRR,45986.0,POS_08_12,52.58,90.14
aFRR,45986.0,POS_12_16,31.77,48.27
aFRR,45986.0,POS_16_20,86.07,158.55
aFRR,45986.0,POS_20_24,11.5,17.8
aFRR,45986.0,NEG_00_04,4.1,5.88
aFRR,45986.0,NEG_04_08,4.2,7.37
aFRR,45986.0,NEG_08_12,4.32,4.91
aFRR,45986.0,NEG_12_16,3.44,3.95
aFRR,45986.0,NEG_16_20,0.61,0.78
aFRR,45986.0,NEG_20_24,1.4,1.9
aFRR,45987.0,POS_00_04,4.33,5.53
aFRR,45987.0,POS_04_08,18.24,25.58
aFRR,45987.0,POS_08_12,68.34,107.12
aFRR,45987.0,POS_12_16,47.38,102.65
aFRR,45987.0,POS_16_20,97.63,132.29
aFRR,45987.0,POS_20_24,12.88,16.45
aFRR,45987.0,NEG_00_04,3.56,4.2
aFRR,45987.0,NEG_04_08,3.96,4.91
aFRR,45987.0,NEG_08_12,3.47,3.8
aFRR,45987.0,NEG_12_16,2.72,2.98
aFRR,45987.0,NEG_16_20,0.54,0.71
aFRR,45987.0,NEG_20_24,1.33,1.48
aFRR,45988.0,POS_00_04,4.03,4.5
aFRR,45988.0,POS_04_08,12.6,13.95
aFRR,45988.0,POS_08_12,37.4,43.91
aFRR,45988.0,POS_12_16,28.97,33.84
aFRR,45988.0,POS_16_20,46.25,54.67
aFRR,45988.0,POS_20_24,9.73,10.94
aFRR,45988.0,NEG_00_04,3.38,4.0
aFRR,45988.0,NEG_04_08,3.64,4.19
aFRR,45988.0,NEG_08_12,4.07,6.16
aFRR,45988.0,NEG_12_16,2.57,3.0
aFRR,45988.0,NEG_16_20,0.72,0.99
aFRR,45988.0,NEG_20_24,2.43,5.94
aFRR,45989.0,POS_00_04,3.61,3.83
aFRR,45989.0,POS_04_08,9.79,10.94
aFRR,45989.0,POS_08_12,24.66,28.01
aFRR,45989.0,POS_12_16,19.55,22.4
aFRR,45989.0,POS_16_20,31.87,34.26
aFRR,45989.0,POS_20_24,7.25,8.27
aFRR,45989.0,NEG_00_04,7.22,19.0
aFRR,45989.0,NEG_04_08,4.64,8.52
aFRR,45989.0,NEG_08_12,4.19,4.75
aFRR,45989.0,NEG_12_16,2.39,2.86
aFRR,45989.0,NEG_16_20,0.67,0.82
aFRR,45989.0,NEG_20_24,2.75,4.24
aFRR,45990.0,POS_00_04,3.13,3.38
aFRR,45990.0,POS_04_08,7.27,7.77
aFRR,45990.0,POS_08_12,15.04,16.46
aFRR,45990.0,POS_12_16,12.23,14.11
aFRR,45990.0,POS_16_20,20.72,22.2
aFRR,45990.0,POS_20_24,5.54,6.0
aFRR,45990.0,NEG_00_04,7.39,9.89
aFRR,45990.0,NEG_04_08,4.59,5.69
aFRR,45990.0,NEG_08_12,4.03,4.48
aFRR,45990.0,NEG_12_16,2.47,3.09
aFRR,45990.0,NEG_16_20,0.58,0.79
aFRR,45990.0,NEG_20_24,2.45,2.84
aFRR,45991.0,POS_00_04,2.68,2.88
aFRR,45991.0,POS_04_08,5.32,5.73
aFRR,45991.0,POS_08_12,9.92,10.67
aFRR,45991.0,POS_12_16,8.56,9.46
aFRR,45991.0,POS_16_20,14.77,15.5
aFRR,45991.0,POS_20_24,4.17,4.47
aFRR,45991.0,NEG_00_04,6.47,7.8
aFRR,45991.0,NEG_04_08,5.51,8.75
aFRR,45991.0,NEG_08_12,4.2,4.91
aFRR,45991.0,NEG_12_16,2.81,3.97
aFRR,45991.0,NEG_16_20,0.57,0.74
aFRR,45991.0,NEG_20_24,2.01,2.17
aFRR,45992.0,POS_00_04,2.84,3.38
aFRR,45992.0,POS_04_08,10.58,18.03
aFRR,45992.0,POS_08_12,27.63,43.95
aFRR,45992.0,POS_12_16,18.41,25.87
aFRR,45992.0,POS_16_20,28.86,42.37
aFRR,45992.0,POS_20_24,8.07,12.0
aFRR,45992.0,NEG_00_04,5.07,5.93
aFRR,45992.0,NEG_04_08,4.06,4.95
aFRR,45992.0,NEG_08_12,3.61,3.93
aFRR,45992.0,NEG_12_16,2.41,2.94
aFRR,45992.0,NEG_16_20,0.73,0.98
aFRR,45992.0,NEG_20_24,2.78,6.61
aFRR,45993.0,POS_00_04,3.36,7.47
aFRR,45993.0,POS_04_08,35.28,257.2
aFRR,45993.0,POS_08_12,23.85,37.0
aFRR,45993.0,POS_12_16,18.9,48.51
aFRR,45993.0,POS_16_20,45.62,73.02
aFRR,45993.0,POS_20_24,7.8,10.02
aFRR,45993.0,NEG_00_04,11.63,30.94
aFRR,45993.0,NEG_04_08,8.33,27.21
aFRR,45993.0,NEG_08_12,5.28,68.89
aFRR,45993.0,NEG_12_16,2.61,16.67
aFRR,45993.0,NEG_16_20,0.58,0.88
aFRR,45993.0,NEG_20_24,2.21,2.94
aFRR,45994.0,POS_00_04,4.11,5.0
aFRR,45994.0,POS_04_08,26.55,36.9
aFRR,45994.0,POS_08_12,41.93,61.37
aFRR,45994.0,POS_12_16,36.54,54.71
aFRR,45994.0,POS_16_20,82.37,129.0
aFRR,45994.0,POS_20_24,8.67,10.94
aFRR,45994.0,NEG_00_04,7.75,10.71
aFRR,45994.0,NEG_04_08,6.61,10.17
aFRR,45994.0,NEG_08_12,6.53,11.9
aFRR,45994.0,NEG_12_16,3.57,5.34
aFRR,45994.0,NEG_16_20,0.56,0.67
aFRR,45994.0,NEG_20_24,1.72,2.06
aFRR,45995.0,POS_00_04,3.56,3.95
aFRR,45995.0,POS_04_08,18.8,24.47
aFRR,45995.0,POS_08_12,32.33,41.18
aFRR,45995.0,POS_12_16,28.62,33.47
aFRR,45995.0,POS_16_20,51.79,62.68
aFRR,45995.0,POS_20_24,7.5,9.0
aFRR,45995.0,NEG_00_04,5.66,6.69
aFRR,45995.0,NEG_04_08,5.66,6.35
aFRR,45995.0,NEG_08_12,4.72,5.6
aFRR,45995.0,NEG_12_16,3.22,3.79
aFRR,45995.0,NEG_16_20,0.54,0.63
aFRR,45995.0,NEG_20_24,1.4,1.65
aFRR,45996.0,POS_00_04,3.15,3.95
aFRR,45996.0,POS_04_08,38.92,159.97
aFRR,45996.0,POS_08_12,49.55,82.39
aFRR,45996.0,POS_12_16,31.01,39.02
aFRR,45996.0,POS_16_20,55.43,72.0
aFRR,45996.0,POS_20_24,7.11,9.96
aFRR,45996.0,NEG_00_04,4.45,5.32
aFRR,45996.0,NEG_04_08,4.41,4.95
aFRR,45996.0,NEG_08_12,2.83,3.6
aFRR,45996.0,NEG_12_16,2.24,2.58
aFRR,45996.0,NEG_16_20,0.48,0.54
aFRR,45996.0,NEG_20_24,1.23,1.35
aFRR,45997.0,POS_00_04,2.9,3.14
aFRR,45997.0,POS_04_08,20.8,25.0
aFRR,45997.0,POS_08_12,25.82,29.44
aFRR,45997.0,POS_12_16,17.62,19.69
aFRR,45997.0,POS_16_20,27.45,32.76
aFRR,45997.0,POS_20_24,5.5,5.97
aFRR,45997.0,NEG_00_04,4.17,4.62
aFRR,45997.0,NEG_04_08,4.8,6.44
aFRR,45997.0,NEG_08_12,3.68,4.57
aFRR,45997.0,NEG_12_16,2.43,3.01
aFRR,45997.0,NEG_16_20,0.61,0.97
aFRR,45997.0,NEG_20_24,1.37,1.95
aFRR,45998.0,POS_00_04,2.48,2.74
aFRR,45998.0,POS_04_08,11.94,14.19
aFRR,45998.0,POS_08_12,16.07,16.98
aFRR,45998.0,POS_12_16,11.77,12.75
aFRR,45998.0,POS_16_20,18.62,21.08
aFRR,45998.0,POS_20_24,4.2,4.74
aFRR,45998.0,NEG_00_04,6.72,14.46
aFRR,45998.0,NEG_04_08,5.82,9.24
aFRR,45998.0,NEG_08_12,3.49,3.94
aFRR,45998.0,NEG_12_16,2.14,2.34
aFRR,45998.0,NEG_16_20,0.51,0.67
aFRR,45998.0,NEG_20_24,1.76,4.0
aFRR,45999.0,POS_00_04,2.44,2.84
aFRR,45999.0,POS_04_08,9.65,11.95
aFRR,45999.0,POS_08_12,15.03,23.28
aFRR,45999.0,POS_12_16,10.93,16.64
aFRR,45999.0,POS_16_20,21.0,27.62
aFRR,45999.0,POS_20_24,5.4,7.37
aFRR,45999.0,NEG_00_04,20.77,57.98
aFRR,45999.0,NEG_04_08,12.13,32.0
aFRR,45999.0,NEG_08_12,3.48,4.3
aFRR,45999.0,NEG_12_16,2.3,4.47
aFRR,45999.0,NEG_16_20,0.57,0.86
aFRR,45999.0,NEG_20_24,2.03,3.83
aFRR,46000.0,POS_00_04,2.48,2.89
aFRR,46000.0,POS_04_08,9.18,11.26
aFRR,46000.0,POS_08_12,15.07,18.74
aFRR,46000.0,POS_12_16,10.33,12.81
aFRR,46000.0,POS_16_20,19.06,22.47
aFRR,46000.0,POS_20_24,4.88,5.72
aFRR,46000.0,NEG_00_04,13.17,16.85
aFRR,46000.0,NEG_04_08,8.71,10.28
aFRR,46000.0,NEG_08_12,3.03,3.31
aFRR,46000.0,NEG_12_16,2.14,2.44
aFRR,46000.0,NEG_16_20,0.55,0.65
aFRR,46000.0,NEG_20_24,2.33,4.25
aFRR,46001.0,POS_00_04,2.19,2.4
aFRR,46001.0,POS_04_08,7.95,8.62
aFRR,46001.0,POS_08_12,18.44,31.82
aFRR,46001.0,POS_12_16,12.97,20.05
aFRR,46001.0,POS_16_20,18.2,21.86
aFRR,46001.0,POS_20_24,4.14,4.51
aFRR,46001.0,NEG_00_04,12.38,21.02
aFRR,46001.0,NEG_04_08,8.01,16.75
aFRR,46001.0,NEG_08_12,5.05,18.8
aFRR,46001.0,NEG_12_16,5.0,17.74
aFRR,46001.0,NEG_16_20,0.76,2.87
aFRR,46001.0,NEG_20_24,2.39,3.25
aFRR,46002.0,POS_00_04,2.08,2.3
aFRR,46002.0,POS_04_08,6.91,7.99
aFRR,46002.0,POS_08_12,15.08,17.43
aFRR,46002.0,POS_12_16,10.66,12.39
aFRR,46002.0,POS_16_20,16.94,18.69
aFRR,46002.0,POS_20_24,4.05,4.64
aFRR,46002.0,NEG_00_04,10.96,13.4
aFRR,46002.0,NEG_04_08,7.48,9.1
aFRR,46002.0,NEG_08_12,4.8,6.72
aFRR,46002.0,NEG_12_16,4.5,6.0
aFRR,46002.0,NEG_16_20,0.8,1.06
aFRR,46002.0,NEG_20_24,1.95,2.21
aFRR,46003.0,POS_00_04,2.02,2.35
aFRR,46003.0,POS_04_08,7.37,9.05
aFRR,46003.0,POS_08_12,16.6,22.1
aFRR,46003.0,POS_12_16,12.15,17.95
aFRR,46003.0,POS_16_20,37.41,56.91
aFRR,46003.0,POS_20_24,5.66,11.08
aFRR,46003.0,NEG_00_04,7.26,8.49
aFRR,46003.0,NEG_04_08,4.62,5.66
aFRR,46003.0,NEG_08_12,3.27,3.9
aFRR,46003.0,NEG_12_16,2.67,3.1
aFRR,46003.0,NEG_16_20,0.5,0.68
aFRR,46003.0,NEG_20_24,1.36,1.56
aFRR,46004.0,POS_00_04,2.06,3.2
aFRR,46004.0,POS_04_08,6.02,6.38
aFRR,46004.0,POS_08_12,12.87,14.17
aFRR,46004.0,POS_12_16,9.11,9.78
aFRR,46004.0,POS_16_20,18.46,20.35
aFRR,46004.0,POS_20_24,4.2,4.71
aFRR,46004.0,NEG_00_04,4.88,5.62
aFRR,46004.0,NEG_04_08,3.89,4.45
aFRR,46004.0,NEG_08_12,3.05,3.53
aFRR,46004.0,NEG_12_16,2.31,2.64
aFRR,46004.0,NEG_16_20,0.52,0.61
aFRR,46004.0,NEG_20_24,1.39,1.84
aFRR,46005.0,POS_00_04,1.95,2.15
aFRR,46005.0,POS_04_08,4.61,5.14
aFRR,46005.0,POS_08_12,8.9,9.77
aFRR,46005.0,POS_12_16,6.62,7.6
aFRR,46005.0,POS_16_20,13.38,14.91
aFRR,46005.0,POS_20_24,3.45,3.88
aFRR,46005.0,NEG_00_04,4.36,5.0
aFRR,46005.0,NEG_04_08,3.57,4.36
aFRR,46005.0,NEG_08_12,2.96,3.52
aFRR,46005.0,NEG_12_16,2.24,2.67
aFRR,46005.0,NEG_16_20,0.56,0.69
aFRR,46005.0,NEG_20_24,1.78,2.86
aFRR,46006.0,POS_00_04,2.09,2.49
aFRR,46006.0,POS_04_08,6.24,7.77
aFRR,46006.0,POS_08_12,15.01,22.73
aFRR,46006.0,POS_12_16,9.84,15.91
aFRR,46006.0,POS_16_20,17.36,22.42
aFRR,46006.0,POS_20_24,4.81,6.1
aFRR,46006.0,NEG_00_04,5.23,8.32
aFRR,46006.0,NEG_04_08,3.9,7.41
aFRR,46006.0,NEG_08_12,2.66,3.31
aFRR,46006.0,NEG_12_16,2.21,3.88
aFRR,46006.0,NEG_16_20,0.47,0.59
aFRR,46006.0,NEG_20_24,1.59,2.09
aFRR,46007.0,POS_00_04,2.07,2.26
aFRR,46007.0,POS_04_08,5.85,6.9
aFRR,46007.0,POS_08_12,15.78,18.75
aFRR,46007.0,POS_12_16,13.45,18.64
aFRR,46007.0,POS_16_20,45.59,71.2
aFRR,46007.0,POS_20_24,6.41,8.4
aFRR,46007.0,NEG_00_04,4.72,6.52
aFRR,46007.0,NEG_04_08,3.73,4.6
aFRR,46007.0,NEG_08_12,2.06,2.65
aFRR,46007.0,NEG_12_16,2.05,2.36
aFRR,46007.0,NEG_16_20,0.34,0.48
aFRR,46007.0,NEG_20_24,1.16,1.4
aFRR,46008.0,POS_00_04,2.06,2.48
aFRR,46008.0,POS_04_08,6.53,8.06
aFRR,46008.0,POS_08_12,21.26,26.32
aFRR,46008.0,POS_12_16,14.48,17.98
aFRR,46008.0,POS_16_20,29.93,36.44
aFRR,46008.0,POS_20_24,5.54,6.11
aFRR,46008.0,NEG_00_04,4.17,4.87
aFRR,46008.0,NEG_04_08,3.04,3.55
aFRR,46008.0,NEG_08_12,1.67,2.06
aFRR,46008.0,NEG_12_16,1.84,2.5
aFRR,46008.0,NEG_16_20,0.36,0.47
aFRR,46008.0,NEG_20_24,1.1,1.72
aFRR,46009.0,POS_00_04,1.88,2.0
aFRR,46009.0,POS_04_08,5.42,6.11
aFRR,46009.0,POS_08_12,14.1,15.53
aFRR,46009.0,POS_12_16,10.07,11.15
aFRR,46009.0,POS_16_20,19.07,20.44
aFRR,46009.0,POS_20_24,4.24,4.58
aFRR,46009.0,NEG_00_04,4.28,4.97
aFRR,46009.0,NEG_04_08,3.35,3.93
aFRR,46009.0,NEG_08_12,1.85,2.63
aFRR,46009.0,NEG_12_16,1.99,2.37
aFRR,46009.0,NEG_16_20,0.4,0.58
aFRR,46009.0,NEG_20_24,4.92,17.45
aFRR,46010.0,POS_00_04,1.63,2.05
aFRR,46010.0,POS_04_08,4.37,4.77
aFRR,46010.0,POS_08_12,10.61,11.65
aFRR,46010.0,POS_12_16,8.3,9.02
aFRR,46010.0,POS_16_20,15.19,17.91
aFRR,46010.0,POS_20_24,3.57,4.21
aFRR,46010.0,NEG_00_04,19.27,43.66
aFRR,46010.0,NEG_04_08,11.74,31.68
aFRR,46010.0,NEG_08_12,1.95,2.25
aFRR,46010.0,NEG_12_16,1.91,2.17
aFRR,46010.0,NEG_16_20,0.4,0.47
aFRR,46010.0,NEG_20_24,3.59,4.78
aFRR,46011.0,POS_00_04,1.86,2.77
aFRR,46011.0,POS_04_08,3.8,4.25
aFRR,46011.0,POS_08_12,8.82,10.14
aFRR,46011.0,POS_12_16,6.86,7.79
aFRR,46011.0,POS_16_20,11.97,13.81
aFRR,46011.0,POS_20_24,3.24,4.06
aFRR,46011.0,NEG_00_04,9.63,12.97
aFRR,46011.0,NEG_04_08,7.17,9.21
aFRR,46011.0,NEG_08_12,1.58,1.87
aFRR,46011.0,NEG_12_16,1.59,1.8
aFRR,46011.0,NEG_16_20,0.32,0.47
aFRR,46011.0,NEG_20_24,1.92,2.6
aFRR,46012.0,POS_00_04,2.01,3.97
aFRR,46012.0,POS_04_08,2.98,3.57
aFRR,46012.0,POS_08_12,6.8,7.54
aFRR,46012.0,POS_12_16,5.24,5.78
aFRR,46012.0,POS_16_20,9.41,9.9
aFRR,46012.0,POS_20_24,2.68,3.05
aFRR,46012.0,NEG_00_04,5.93,6.66
aFRR,46012.0,NEG_04_08,4.24,4.82
aFRR,46012.0,NEG_08_12,1.51,2.1
aFRR,46012.0,NEG_12_16,1.61,2.07
aFRR,46012.0,NEG_16_20,0.44,0.69
aFRR,46012.0,NEG_20_24,2.35,4.34
aFRR,46013.0,POS_00_04,2.08,2.5
aFRR,46013.0,POS_04_08,3.65,4.91
aFRR,46013.0,POS_08_12,9.6,13.34
aFRR,46013.0,POS_12_16,7.8,10.35
aFRR,46013.0,POS_16_20,13.02,17.42
aFRR,46013.0,POS_20_24,4.23,4.94
aFRR,46013.0,NEG_00_04,7.32,12.56
aFRR,46013.0,NEG_04_08,5.68,12.79
aFRR,46013.0,NEG_08_12,1.49,1.75
aFRR,46013.0,NEG_12_16,1.51,1.66
aFRR,46013.0,NEG_16_20,0.4,0.56
aFRR,46013.0,NEG_20_24,1.63,2.21
aFRR,46014.0,POS_00_04,1.94,2.14
aFRR,46014.0,POS_04_08,3.44,3.7
aFRR,46014.0,POS_08_12,8.05,8.79
aFRR,46014.0,POS_12_16,6.24,6.94
aFRR,46014.0,POS_16_20,10.92,11.7
aFRR,46014.0,POS_20_24,3.28,3.75
aFRR,46014.0,NEG_00_04,5.44,6.85
aFRR,46014.0,NEG_04_08,4.74,6.07
aFRR,46014.0,NEG_08_12,1.42,1.6
aFRR,46014.0,NEG_12_16,1.5,2.1
aFRR,46014.0,NEG_16_20,0.42,0.87
aFRR,46014.0,NEG_20_24,1.84,2.4
aFRR,46015.0,POS_00_04,1.76,2.07
aFRR,46015.0,POS_04_08,2.92,3.26
aFRR,46015.0,POS_08_12,6.29,6.92
aFRR,46015.0,POS_12_16,4.83,5.17
aFRR,46015.0,POS_16_20,8.43,9.41
aFRR,46015.0,POS_20_24,2.63,2.88
aFRR,46015.0,NEG_00_04,7.61,12.0
aFRR,46015.0,NEG_04_08,6.28,9.85
aFRR,46015.0,NEG_08_12,1.6,3.12
aFRR,46015.0,NEG_12_16,1.96,4.24
aFRR,46015.0,NEG_16_20,0.71,2.22
aFRR,46015.0,NEG_20_24,1.99,3.1
aFRR,46016.0,POS_00_04,1.63,1.81
aFRR,46016.0,POS_04_08,2.56,2.71
aFRR,46016.0,POS_08_12,5.09,5.51
aFRR,46016.0,POS_12_16,3.86,4.17
aFRR,46016.0,POS_16_20,7.01,7.69
aFRR,46016.0,POS_20_24,2.45,2.91
aFRR,46016.0,NEG_00_04,7.98,10.15
aFRR,46016.0,NEG_04_08,6.62,8.12
aFRR,46016.0,NEG_08_12,2.31,3.99
aFRR,46016.0,NEG_12_16,2.93,6.14
aFRR,46016.0,NEG_16_20,1.09,1.78
aFRR,46016.0,NEG_20_24,1.77,2.06
aFRR,46017.0,POS_00_04,1.55,1.69
aFRR,46017.0,POS_04_08,2.3,2.57
aFRR,46017.0,POS_08_12,4.2,4.46
aFRR,46017.0,POS_12_16,3.42,3.92
aFRR,46017.0,POS_16_20,6.63,8.58
aFRR,46017.0,POS_20_24,2.42,2.91
aFRR,46017.0,NEG_00_04,5.51,6.16
aFRR,46017.0,NEG_04_08,4.78,5.43
aFRR,46017.0,NEG_08_12,2.01,2.54
aFRR,46017.0,NEG_12_16,2.32,3.28
aFRR,46017.0,NEG_16_20,0.74,1.05
aFRR,46017.0,NEG_20_24,1.45,1.64
aFRR,46018.0,POS_00_04,1.84,3.64
aFRR,46018.0,POS_04_08,2.06,2.31
aFRR,46018.0,POS_08_12,3.68,4.84
aFRR,46018.0,POS_12_16,2.84,3.45
aFRR,46018.0,POS_16_20,5.48,6.5
aFRR,46018.0,POS_20_24,2.29,2.91
aFRR,46018.0,NEG_00_04,4.33,4.75
aFRR,46018.0,NEG_04_08,3.83,4.16
aFRR,46018.0,NEG_08_12,2.03,3.03
aFRR,46018.0,NEG_12_16,2.86,7.22
aFRR,46018.0,NEG_16_20,0.79,0.99
aFRR,46018.0,NEG_20_24,1.25,1.39
aFRR,46019.0,POS_00_04,1.77,2.05
aFRR,46019.0,POS_04_08,1.86,2.0
aFRR,46019.0,POS_08_12,3.27,3.7
aFRR,46019.0,POS_12_16,2.47,2.85
aFRR,46019.0,POS_16_20,4.66,5.5
aFRR,46019.0,POS_20_24,2.17,2.4
aFRR,46019.0,NEG_00_04,3.87,4.4
aFRR,46019.0,NEG_04_08,3.41,3.69
aFRR,46019.0,NEG_08_12,2.0,2.22
aFRR,46019.0,NEG_12_16,2.62,3.18
aFRR,46019.0,NEG_16_20,0.71,0.78
aFRR,46019.0,NEG_20_24,1.17,1.57
aFRR,46020.0,POS_00_04,1.62,1.91
aFRR,46020.0,POS_04_08,1.82,2.38
aFRR,46020.0,POS_08_12,4.19,6.37
aFRR,46020.0,POS_12_16,3.38,4.88
aFRR,46020.0,POS_16_20,5.84,8.32
aFRR,46020.0,POS_20_24,2.71,3.51
aFRR,46020.0,NEG_00_04,3.96,4.88
aFRR,46020.0,NEG_04_08,3.13,4.73
aFRR,46020.0,NEG_08_12,1.52,1.94
aFRR,46020.0,NEG_12_16,1.98,3.22
aFRR,46020.0,NEG_16_20,0.62,0.77
aFRR,46020.0,NEG_20_24,1.15,1.76
aFRR,46021.0,POS_00_04,1.5,1.69
aFRR,46021.0,POS_04_08,1.68,1.9
aFRR,46021.0,POS_08_12,3.8,4.45
aFRR,46021.0,POS_12_16,2.88,3.34
aFRR,46021.0,POS_16_20,5.38,7.25
aFRR,46021.0,POS_20_24,2.5,3.24
aFRR,46021.0,NEG_00_04,3.84,4.55
aFRR,46021.0,NEG_04_08,3.2,4.04
aFRR,46021.0,NEG_08_12,1.51,1.76
aFRR,46021.0,NEG_12_16,2.17,2.8
aFRR,46021.0,NEG_16_20,0.59,0.69
aFRR,46021.0,NEG_20_24,1.1,1.38
aFRR,46022.0,POS_00_04,1.53,1.95
aFRR,46022.0,POS_04_08,1.44,1.64
aFRR,46022.0,POS_08_12,5.85,10.28
aFRR,46022.0,POS_12_16,2.45,2.72
aFRR,46022.0,POS_16_20,4.91,6.25
aFRR,46022.0,POS_20_24,3.73,10.47
aFRR,46022.0,NEG_00_04,3.61,3.99
aFRR,46022.0,NEG_04_08,3.11,3.6
aFRR,46022.0,NEG_08_12,3.68,10.21
aFRR,46022.0,NEG_12_16,2.66,4.5
aFRR,46022.0,NEG_16_20,0.73,1.21
aFRR,46022.0,NEG_20_24,1.54,3.34
