MaStRNummer,EinheitName,BetriebsStatusName,Bundesland,InbetriebnahmeDatum,StromspeichertechnologieBezeichnung,Stromspeichertechnologie,Batterietechnologie,Bruttoleistung,Nettonennleistung,NutzbareSpeicherkapazitaet,SpeicherEinheitMastrNummer
SEE913938308608,GigaBattery Lippendorf 1000,In Planung,Sachsen,,Batterie,524,727,1000000.0,1000000.0,4000000.0,SSE957505267882
SEE988710642065,GigaBattery Boxberg 1000,In Planung,Sachsen,,Batterie,524,727,1000000.0,1000000.0,4000000.0,SSE950924900699
SEE976701215879,GigaBattery Jänschwalde 1000,In Planung,Brandenburg,,Batterie,524,727,1000000.0,1000000.0,4000000.0,SSE950145550062
SEE911502802170,GigaBattery Jänschwalde 2000,In Planung,Brandenburg,,Batterie,524,727,1000000.0,1000000.0,4000000.0,SSE962979156594
SEE965131234796,Batteriespeicher Westfalen 3,In Planung,Nordrhein-Westfalen,,Batterie,524,727,538000.0,538000.0,1145580.0,SSE936426263012
SEE998036960637,GigaBattery Boxberg 400,In Planung,Sachsen,,Batterie,524,727,400000.0,400000.0,1600000.0,SSE985403656071
SEE901024459440,ECO POWER THREE,In Planung,Sachsen-Anhalt,,Batterie,524,727,300000.0,300000.0,600000.0,SSE966382373159
SEE920963364875,ECO POWER SIX,In Planung,Baden-Württemberg,,Batterie,524,727,300000.0,300000.0,660000.0,SSE938370123299
SEE982668250747,ECO POWER FOUR,In Planung,Rheinland-Pfalz,,Batterie,524,727,300000.0,300000.0,600000.0,SSE988979078483
SEE997585564112,illwerke vkw Rodundwerk II M1,In Betrieb,,/Date(1298937600000)/,Pumpspeicher,1537,,295000.0,295000.0,145625000.0,SSE990326168051
SEE901345486644,PSW Goldisthal PSS D,In Betrieb,Thüringen,/Date(1088380800000)/,Pumpspeicher,1537,,265000.0,263000.0,9470000.0,SSE938004379115
SEE943653719359,PSW Goldisthal PSS C,In Betrieb,Thüringen,/Date(1044230400000)/,Pumpspeicher,1537,,265000.0,263000.0,9470000.0,SSE938004379115
SEE974189836364,PSW Goldisthal PSS B,In Betrieb,Thüringen,/Date(1057795200000)/,Pumpspeicher,1537,,265000.0,263000.0,9470000.0,SSE938004379115
SEE945148512650,PSW Goldisthal PSS A,In Betrieb,Thüringen,/Date(1083024000000)/,Pumpspeicher,1537,,265000.0,263000.0,9470000.0,SSE938004379115
SEE989733403879,KW Silz - Maschine 1,In Betrieb,,/Date(355363200000)/,Pumpspeicher,1537,,250000.0,250000.0,4461000.0,SSE912793054910
SEE965029367872,KW Silz - Maschine 2,In Betrieb,,/Date(355363200000)/,Pumpspeicher,1537,,250000.0,250000.0,4461000.0,SSE951037719635
SEE933021962319,Waldeck 2 F1,In Betrieb,Hessen,/Date(126230400000)/,Pumpspeicher,1537,,240000.0,240000.0,3786000.0,SSE932227022773
SEE996080766151,Waldeck 2 F2,In Betrieb,Hessen,/Date(126230400000)/,Pumpspeicher,1537,,240000.0,240000.0,3786000.0,SSE932227022773
SEE929967552172,KW Wehr MS A9,In Betrieb,Baden-Württemberg,/Date(169084800000)/,Pumpspeicher,1537,,227500.0,227500.0,3282000.0,SSE901328768866
SEE945727561772,KW Wehr MS B9,In Betrieb,Baden-Württemberg,/Date(212025600000)/,Pumpspeicher,1537,,227500.0,227500.0,3282000.0,SSE979785325809
SEE954610139165,KW Wehr MS B10,In Betrieb,Baden-Württemberg,/Date(212803200000)/,Pumpspeicher,1537,,227500.0,227500.0,3282000.0,SSE979785325809
SEE931018364146,KW Wehr MS A10,In Betrieb,Baden-Württemberg,/Date(173664000000)/,Pumpspeicher,1537,,227500.0,227500.0,3282000.0,SSE901328768866
SEE967459235615,BESS_Sabel,In Planung,Mecklenburg-Vorpommern,,Batterie,524,727,210000.0,210000.0,1000000.0,SSE981904729894
SEE915985628661,Pumpspeicherkraftwerk Erzhausen,In Betrieb,Niedersachsen,/Date(-178934400000)/,Pumpspeicher,1537,,220000.0,200000.0,1102000.0,SSE929303593739
SEE932845933635,Vianden M11,In Betrieb,,/Date(1438300800000)/,Pumpspeicher,1537,,198000.0,198000.0,2209000.0,SSE911147389401
SEE975561989005,Vianden M10,In Betrieb,,/Date(163641600000)/,Pumpspeicher,1537,,196000.0,196000.0,2775000.0,SSE999215308196
SEE926367113644,Obervermuntwerk II Maschine 1 Turbine,In Betrieb,,/Date(1529625600000)/,Pumpspeicher,1537,,190000.0,190000.0,27198000.0,SSE925525045520
SEE984944424651,Obervermuntwerk II Maschine 2 Turbine,In Betrieb,,/Date(1536883200000)/,Pumpspeicher,1537,,190000.0,190000.0,27198000.0,SSE925525045520
SEE942841758538,illwerke vkw Kopswerk II M2,In Betrieb,,/Date(1220227200000)/,Pumpspeicher,1537,,175000.0,175000.0,77517000.0,SSE998253558174
SEE957189569340,illwerke vkw Kopswerk II M3,In Betrieb,,/Date(1220227200000)/,Pumpspeicher,1537,,175000.0,175000.0,77517000.0,SSE998253558174
SEE998292984538,illwerke vkw Kopswerk II M1,In Betrieb,,/Date(1220227200000)/,Pumpspeicher,1537,,175000.0,175000.0,77517000.0,SSE998253558174
SEE904052511746,PSW Markersbach PSS D,In Betrieb,Sachsen,/Date(354499200000)/,Pumpspeicher,1537,,175000.0,174200.0,4578000.0,SSE908588096555
SEE952165584195,PSW Markersbach PSS B,In Betrieb,Sachsen,/Date(321840000000)/,Pumpspeicher,1537,,175000.0,174200.0,4578000.0,SSE908588096555
SEE911219414864,PSW Markersbach PSS E,In Betrieb,Sachsen,/Date(349574400000)/,Pumpspeicher,1537,,175000.0,174200.0,4578000.0,SSE908588096555
SEE983006552202,PSW Markersbach PSS F,In Betrieb,Sachsen,/Date(342835200000)/,Pumpspeicher,1537,,175000.0,174200.0,4578000.0,SSE908588096555
SEE940802366570,PSW Markersbach PSS C,In Betrieb,Sachsen,/Date(332899200000)/,Pumpspeicher,1537,,175000.0,174200.0,4578000.0,SSE908588096555
SEE939026884250,PSW Markersbach PSS A,In Betrieb,Sachsen,/Date(312681600000)/,Pumpspeicher,1537,,175000.0,174200.0,4578000.0,SSE908588096555
SEE925333539921,Koepchenwerk Bl.,In Betrieb,Nordrhein-Westfalen,/Date(618537600000)/,Pumpspeicher,1537,,165000.0,162000.0,634000.0,SSE909400062932
SEE941869606388,BESS_Bentwisch,In Planung,Mecklenburg-Vorpommern,,Batterie,524,727,150000.0,150000.0,300000.0,SSE975259706587
SEE909400840998,Kyon-53 Battery Storage,In Planung,Schleswig-Holstein,,Batterie,524,727,146500.0,146500.0,294400.0,SSE911079112313
SEE918241145889,Kyon-56 Battery Storage,In Planung,Niedersachsen,,Batterie,524,727,146500.0,146500.0,294400.0,SSE943295195023
SEE901980882672,KW Kühtai - Maschine 2,In Betrieb,,/Date(348364800000)/,Pumpspeicher,1537,,144500.0,144500.0,115580500.0,SSE900156670112
SEE956127306573,KW Kühtai - Maschine 1,In Betrieb,,/Date(348364800000)/,Pumpspeicher,1537,,144500.0,144500.0,115580500.0,SSE993397579313
SEE916532936024,Batteriespeicher Westfalen 1,In Betrieb,Nordrhein-Westfalen,/Date(1735344000000)/,Batterie,524,727,174240.0,140000.0,150801.0,SSE968739890555
SEE965822398363,Stendal BESS,In Betrieb,Sachsen-Anhalt,/Date(1785369600000)/,Batterie,524,727,104500.0,104500.0,209000.0,SSE969485833605
SEE938972800130,ECO POWER FIVE GmbH,In Planung,Bayern,,Batterie,524,727,103500.0,103500.0,238000.0,SSE950534658607
SEE917452204415,ECO POWER TWO,In Planung,Schleswig-Holstein,,Batterie,524,727,103000.0,103000.0,200000.0,SSE921603322828
SEE967119422706,Kyon-51 Battery Storage,In Planung,Nordrhein-Westfalen,,Batterie,524,727,102960.0,102960.0,208100.0,SSE944226687334
SEE949065983555,GridBattery Heinersbrück 100,In Planung,Brandenburg,,Batterie,524,727,100000.0,100000.0,400000.0,SSE998460649887
SEE901401072729,Big Battery Oberlausitz,In Planung,Sachsen,,Batterie,524,727,100000.0,100000.0,137000.0,SSE969074224944
SEE921320372496,Speicher Batterie100 Marbach am Neckar,In Planung,Baden-Württemberg,,Batterie,524,727,100000.0,100000.0,100000.0,SSE981325618128
SEE903949785369,Vianden M5,In Betrieb,,/Date(-193104000000)/,Pumpspeicher,1537,,100000.0,100000.0,2775000.0,SSE999215308196
SEE929031511661,Vianden M9,In Betrieb,,/Date(-182563200000)/,Pumpspeicher,1537,,100000.0,100000.0,2775000.0,SSE999215308196
SEE962712912357,Vianden M3,In Betrieb,,/Date(-218505600000)/,Pumpspeicher,1537,,100000.0,100000.0,2209000.0,SSE911147389401
SEE961677143219,Kyon-65 Battery Storage,In Planung,Rheinland-Pfalz,,Batterie,524,727,100000.0,100000.0,201700.0,SSE989206172912
SEE947853008176,Vianden M7,In Betrieb,,/Date(-174873600000)/,Pumpspeicher,1537,,100000.0,100000.0,2775000.0,SSE999215308196
SEE908227299279,Vianden M4,In Betrieb,,/Date(-212716800000)/,Pumpspeicher,1537,,100000.0,100000.0,2209000.0,SSE911147389401
SEE915170466979,Vianden M2,In Betrieb,,/Date(-226281600000)/,Pumpspeicher,1537,,100000.0,100000.0,2209000.0,SSE911147389401
SEE965730885047,Vianden M1,In Betrieb,,/Date(-228096000000)/,Pumpspeicher,1537,,100000.0,100000.0,2209000.0,SSE911147389401
SEE922881118097,BESS_Gransee_groß,In Planung,Brandenburg,,Batterie,524,,100000.0,100000.0,200000.0,SSE999466467079
SEE968458734758,Vianden M8,In Betrieb,,/Date(-192326400000)/,Pumpspeicher,1537,,100000.0,100000.0,2775000.0,SSE999215308196
SEE942100679987,Vianden M6,In Betrieb,,/Date(-185068800000)/,Pumpspeicher,1537,,100000.0,100000.0,2775000.0,SSE999215308196
SEE918385807070,Großbatteriespeicher Alfeld,In Betrieb,Niedersachsen,/Date(1780272000000)/,Batterie,524,727,99305.0,99305.0,203094.0,SSE983790663504
SEE921222366043,Batteriepark Metelen,In Betrieb,Nordrhein-Westfalen,/Date(1773100800000)/,Batterie,524,732,92500.0,92500.0,231000.0,SSE942340598024
SEE946632109158,1.BEN - Batterie- und Energiepark Nord,In Planung,Schleswig-Holstein,,Batterie,524,727,90000.0,90000.0,183285.0,SSE983802818410
SEE945451865368,KW Säckingen A8,In Betrieb,Baden-Württemberg,/Date(-80006400000)/,Pumpspeicher,1537,,90000.0,90000.0,1083500.0,SSE989664830126
SEE969767231167,KW Säckingen B7,In Betrieb,Baden-Württemberg,/Date(-92102400000)/,Pumpspeicher,1537,,90000.0,90000.0,1083500.0,SSE938626377667
SEE930322142068,KW Säckingen B8,In Betrieb,Baden-Württemberg,/Date(-82598400000)/,Pumpspeicher,1537,,90000.0,90000.0,1083500.0,SSE938626377667
SEE906636749798,KW Säckingen A7,In Betrieb,Baden-Württemberg,/Date(-98236800000)/,Pumpspeicher,1537,,90000.0,90000.0,1083500.0,SSE989664830126
SEE937878572653,Langenprozelten E F2,In Betrieb,Bayern,/Date(189302400000)/,Pumpspeicher,1537,,84200.0,82000.0,950000.0,SSE946000889675
SEE991939746742,Langenprozelten E F1,In Betrieb,Bayern,/Date(189302400000)/,Pumpspeicher,1537,,84200.0,82000.0,950000.0,SSE946000889675
SEE993116568932,Batteriespeicher Neurath,In Betrieb,Nordrhein-Westfalen,/Date(1739404800000)/,Batterie,524,727,99000.0,80000.0,84364.0,SSE987385351975
SEE987129678436,Beilrode - BESS - CoLocation 1,In Betrieb,Sachsen,/Date(1783987200000)/,Batterie,524,727,76024.0,76024.0,152048.0,SSE900801713669
SEE998534788504,Waldeck 1 Pumpspeicher,In Betrieb,Hessen,/Date(-1230768000000)/,Pumpspeicher,1537,,75000.0,75000.0,550000.0,SSE994099461203
SEE971932533266,Batteriespeicher Werne,In Betrieb,Nordrhein-Westfalen,/Date(1671062400000)/,Batterie,524,727,72000.0,72000.0,72000.0,SSE949518558477
SEE921862229227,Pumpspeicherwerk Rönkhausen PSW2,In Betrieb,Nordrhein-Westfalen,/Date(1558310400000)/,Pumpspeicher,1537,,69000.0,69000.0,720000.0,SSE981550456939
SEE927168175756,Pumpspeicherwerk Rönkhausen PSW1,In Betrieb,Nordrhein-Westfalen,/Date(1556150400000)/,Pumpspeicher,1537,,69000.0,69000.0,720000.0,SSE981550456939
SEE905930139120,Big Battery Lausitz,In Betrieb,Brandenburg,/Date(1605744000000)/,Batterie,524,727,66000.0,66000.0,52630.0,SSE911582588209
SEE999242351424,Battery Park Höxter 2,In Planung,Nordrhein-Westfalen,,Batterie,524,728,65000.0,65000.0,153400.0,SSE919881800077
SEE989838241833,Battery Park Höxter 1,In Planung,Nordrhein-Westfalen,,Batterie,524,727,65000.0,65000.0,153400.0,SSE933370988091
SEE946676030395,Batteriespeicher Bremen,In Planung,Bremen,,Batterie,524,727,60000.0,60000.0,120000.0,SSE939291083013
SEE900623975528,BESS Rackwitz,In Planung,Sachsen,,Batterie,524,727,60000.0,60000.0,180500.0,SSE932804316004
SEE954649497618,SMAREG4 Wartburgspeicher Eisenach,In Betrieb,Thüringen,/Date(1669766400000)/,Batterie,524,727,60000.0,60000.0,67000.0,SSE924723418167
SEE999581910528,BEES Kränzlin,In Planung,Brandenburg,,Batterie,524,727,60000.0,60000.0,263000.0,SSE985650733662
SEE964305378076,Kyon-101 Battery Storage,In Planung,Sachsen,,Batterie,524,727,58000.0,58000.0,131400.0,SSE962667742009
SEE954807594395,Kyon-42 Battery Storage,In Planung,Sachsen-Anhalt,,Batterie,524,727,57960.0,57960.0,133790.0,SSE983082250641
SEE903925095949,BESS Wetzen,In Planung,Niedersachsen,,Batterie,524,727,56406.0,56406.0,112000.0,SSE937585617203
SEE918046145015,illwerke vkw Lünerseewerk M3,In Betrieb,,/Date(-383961600000)/,Pumpspeicher,1537,,56000.0,56000.0,157252000.0,SSE920310307159
SEE917379392493,illwerke vkw Lünerseewerk M2,In Betrieb,,/Date(-383961600000)/,Pumpspeicher,1537,,56000.0,56000.0,157252000.0,SSE920310307159
SEE901022774309,illwerke vkw Lünerseewerk M4,In Betrieb,,/Date(-383961600000)/,Pumpspeicher,1537,,56000.0,56000.0,157252000.0,SSE920310307159
SEE963514247548,BESS Strübbel,In Betrieb,Schleswig-Holstein,/Date(1769558400000)/,Batterie,524,727,56000.0,56000.0,112000.0,SSE937570438196
SEE984246933080,illwerke vkw Lünerseewerk M1,In Betrieb,,/Date(-383961600000)/,Pumpspeicher,1537,,56000.0,56000.0,157252000.0,SSE920310307159
SEE974634012046,illwerke vkw Lünerseewerk M5,In Betrieb,,/Date(-383961600000)/,Pumpspeicher,1537,,56000.0,56000.0,157252000.0,SSE920310307159
SEE961674911293,KW Witznau MS A4,In Betrieb,Baden-Württemberg,/Date(-714787200000)/,Pumpspeicher,1537,,55000.0,55000.0,45414500.0,SSE915227643667
SEE971818871499,KW Witznau MS B4,In Betrieb,Baden-Württemberg,/Date(-625104000000)/,Pumpspeicher,1537,,55000.0,55000.0,45414500.0,SSE975981883129
SEE919035876514,KW Witznau MS B3,In Betrieb,Baden-Württemberg,/Date(-625104000000)/,Pumpspeicher,1537,,55000.0,55000.0,45414500.0,SSE975981883129
SEE969304380679,KW Witznau MS A3,In Betrieb,Baden-Württemberg,/Date(-743990400000)/,Pumpspeicher,1537,,55000.0,55000.0,45414500.0,SSE915227643667
SEE922158261037,ECO POWER ONE CD,In Betrieb,Schleswig-Holstein,/Date(1741824000000)/,Batterie,524,727,51750.0,51750.0,119264.0,SSE948835574740
SEE925543621515,ECO POWER ONE AB,In Betrieb,Schleswig-Holstein,/Date(1741824000000)/,Batterie,524,727,51750.0,51750.0,119264.0,SSE913290603359
SEE989748439733,Kyon-38 Battery Storage West,In Planung,Nordrhein-Westfalen,,Batterie,524,727,51430.0,51430.0,104297.0,SSE928917885261
SEE971815239520,BESS - DE - ARZBERG - GMRW,In Betrieb,Bayern,/Date(1764547200000)/,Batterie,524,727,50500.0,50500.0,99000.0,SSE943848201720
SEE909908219982,BESS - DE - ARZBERG - GMRO,In Betrieb,Bayern,/Date(1762732800000)/,Batterie,524,727,50500.0,50500.0,99000.0,SSE930985912350
SEE984394943115,illwerke vkw Rodundwerk I M2,In Betrieb,,/Date(-833760000000)/,Pumpspeicher,1537,,50000.0,50000.0,145625000.0,SSE985231383125
SEE901199916830,BESS Rockensußra,In Planung,Thüringen,,Batterie,524,727,50000.0,50000.0,200000.0,SSE916973027121
SEE993899268814,Batterie Weißenthurm-Kettig,In Planung,Rheinland-Pfalz,,Batterie,524,727,50000.0,50000.0,100000.0,SSE996167513340
SEE914862084439,Kyon-38 Battery Storage Ost,In Planung,Nordrhein-Westfalen,,Batterie,524,727,48570.0,48570.0,98503.0,SSE970695879314
SEE999790559914,BESS Jardelund,In Betrieb,Schleswig-Holstein,/Date(1522540800000)/,Batterie,524,727,48000.0,48000.0,48000.0,SSE963357090257
SEE967069763799,SWM Leitzach 1 M11,In Betrieb,Bayern,/Date(443059200000)/,Pumpspeicher,1537,,48000.0,48000.0,620000.0,SSE986224059607
SEE940654841652,SGE Duisburg-Walsum,In Planung,Nordrhein-Westfalen,,Batterie,524,727,47000.0,47000.0,188000.0,SSE913526758860
SEE927582792126,BESS Leuna 2,In Betrieb,Sachsen-Anhalt,/Date(1773792000000)/,Batterie,524,727,50940.0,46332.0,101592.0,SSE939818013431
SEE974038381946,BESS Krumpa I,In Betrieb,Sachsen-Anhalt,/Date(1769644800000)/,Batterie,524,727,50940.0,46332.0,101592.0,SSE905976782069
SEE963537340127,BESS Leuna 3,In Betrieb,Sachsen-Anhalt,/Date(1780272000000)/,Batterie,524,727,50940.0,46332.0,101592.0,SSE949783632520
SEE980461358011,BESS Leuna 1,In Betrieb,Sachsen-Anhalt,/Date(1774828800000)/,Batterie,524,727,50940.0,46332.0,101592.0,SSE986362948764
SEE969468708715,BESS Leuna 4,In Betrieb,Sachsen-Anhalt,/Date(1780531200000)/,Batterie,524,727,50940.0,46332.0,101592.0,SSE925501148405
SEE993590107580,PSW Glems 1,In Betrieb,Baden-Württemberg,/Date(-163555200000)/,Pumpspeicher,1537,,45000.0,45000.0,593700.0,SSE988454762555
SEE987119743892,PSW Glems 2,In Betrieb,Baden-Württemberg,/Date(-163555200000)/,Pumpspeicher,1537,,45000.0,45000.0,593700.0,SSE988454762555
SEE905843309764,Batteriespeicher Emsland,In Betrieb,Niedersachsen,/Date(1670976000000)/,Batterie,524,727,45000.0,45000.0,45000.0,SSE975030047267
SEE923938493709,enercity BESS Lehrte-Ahlten 1,In Planung,Niedersachsen,,Batterie,524,727,44792.0,44792.0,81100.0,SSE997443308261
SEE913072031325,Beilrode - BESS - CoLocation 2,In Betrieb,Sachsen,/Date(1780272000000)/,Batterie,524,727,44720.0,44720.0,89440.0,SSE951341181449
SEE913198518410,KW Waldshut MS B5,In Betrieb,Baden-Württemberg,/Date(-539308800000)/,Pumpspeicher,1537,,44000.0,44000.0,45414500.0,SSE975981883129
SEE973234062512,KW Waldshut MS A5,In Betrieb,Baden-Württemberg,/Date(-590803200000)/,Pumpspeicher,1537,,44000.0,44000.0,45414500.0,SSE915227643667
SEE908495409905,KW Waldshut MS B6,In Betrieb,Baden-Württemberg,/Date(-537667200000)/,Pumpspeicher,1537,,44000.0,44000.0,45414500.0,SSE975981883129
SEE957253837467,KW Waldshut MS A6,In Betrieb,Baden-Württemberg,/Date(-546825600000)/,Pumpspeicher,1537,,44000.0,44000.0,45414500.0,SSE915227643667
SEE917504583406,Batterie Coschütz,In Planung,Sachsen,,Batterie,524,727,41400.0,41400.0,82800.0,SSE977526197661
SEE968876748832,BESS Manheimer Bucht 1,In Planung,Nordrhein-Westfalen,,Batterie,524,727,40000.0,40000.0,84800.0,SSE960596133769
SEE976266175403,Happurg F3,In Betrieb,Bayern,/Date(-378691200000)/,Pumpspeicher,1537,,40000.0,40000.0,850000.0,SSE900014446378
SEE919076066929,Happurg F1,In Betrieb,Bayern,/Date(-378691200000)/,Pumpspeicher,1537,,40000.0,40000.0,850000.0,SSE900014446378
SEE918067363207,Happurg F4,In Betrieb,Bayern,/Date(-378691200000)/,Pumpspeicher,1537,,40000.0,40000.0,850000.0,SSE900014446378
SEE987452387340,Happurg F2,In Betrieb,Bayern,/Date(-378691200000)/,Pumpspeicher,1537,,40000.0,40000.0,850000.0,SSE900014446378
SEE927738616955,PSW Bleiloch PSS A,In Betrieb,Thüringen,/Date(-1170201600000)/,Pumpspeicher,1537,,40000.0,39900.0,8682000.0,SSE950650870273
SEE970535357835,PSW Wendefurth PSS B,In Betrieb,Sachsen-Anhalt,/Date(-55468800000)/,Pumpspeicher,1537,,40000.0,39900.0,531000.0,SSE954969355698
SEE933303289677,PSW Wendefurth PSS A,In Betrieb,Sachsen-Anhalt,/Date(-66873600000)/,Pumpspeicher,1537,,40000.0,39900.0,531000.0,SSE954969355698
SEE992590425045,PSW Bleiloch PSS B,In Betrieb,Thüringen,/Date(-1170201600000)/,Pumpspeicher,1537,,40000.0,39900.0,8682000.0,SSE950650870273
SEE992738364885,PSW Hohenwarte 2 PSS F,In Betrieb,Thüringen,/Date(-97977600000)/,Pumpspeicher,1537,,40000.0,39700.0,2308000.0,SSE994793795178
SEE934309192626,PSW Geesthacht PSS A,In Betrieb,Schleswig-Holstein,/Date(-354326400000)/,Pumpspeicher,1537,,40000.0,39700.0,534000.0,SSE993467687436
SEE966988528885,PSW Geesthacht PSS C,In Betrieb,Schleswig-Holstein,/Date(-374889600000)/,Pumpspeicher,1537,,40000.0,39700.0,534000.0,SSE993467687436
SEE961899492454,PSW Hohenwarte 2 PSS D,In Betrieb,Thüringen,/Date(-102816000000)/,Pumpspeicher,1537,,40000.0,39700.0,2308000.0,SSE994793795178
SEE923480872250,PSW Geesthacht PSS B,In Betrieb,Schleswig-Holstein,/Date(-362188800000)/,Pumpspeicher,1537,,40000.0,39700.0,534000.0,SSE993467687436
SEE968091522767,PSW Hohenwarte 2 PSS A,In Betrieb,Thüringen,/Date(-139968000000)/,Pumpspeicher,1537,,40000.0,39700.0,2308000.0,SSE994793795178
SEE933745405604,PSW Hohenwarte 2 PSS E,In Betrieb,Thüringen,/Date(-127526400000)/,Pumpspeicher,1537,,40000.0,39700.0,2308000.0,SSE994793795178
SEE987143958569,PSW Hohenwarte 2 PSS G,In Betrieb,Thüringen,/Date(-118281600000)/,Pumpspeicher,1537,,40000.0,39700.0,2308000.0,SSE994793795178
SEE900610669775,PSW Hohenwarte 2 PSS H,In Betrieb,Thüringen,/Date(-110678400000)/,Pumpspeicher,1537,,40000.0,39700.0,2308000.0,SSE994793795178
SEE918037222657,PSW Hohenwarte 2 PSS C,In Betrieb,Thüringen,/Date(-128563200000)/,Pumpspeicher,1537,,40000.0,39700.0,2308000.0,SSE994793795178
SEE902382668932,PSW Hohenwarte 2 PSS B,In Betrieb,Thüringen,/Date(-138326400000)/,Pumpspeicher,1537,,40000.0,39700.0,2308000.0,SSE994793795178
SEE999375739335,BESS Kölsa Batteriespeicher,In Planung,Brandenburg,,Batterie,524,727,39510.0,39510.0,81162.0,SSE912821296145
SEE931704712701,BESS Balzhausen 2 green flexibility,In Betrieb,Bayern,/Date(1777248000000)/,Batterie,524,727,38300.0,38300.0,83400.0,SSE987799966307
SEE930343596277,BESS Schlön,In Planung,Mecklenburg-Vorpommern,,Batterie,524,727,36000.0,36000.0,144000.0,SSE914218574232
SEE943568591200,Bringhausen M4 F1,In Betrieb,Hessen,/Date(126230400000)/,Pumpspeicher,1537,,35000.0,35000.0,550000.0,SSE994099461203
SEE977346043964,Bringhausen M3 F1,In Betrieb,Hessen,/Date(-1230768000000)/,Pumpspeicher,1537,,35000.0,35000.0,550000.0,SSE994099461203
SEE925690509520,Pfreimd R3,In Betrieb,Bayern,/Date(-283996800000)/,Pumpspeicher,1537,,33000.0,33000.0,604000.0,SSE960345629581
SEE972377801989,Pfreimd R2,In Betrieb,Bayern,/Date(-473385600000)/,Pumpspeicher,1537,,33000.0,33000.0,604000.0,SSE960345629581
SEE991322361361,Pfreimd R1,In Betrieb,Bayern,/Date(-473385600000)/,Pumpspeicher,1537,,33000.0,33000.0,604000.0,SSE960345629581
SEE908939522733,BESS Bergholz,In Planung,Mecklenburg-Vorpommern,,Batterie,524,727,32400.0,32400.0,129600.0,SSE901856443716
SEE975222107571,BESS Kahsel,In Betrieb,Brandenburg,/Date(1785110400000)/,Batterie,524,727,32200.0,32200.0,70210.0,SSE959708972198
SEE935898651709,Großbatteriespeicher,In Planung,Bayern,,Batterie,524,727,30240.0,30240.0,60180.0,SSE996774597856
SEE920833139893,Neoen Batteriespeicher Arneburg,In Planung,Sachsen-Anhalt,,Batterie,524,727,30000.0,30000.0,78000.0,SSE911017058925
SEE954066913074,Batteriespeicher-Park Worms,In Betrieb,Rheinland-Pfalz,/Date(1769644800000)/,Batterie,524,727,30000.0,30000.0,62688.0,SSE928892959858
SEE926786756569,KW Häusern MS B1,In Betrieb,Baden-Württemberg,/Date(-1216684800000)/,Pumpspeicher,1537,,30000.0,30000.0,45414500.0,SSE975981883129
SEE940779412058,KW Häusern MS A1,In Betrieb,Baden-Württemberg,/Date(-1216252800000)/,Pumpspeicher,1537,,30000.0,30000.0,45414500.0,SSE915227643667
SEE990811648037,KW Häusern MS B2,In Betrieb,Baden-Württemberg,/Date(-1196640000000)/,Pumpspeicher,1537,,30000.0,30000.0,45414500.0,SSE975981883129
SEE903926257506,KW Häusern MS A2,In Betrieb,Baden-Württemberg,/Date(-1202428800000)/,Pumpspeicher,1537,,30000.0,30000.0,45414500.0,SSE915227643667
SEE994506958166,PSW Hohenwarte 1 PSS B,Endgültig stillgelegt,Thüringen,/Date(-327283200000)/,Pumpspeicher,1537,,30000.0,29900.0,14645000.0,SSE997955783037
SEE933174373390,PSW Hohenwarte 1 PSS A,Endgültig stillgelegt,Thüringen,/Date(-343612800000)/,Pumpspeicher,1537,,30000.0,29900.0,14645000.0,SSE997955783037
SEE909599581535,Pfreimd T1,In Betrieb,Bayern,/Date(-347155200000)/,Pumpspeicher,1537,,29000.0,29000.0,604000.0,SSE960345629581
SEE983429560709,BESS Neubrandenburg,In Planung,Mecklenburg-Vorpommern,,Batterie,524,727,26340.0,26340.0,52800.0,SSE989042428105
SEE920510769771,BESS Sandhagen,In Planung,Mecklenburg-Vorpommern,,Batterie,524,727,25200.0,25200.0,50150.0,SSE901578558910
SEE958262376688,Großbatteriespeicher Irsingen,In Planung,Bayern,,Batterie,524,727,25200.0,25200.0,50150.0,SSE960389743229
SEE906749239827,Stromspeicher Jesow,In Planung,Mecklenburg-Vorpommern,,Batterie,524,727,25000.0,25000.0,60000.0,SSE955041006989
SEE932517266092,BESS_Werle,In Planung,Mecklenburg-Vorpommern,,Batterie,524,727,25000.0,25000.0,50000.0,SSE978515301946
SEE905820921729,Batteriespeicher JT Energy Systems GmbH,In Betrieb,Sachsen,/Date(1661990400000)/,Batterie,524,727,25000.0,25000.0,23000.0,SSE919503543801
SEE969402572525,BESS_Klevenow,In Planung,Mecklenburg-Vorpommern,,Batterie,524,727,25000.0,25000.0,50000.0,SSE909430049446
SEE927922085253,BESS-Einbeck,In Betrieb,Niedersachsen,/Date(1767830400000)/,Batterie,524,727,24500.0,24500.0,64000.0,SSE919368943365
SEE943600523558,BES NM,In Betrieb,Schleswig-Holstein,/Date(1705968000000)/,Batterie,524,727,24500.0,24500.0,23830.0,SSE986835588732
SEE966769248636,Batteriespeicher Photovoltaik LAKO Angern,In Planung,Sachsen-Anhalt,,Batterie,524,727,24000.0,24000.0,48000.0,SSE930950834656
SEE909212211870,SMAREG6 Gunzenhausen,In Betrieb,Bayern,/Date(1706572800000)/,Batterie,524,727,24000.0,24000.0,24000.0,SSE989607648269
SEE908517074623,Kyon-26 Battery Storage,In Planung,Sachsen-Anhalt,,Batterie,524,727,23700.0,23700.0,47100.0,SSE996361644314
SEE935322911287,TEP Vesta GmbH ＆ Co KG (Speicher),In Planung,Mecklenburg-Vorpommern,,Batterie,524,727,22563.0,22563.0,42360.0,SSE969199190452
SEE937755233493,BESS Löwenberger Land II,In Betrieb,Brandenburg,/Date(1783209600000)/,Batterie,524,727,22500.0,22500.0,45000.0,SSE983134959706
SEE966514154441,Batteriespeicher,In Planung,Niedersachsen,,Batterie,524,727,22396.0,22396.0,40000.0,SSE932466207689
SEE953508633730,SWM Leitzach 2 M21,In Betrieb,Bayern,/Date(443059200000)/,Pumpspeicher,1537,,22000.0,22000.0,620000.0,SSE986224059607
SEE932484697615,SWM Leitzach 2 M22,In Betrieb,Bayern,/Date(-286675200000)/,Pumpspeicher,1537,,22000.0,22000.0,620000.0,SSE986224059607
SEE930267705700,WKW Rudolf-Fettweis-Werk PSW Schwarzenbach M6,In Betrieb,Baden-Württemberg,/Date(-1388534400000)/,Pumpspeicher,1537,,21700.0,21500.0,10500000.0,SSE929991207284
SEE956596589897,Speicher Karstädt,In Betrieb,Brandenburg,/Date(1740700800000)/,Batterie,524,727,20700.0,20700.0,35000.0,SSE952271399782
SEE995000682977,Batterie Diespeck,In Betrieb,Bayern,/Date(1662595200000)/,Batterie,524,727,20700.0,20700.0,20700.0,SSE976359478473
SEE934353123843,Batterie Iphofen,In Betrieb,Bayern,/Date(1666051200000)/,Batterie,524,727,20700.0,20700.0,20100.0,SSE993502752778
SEE901523079712,SMAREG8 Calbe,In Betrieb,Sachsen-Anhalt,/Date(1721001600000)/,Batterie,524,727,20500.0,20500.0,22350.0,SSE906884725179
SEE906033730153,Gumtow_SO3/4 Speicher,In Betrieb,Brandenburg,/Date(1787011200000)/,Batterie,524,727,20448.0,20448.0,39034.0,SSE956567399913
SEE950318426620,Gumtow_SO2 Speicher,In Betrieb,Brandenburg,/Date(1786924800000)/,Batterie,524,727,20448.0,20448.0,40120.0,SSE913805594363
SEE958354990617,BES ELS,In Betrieb,Sachsen-Anhalt,/Date(1704067200000)/,Batterie,524,728,20295.0,20295.0,31680.0,SSE994573183249
SEE999239610039,trlyr 8,In Betrieb,Niedersachsen,/Date(1779062400000)/,Batterie,524,727,20190.0,20190.0,40610.0,SSE962988554367
SEE961106724866,ASE Elsterheide BESS,In Planung,Sachsen,,Batterie,524,727,20160.0,20160.0,80240.0,SSE968330348561
SEE941340244788,Großbatteriespeicher Irsingen,In Planung,Bayern,,Batterie,524,727,20160.0,20160.0,40120.0,SSE940224614051
SEE962311804787,Großbatteriespeicher Schwenningen,In Planung,Bayern,,Batterie,524,727,20160.0,20160.0,40120.0,SSE942652826181
SEE995961117358,Stätzling BESS,In Planung,Bayern,,Batterie,524,,20124.0,20124.0,80496.0,SSE976825007107
SEE972880386287,Speicher 3,In Betrieb,Schleswig-Holstein,/Date(1765843200000)/,Batterie,524,727,20000.0,20000.0,40000.0,SSE907618799916
SEE913795928759,SMAREG9 Freiberg,In Betrieb,Sachsen,/Date(1707696000000)/,Batterie,524,727,20000.0,20000.0,20260.0,SSE912485425028
SEE976804994770,20 MW Batteriespeicher,In Planung,Sachsen-Anhalt,,Batterie,524,727,20000.0,20000.0,20000.0,SSE944226710360
SEE974972238993,Batteriespeicher Knetzgau,In Planung,Bayern,,Batterie,524,727,20000.0,20000.0,45860.0,SSE906812302861
SEE945365634999,Tibo Photovoltaik Gottesgabe 3 - Speicher,In Planung,Brandenburg,,Batterie,524,732,25000.0,20000.0,20000.0,SSE935642318704
SEE965880473101,BESS Winterschneidbach,In Planung,Bayern,,Batterie,524,732,20000.0,20000.0,100300.0,SSE935328037431
SEE955042192971,PowerCenter Salzgitter 1,In Planung,Niedersachsen,,Batterie,524,727,20000.0,20000.0,40000.0,SSE923229693269
SEE926245506438,SEE_2025_4642_Föhren_BESS,In Betrieb,Rheinland-Pfalz,/Date(1766016000000)/,Batterie,524,727,20000.0,20000.0,55165.0,SSE997517372877
SEE975589067112,Kyon-100 Battery Storage,In Planung,Schleswig-Holstein,,Batterie,524,727,20000.0,20000.0,46200.0,SSE940842521717
SEE998104599486,Batteriespeicher Holzkirchen,In Planung,Bayern,,Batterie,524,727,20000.0,20000.0,45000.0,SSE934454280148
SEE973768834586,PSW Niederwartha PSS D,Endgültig stillgelegt,Sachsen,/Date(-372297600000)/,Pumpspeicher,1537,,20000.0,19900.0,591000.0,SSE925858442348
SEE972367491114,PSW Niederwartha PSS C,Endgültig stillgelegt,Sachsen,/Date(-374198400000)/,Pumpspeicher,1537,,20000.0,19900.0,591000.0,SSE925858442348
SEE940678297886,Kyon-41 Battery Storage,In Betrieb,Rheinland-Pfalz,/Date(1776988800000)/,Batterie,524,727,19800.0,19800.0,41000.0,SSE995318973811
SEE974247615207,PV-Batteriespeicher Overath 1,In Planung,Nordrhein-Westfalen,,Batterie,524,727,20000.0,19800.0,40120.0,SSE909998398345
SEE967076530902,SMAREG12 Vöhringen I,In Betrieb,Bayern,/Date(1756425600000)/,Batterie,524,727,19600.0,19600.0,41649.0,SSE930545054865
SEE913676481137,TEP Flora GmbH ＆ Co KG (Speicher),In Planung,Brandenburg,,Batterie,524,727,18400.0,18400.0,37000.0,SSE923969676768
SEE983264343635,Schaper Grid Energy Storage Herford,In Betrieb,Nordrhein-Westfalen,/Date(1670976000000)/,Batterie,524,727,18100.0,18000.0,41600.0,SSE934673235967
SEE913862454280,Hybridregelkraftwerk,In Betrieb,Bremen,/Date(1552262400000)/,Batterie,524,727,18000.0,18000.0,14200.0,SSE910097353135
SEE995184714136,Solar Zerbst Batterie,In Betrieb,Sachsen-Anhalt,/Date(1760054400000)/,Batterie,524,727,17560.0,17560.0,57500.0,SSE909034584664
SEE970332184511,BESS Grevesmühlen,In Betrieb,Mecklenburg-Vorpommern,/Date(1785542400000)/,Batterie,524,727,17280.0,17280.0,43973.0,SSE944774455669
SEE900288873931,BESS Tirpersdorf,In Planung,Sachsen,,Batterie,524,727,17250.0,17250.0,50150.0,SSE927714961024
SEE976352702957,trlyr 9,In Betrieb,Niedersachsen,/Date(1773273600000)/,Batterie,524,727,17250.0,17250.0,38225.0,SSE915691830556
SEE966091400436,Q_ESS_Elverlingsen,In Betrieb,Nordrhein-Westfalen,/Date(1498867200000)/,Batterie,524,727,17080.0,17080.0,18149.0,SSE987360535918
SEE945378101358,VPI Bad Wildungen BESS,In Planung,Hessen,,Batterie,524,727,17000.0,17000.0,40000.0,SSE954771795002
SEE976362409624,BES GRO,In Betrieb,Sachsen,/Date(1563408000000)/,Batterie,524,728,17250.0,16425.0,25500.0,SSE988779675417
SEE963081865633,BES BEN,In Betrieb,Sachsen,/Date(1542153600000)/,Batterie,524,728,16425.0,16425.0,25500.0,SSE940380794697
SEE963374030953,Batterie Rechtenbach,In Betrieb,Hessen,/Date(1671580800000)/,Batterie,524,727,16000.0,16000.0,16566.0,SSE912467412916
SEE947399244915,Field Waldkappel,In Betrieb,Hessen,/Date(1764115200000)/,Batterie,524,727,16000.0,16000.0,33400.0,SSE995533411822
SEE923801709234,Batterie Schwabmünchen,In Betrieb,Bayern,/Date(1671667200000)/,Batterie,524,727,16000.0,16000.0,16566.0,SSE955480078998
SEE900291433160,Hybridspeicher AU,In Betrieb,Bayern,/Date(1532995200000)/,Batterie,524,727,16000.0,16000.0,8536.0,SSE991759625937
SEE901268232014,trlyr 4,In Betrieb,Sachsen,/Date(1764720000000)/,Batterie,524,727,15804.0,15804.0,32490.0,SSE989000925035
SEE921068308450,Speicher Tangermünde,In Betrieb,Sachsen-Anhalt,/Date(1731283200000)/,Batterie,524,727,15800.0,15800.0,34450.0,SSE916230550683
SEE953815288937,BESS Immenstadt,In Betrieb,Bayern,/Date(1749081600000)/,Batterie,524,727,15800.0,15800.0,32584.0,SSE913970590269
SEE910324388312,Batteriespeicher Chemnitz GmbH ＆ Co. KG,In Betrieb,Sachsen,/Date(1492992000000)/,Batterie,524,727,15800.0,15800.0,15900.0,SSE985950438502
SEE933996098181,BESS Löwenberger Land I,In Betrieb,Brandenburg,/Date(1783209600000)/,Batterie,524,727,15750.0,15750.0,31500.0,SSE995447721178
SEE975247990820,BESS Wertheim,In Planung,Baden-Württemberg,,Batterie,524,727,15500.0,15500.0,40120.0,SSE973151099486
SEE978423585698,BESS UW Heessen,In Planung,Nordrhein-Westfalen,,Batterie,524,727,15456.0,15456.0,29736.0,SSE988092821706
SEE902226350702,BESS Leer Nord,In Betrieb,Niedersachsen,/Date(1776211200000)/,Batterie,524,727,15360.0,15360.0,31304.0,SSE972978919854
SEE964940893804,GBS KW Walsum,In Betrieb,Nordrhein-Westfalen,/Date(1475193600000)/,Batterie,524,727,15000.0,15000.0,15000.0,SSE958726175123
SEE971138728251,GBS KW Herne,In Betrieb,Nordrhein-Westfalen,/Date(1472342400000)/,Batterie,524,727,15000.0,15000.0,15000.0,SSE956487017720
SEE929118002006,Batteriespeicher Prinzhöfte,In Betrieb,Niedersachsen,/Date(1780531200000)/,Batterie,524,727,15000.0,15000.0,30000.0,SSE966488963551
SEE999749964561,BESS Harzgerode,In Planung,Sachsen-Anhalt,,Batterie,524,727,15000.0,15000.0,50150.0,SSE900870727949
SEE973349507359,trlyr 5,In Betrieb,Niedersachsen,/Date(1773100800000)/,Batterie,524,727,15000.0,15000.0,31560.0,SSE951712683459
SEE914157709399,Batteriespeicher Kunrau – UW Kunrau,In Planung,Sachsen-Anhalt,,Batterie,524,727,15000.0,15000.0,30000.0,SSE949123193339
SEE908096553144,GBS 2 KW Bexbach,In Betrieb,Saarland,/Date(1470614400000)/,Batterie,524,727,15000.0,15000.0,15000.0,SSE915355479251
SEE941708872783,GBS KW Weiher,In Betrieb,Saarland,/Date(1472342400000)/,Batterie,524,727,15000.0,15000.0,15000.0,SSE920756375613
SEE933095868289,Batteriespeicherkraftwerk,In Betrieb,Schleswig-Holstein,/Date(1557705600000)/,Batterie,524,727,15000.0,15000.0,15000.0,SSE926907749890
SEE924359414137,Batteriespeicher Dießen,In Planung,Bayern,,Batterie,524,727,15000.0,15000.0,32000.0,SSE946849873095
SEE966758284447,Terra One Energy Grid 2 GmbH,In Planung,Niedersachsen,,Batterie,524,727,15000.0,15000.0,30000.0,SSE933308083904
SEE990521990150,GBS KW Bexbach,In Betrieb,Saarland,/Date(1474761600000)/,Batterie,524,727,15000.0,15000.0,15000.0,SSE932353107191
SEE947245249934,Batteriespeicher Reisgang,In Betrieb,Bayern,/Date(1769472000000)/,Batterie,524,727,15120.0,15000.0,30000.0,SSE947486567866
SEE958712241351,Batteriespeicher Marktleugast,In Betrieb,Bayern,/Date(1769472000000)/,Batterie,524,727,15120.0,15000.0,30000.0,SSE980815872132
SEE919443669678,GBS KW Fenne,In Betrieb,Saarland,/Date(1475971200000)/,Batterie,524,727,15000.0,15000.0,15000.0,SSE944760568557
SEE916187786777,BESS Bergtheim,In Planung,Bayern,,Batterie,524,727,15000.0,15000.0,30000.0,SSE945694447970
SEE920046158025,GS Solargarten,In Betrieb,Hessen,/Date(1765756800000)/,Batterie,524,732,14200.0,14200.0,27648.0,SSE975485095998
SEE953605889740,Batteriespeicher Herrenhausen,In Betrieb,Niedersachsen,/Date(1498608000000)/,Batterie,524,727,14000.0,14000.0,17500.0,SSE902773077886
SEE961989517128,Bad Düben Battery Storage,In Betrieb,Sachsen,/Date(1665964800000)/,Batterie,524,727,13883.0,13883.0,16028.0,SSE966531784430
SEE932907515472,Elsteraue Battery Storage,In Betrieb,Sachsen-Anhalt,/Date(1668729600000)/,Batterie,524,727,13800.0,13800.0,13800.0,SSE913613213043
SEE967700439199,BESS Quedlinburg,In Betrieb,Sachsen-Anhalt,/Date(1766102400000)/,Batterie,524,727,13800.0,13800.0,29760.0,SSE993551272579
SEE902932530221,Second Foundation BESS Oberröblingen,In Betrieb,Sachsen-Anhalt,/Date(1753747200000)/,Batterie,524,727,13800.0,13800.0,29820.0,SSE903339172984
SEE989462539771,BESS Groß Laasch,In Betrieb,Mecklenburg-Vorpommern,/Date(1777248000000)/,Batterie,524,727,13416.0,13416.0,26832.0,SSE955055871337
SEE910033689748,Stromspeicher – Bad Orb,In Betrieb,Hessen,/Date(1783641600000)/,Batterie,524,727,13416.0,13416.0,26832.0,SSE940436557245
SEE975689801395,BESS Brietlingen,In Planung,Niedersachsen,,Batterie,524,727,13272.0,13272.0,26544.0,SSE955193344939
SEE921637592464,trlyr 31,In Betrieb,Niedersachsen,/Date(1784073600000)/,Batterie,524,727,13170.0,13170.0,28380.0,SSE932534118145
SEE964935494047,Batteriespeicher Würges,In Planung,Hessen,,Batterie,524,727,13000.0,13000.0,20000.0,SSE996040241940
SEE913720929677,Gumtow_SO1 Speicher,In Betrieb,Brandenburg,/Date(1786492800000)/,Batterie,524,727,12780.0,12780.0,25075.0,SSE915541531398
SEE943817698612,Gumtow_SO4 Speicher,In Betrieb,Brandenburg,/Date(1786492800000)/,Batterie,524,727,12780.0,12780.0,25075.0,SSE976789473147
SEE971669294270,Hesweiler 1.1 Speicher,In Betrieb,Rheinland-Pfalz,/Date(1784678400000)/,Batterie,524,727,12780.0,12780.0,22360.0,SSE941439993948
SEE984190254156,Zell 1.1 Speicher,In Betrieb,Rheinland-Pfalz,/Date(1781654400000)/,Batterie,524,727,12780.0,12780.0,22360.0,SSE981559706868
SEE991039363757,Gersthofen BS1,In Betrieb,Bayern,/Date(1748822400000)/,Batterie,524,727,12520.0,12520.0,12140.0,SSE973090689571
SEE940316838242,Batteriespeicher,In Betrieb,Bayern,/Date(1553040000000)/,Batterie,524,727,12500.0,12500.0,10690.0,SSE978006940074
SEE912233494436,Speicher Roitzsch,In Planung,Sachsen-Anhalt,,Batterie,524,727,12500.0,12500.0,25000.0,SSE965077138295
SEE907315793415,Kyon-50 Battery Storage,In Planung,Nordrhein-Westfalen,,Batterie,524,727,12420.0,12420.0,29300.0,SSE970629739257
SEE983207682227,Speicher-Leimersdorf,In Planung,Rheinland-Pfalz,,Batterie,524,727,12000.0,12000.0,28800.0,SSE958226829144
SEE984446277410,Büttel Speicher,In Betrieb,Schleswig-Holstein,/Date(1674086400000)/,Batterie,524,727,12000.0,12000.0,6500.0,SSE920345289949
SEE971400707335,Klaron Neunte Energie (Weißenfels 1),In Planung,Sachsen-Anhalt,,Batterie,524,727,12000.0,12000.0,40000.0,SSE978708992623
SEE943609681808,BES DD,In Betrieb,Sachsen,/Date(1671753600000)/,Batterie,524,728,12000.0,12000.0,11100.0,SSE984331172561
SEE970670374346,BESS Mühlhausen,In Planung,Thüringen,,Batterie,524,727,12000.0,12000.0,36100.0,SSE905250177093
SEE983340579781,SMAREG3 Eisfeld,In Betrieb,Thüringen,/Date(1671408000000)/,Batterie,524,727,12000.0,12000.0,13907.52,SSE917776650844
SEE931225490034,SMAREG7 Monheim,In Betrieb,Bayern,/Date(1725148800000)/,Batterie,524,727,12000.0,12000.0,14100.0,SSE935721834705
SEE962496130121,BEE Merseburg GmbH,In Betrieb,Sachsen-Anhalt,/Date(1755129600000)/,Batterie,524,727,12000.0,12000.0,16256.0,SSE916227921489
SEE931383115176,GES Crailsheim Onolzheim,In Planung,Baden-Württemberg,,Batterie,524,727,12000.0,12000.0,25074.0,SSE995436296557
SEE985252121928,GEPVOLT 2 BATTERY GmbH,In Planung,Brandenburg,,Batterie,524,727,12000.0,12000.0,48000.0,SSE956898411261
SEE996819917731,Batteriespeicher HKW-West,In Planung,Baden-Württemberg,,Batterie,524,727,12000.0,12000.0,25000.0,SSE930993425729
SEE954482465522,Batterie Hessisch Lichtenau,In Betrieb,Hessen,/Date(1672272000000)/,Batterie,524,727,12000.0,12000.0,12425.0,SSE969572141361
SEE964631292176,BESS Hettstedt,In Planung,Sachsen-Anhalt,,Batterie,524,,12000.0,12000.0,24000.0,SSE968598558214
SEE940012750145,illwerke vkw Rellswerk M1,In Betrieb,,/Date(1498867200000)/,Pumpspeicher,1537,,12000.0,12000.0,157252000.0,SSE907248962766
SEE989457180636,SMAREG5 Hildburghausen,In Betrieb,Thüringen,/Date(1672099200000)/,Batterie,524,727,12000.0,12000.0,13907.52,SSE912388117372
SEE991264623275,Gumtow_SO5 Speicher,In Betrieb,Brandenburg,/Date(1785888000000)/,Batterie,524,727,11928.0,11928.0,22860.0,SSE999887171807
SEE905490507995,Q_ESS_Luenen,In Betrieb,Nordrhein-Westfalen,/Date(1480550400000)/,Batterie,524,727,11920.0,11920.0,9626.0,SSE912044016452
SEE935506652999,Energiewende-Speicher,In Betrieb,Niedersachsen,/Date(1527724800000)/,Batterie,524,730,11900.0,11900.0,26900.0,SSE992131898185
SEE903864901639,"BESS Wehr – 11,5 MW",In Planung,Baden-Württemberg,,Batterie,524,727,11500.0,11500.0,22300.0,SSE971063018403
SEE930842265841,BESS Halle (Saale),In Betrieb,Sachsen-Anhalt,/Date(1761609600000)/,Batterie,524,727,11263.0,11263.0,22811.0,SSE954971037476
SEE989525935199,Regenstauf-Buchenlohe 1 Batterie,In Planung,Bayern,,Batterie,524,,10800.0,10800.0,30096.0,SSE947379485284
SEE926694397113,BESS Diesenbach BF 2,In Planung,Bayern,,Batterie,524,727,10800.0,10800.0,43200.0,SSE979032859545
SEE991479439890,BESS Kirschgartenweg 1,In Planung,Rheinland-Pfalz,,Batterie,524,727,10545.0,10545.0,20407.0,SSE915335541756
SEE913483427694,Speicher Beilrode II - Teilanlage 1,In Betrieb,Sachsen,/Date(1742169600000)/,Batterie,524,727,10400.0,10400.0,26420.94,SSE966438772592
SEE914845982691,BESS Waltershausen,In Betrieb,Thüringen,/Date(1740009600000)/,Batterie,524,727,10350.0,10350.0,22364.0,SSE938675532918
SEE968933985491,Second Foundation BESS Königsee,In Betrieb,Thüringen,/Date(1738886400000)/,Batterie,524,727,10350.0,10350.0,22362.0,SSE953455780624
SEE930847992643,PES Ohrdruf,In Betrieb,Thüringen,/Date(1721952000000)/,Batterie,524,727,10350.0,10350.0,13416.0,SSE992954982764
SEE982806373970,Batterie Eisenach,In Betrieb,Thüringen,/Date(1649376000000)/,Batterie,524,727,10350.0,10350.0,10230.0,SSE916426432625
SEE994239952295,trlyr 3,In Betrieb,Bayern,/Date(1759449600000)/,Batterie,524,727,10350.0,10350.0,22016.0,SSE934078120202
SEE999714255243,Aasbüttel Speicher,In Betrieb,Schleswig-Holstein,/Date(1784073600000)/,Batterie,524,727,10224.0,10224.0,17888.0,SSE934081948725
SEE925893019239,Speicher,In Planung,Bayern,,Batterie,524,727,10224.0,10224.0,20000.0,SSE974684285759
SEE998066521105,24203 SP Passow II Weisin Speicher,In Betrieb,Mecklenburg-Vorpommern,/Date(1778025600000)/,Batterie,524,727,10224.0,10224.0,17888.0,SSE958423932999
SEE941998832306,Großbatteriespeicher Horgau,In Planung,Bayern,,Batterie,524,727,10080.0,10080.0,20060.0,SSE955290655938
SEE964433486438,Großbatteriespeicher Bubesheim,In Planung,Bayern,,Batterie,524,727,10080.0,10080.0,20060.0,SSE930715806898
SEE979588797124,Großbatteriespeicher Untereichen,In Planung,Bayern,,Batterie,524,727,10080.0,10080.0,20060.0,SSE946120217037
SEE949756550103,Großbatteriespeicher Höchstädt,In Planung,Bayern,,Batterie,524,727,10080.0,10080.0,20060.0,SSE910120083787
SEE983528455999,Großbatteriespeicher Heimertingen,In Planung,Bayern,,Batterie,524,727,10080.0,10080.0,20060.0,SSE982350398030
SEE920822203574,Großbatteriespeicher Burgau,In Planung,Bayern,,Batterie,524,727,10080.0,10080.0,20060.0,SSE993671640272
SEE903493941488,Großbatteriespeicher Illertissen,In Planung,Bayern,,Batterie,524,727,10080.0,10080.0,20060.0,SSE903353375798
SEE905120862159,Großbatteriespeicher Lauben,In Planung,Bayern,,Batterie,524,727,10080.0,10080.0,20060.0,SSE962566580559
SEE929971866050,Großbatteriespeicher Illertissen,In Planung,Bayern,,Batterie,524,727,10080.0,10080.0,20060.0,SSE964317102676
SEE972325761129,Großbatteriespeicher Langerringen,In Planung,Bayern,,Batterie,524,727,10080.0,10080.0,20060.0,SSE926257101706
SEE988375252012,Großbatteriespeicher Nersingen,In Planung,Bayern,,Batterie,524,727,10080.0,10080.0,20060.0,SSE926754339855
SEE913755727583,BESS Kriegswiese,In Planung,Bayern,,Batterie,524,727,10030.0,10030.0,20060.0,SSE980271073234
SEE932750106643,BESS Beerendorf,In Planung,Sachsen,,Batterie,524,727,11180.0,10000.0,22360.0,SSE950844272791
SEE997823302629,Batterieanlage Werneuchen,In Planung,Brandenburg,,Batterie,524,727,10000.0,10000.0,20000.0,SSE967446353841
SEE905716958785,trlyr 2,In Betrieb,Bayern,/Date(1733788800000)/,Batterie,524,727,10000.0,10000.0,22360.0,SSE915762060981
SEE983019049706,BESS EnerWise,In Planung,Schleswig-Holstein,,Batterie,524,727,10000.0,10000.0,20000.0,SSE958822436555
SEE904434353421,Batteriespeicher Jagel,In Planung,Schleswig-Holstein,,Batterie,524,727,10080.0,10000.0,20060.0,SSE923932370501
SEE983488937429,BESS - Inno Energiepark Rohrbach,In Planung,Bayern,,Batterie,524,727,10000.0,10000.0,40120.0,SSE984233518726
SEE980318593206,Neoen Batteriespeicher Willstätt,In Planung,Baden-Württemberg,,Batterie,524,727,10000.0,10000.0,37500.0,SSE937434615411
SEE931375347240,SMAREG 1,In Betrieb,Thüringen,/Date(1580947200000)/,Batterie,524,727,10000.0,10000.0,10958.4,SSE937314325966
SEE977720016904,Batterie Breitenworbis,In Betrieb,Thüringen,/Date(1639612800000)/,Batterie,524,727,10000.0,10000.0,10000.0,SSE937542481601
SEE922601229591,"Stromspeicher Lahntal Solarpark ""Sandhute""",In Planung,Hessen,,Batterie,524,727,10000.0,10000.0,25000.0,SSE929730887296
SEE903713713390,KAP Diedorf,In Planung,Thüringen,,Batterie,524,727,10000.0,10000.0,30000.0,SSE909504125502
SEE937857006797,WBS-Tarzow,In Betrieb,Mecklenburg-Vorpommern,/Date(1680739200000)/,Batterie,524,727,10000.0,10000.0,10000.0,SSE909091437262
SEE925194571825,Dittigheim BESS,In Planung,Baden-Württemberg,,Batterie,524,727,10000.0,10000.0,28269.0,SSE904540074388
SEE921529631929,Kettenheim BESS,In Planung,Rheinland-Pfalz,,Batterie,524,727,10000.0,10000.0,28269.0,SSE916717283493
SEE976927444749,RRKW Feldheim,In Betrieb,Brandenburg,/Date(1469491200000)/,Batterie,524,727,10000.0,10000.0,10787.0,SSE948227511988
SEE948553867506,Speicher,In Planung,Sachsen-Anhalt,,Batterie,524,727,10000.0,10000.0,20000.0,SSE992103699741
SEE910428050481,Großbatteriespeicher Nersingen,In Planung,Bayern,,Batterie,524,727,10000.0,10000.0,20000.0,SSE948754174281
SEE968450339340,green flexibility BESS Ennigerloh GmbH,In Betrieb,Nordrhein-Westfalen,/Date(1785024000000)/,Batterie,524,727,13800.0,10000.0,9900.0,SSE961756515210
SEE993302964654,BEE - BESS Stuttgart,In Planung,Baden-Württemberg,,Batterie,524,727,10000.0,10000.0,22570.0,SSE904250889418
SEE997220372683,green flexibility BESS Nr. 123 gmbh,In Planung,Bayern,,Batterie,524,727,9900.0,9900.0,24400.0,SSE900066153675
SEE920118416138,Speicher Steyerberg,In Planung,Niedersachsen,,Batterie,524,727,9900.0,9900.0,19800.0,SSE988686306831
SEE972647392971,Batteriespeicher Marktoberdorf,In Betrieb,Bayern,/Date(1786406400000)/,Batterie,524,727,9900.0,9900.0,24000.0,SSE984969313169
SEE903057960733,BESS Langenamming,In Planung,Bayern,,Batterie,524,727,9864.0,9864.0,25920.0,SSE953201743873
SEE909988646203,SMAREG14 Lößnitz,In Betrieb,Sachsen,/Date(1774483200000)/,Batterie,524,727,9800.0,9800.0,20580.0,SSE933655904082
SEE937931183444,PV Lawitz Batterie,In Planung,Brandenburg,,Batterie,524,727,9800.0,9800.0,24000.0,SSE913431938159
SEE987046348528,Speicher Stuttgart-Münster,In Planung,Baden-Württemberg,,Batterie,524,727,9730.0,9730.0,13410.0,SSE901589415530
SEE906612035617,BESS Herzebrock-Clarholz green flexibility,In Planung,Nordrhein-Westfalen,,Batterie,524,,9642.0,9642.0,144769.0,SSE943629396843
SEE940680212853,Icecreek Energy Alsdorf,In Betrieb,Nordrhein-Westfalen,/Date(1764201600000)/,Batterie,524,727,9600.0,9600.0,20000.0,SSE953001246987
SEE995978876101,sEng1 - BESS Lauterhofen-Engelsberg 1,In Planung,Bayern,,Batterie,524,,9300.0,9300.0,19200.0,SSE928921005747
SEE906665602583,BESS Haßfurt,In Betrieb,Bayern,/Date(1627776000000)/,Batterie,524,727,9240.0,9240.0,10000.0,SSE981052608881
SEE995828749425,Batteriespeicher Am Energiepark,In Betrieb,Bayern,/Date(1556841600000)/,Batterie,524,727,9240.0,9240.0,9000.0,SSE983471016841
SEE990813051415,SP Lauenhagen Speicher,In Planung,Mecklenburg-Vorpommern,,Batterie,524,727,9200.0,9200.0,13417.0,SSE929572194422
SEE956466143402,Meyenburger Energiepark Batteriespeicher,In Planung,Brandenburg,,Batterie,524,727,9200.0,9200.0,20040.0,SSE940746607869
SEE976277141435,SP Rehfeld Speicher,In Planung,Brandenburg,,Batterie,524,727,9200.0,9200.0,8945.0,SSE941165867261
SEE905374741712,SP Görlsdorf Speicher,In Betrieb,Brandenburg,/Date(1787184000000)/,Batterie,524,727,9200.0,9200.0,13417.0,SSE997367871889
SEE910977344703,Batteriespeicher Wiesenstraße,In Planung,Nordrhein-Westfalen,,Batterie,524,727,10000.0,9200.0,20064.0,SSE947022036146
SEE922796742127,SP Elzhausen Speicher,In Planung,Baden-Württemberg,,Batterie,524,727,9200.0,9200.0,13417.0,SSE916904178489
SEE949655786481,BESS Werdau,In Betrieb,Sachsen,/Date(1785801600000)/,Batterie,524,727,10100.0,9200.0,20000.0,SSE902025220893
SEE908200741672,BES LRB 2,In Betrieb,Sachsen,/Date(1529884800000)/,Batterie,524,728,9125.0,9125.0,14166.0,SSE990873932983
SEE974949152857,Batteriespeicher,In Betrieb,Rheinland-Pfalz,/Date(1537315200000)/,Batterie,524,727,9000.0,9000.0,6500.0,SSE919294581464
SEE993343765999,Köpfelholz - BESS,In Betrieb,Bayern,/Date(1772323200000)/,Batterie,524,727,8944.0,8944.0,17888.0,SSE947512754741
SEE921869198069,Stromspeicher 2 - Bad Orb,In Betrieb,Hessen,/Date(1783641600000)/,Batterie,524,727,8944.0,8944.0,17888.0,SSE986146801193
SEE910345719737,Wunsiedel Holenbrunn Ost PV-Park,In Betrieb,Bayern,/Date(1764720000000)/,Batterie,524,727,8900.0,8900.0,17880.0,SSE913342768227
SEE912580321386,Pfaffenklinge Speicher,In Betrieb,Baden-Württemberg,/Date(1786406400000)/,Batterie,524,727,10009.0,8840.0,20063.84,SSE994274817443
SEE977449488969,Augsutusburg 1 Speicher,In Betrieb,Sachsen,/Date(1763424000000)/,Batterie,524,727,8780.0,8780.0,40000.0,SSE921794949279
SEE996279626716,Stromspeicher,In Planung,Rheinland-Pfalz,,Batterie,524,727,8740.0,8740.0,20060.0,SSE965184964480
SEE959090349080,Speicher Umspannwerk,In Betrieb,Bayern,/Date(1750032000000)/,Batterie,524,727,8575.0,8575.0,20365.0,SSE963813711467
SEE932752516075,Zwickau 2 Speicher,In Betrieb,Sachsen,/Date(1751414400000)/,Batterie,524,727,8519.68,8519.68,7454.72,SSE978829315790
SEE983807618602,Batteriespeicher,In Planung,Niedersachsen,,Batterie,524,727,8400.0,8400.0,20000.0,SSE994883523261
SEE943622225836,Kyon-29 Battery Storage,In Betrieb,Nordrhein-Westfalen,/Date(1765411200000)/,Batterie,524,727,8280.0,8280.0,19800.0,SSE907445997257
SEE919978964262,Stromspeicher Batterie Riegel II,In Betrieb,Baden-Württemberg,/Date(1754006400000)/,Batterie,524,727,8096.0,8096.0,14168.0,SSE958103814058
SEE959988726436,BESS Issigau,In Betrieb,Bayern,/Date(1733788800000)/,Batterie,524,727,8000.0,8000.0,25343.6,SSE996048797937
SEE961726224098,Batteriespeicher Schneeberg zur Verbesserung der Versorgungssicherheit,In Planung,Sachsen,,Batterie,524,727,8000.0,8000.0,16000.0,SSE937264337392
SEE914187288024,Batteriespeicher Photovoltaik Tibo Solar Oderland,In Planung,Brandenburg,,Batterie,524,727,8000.0,8000.0,16000.0,SSE912975247833
SEE937262655818,BEES am Wandwasser,In Planung,Bayern,,Batterie,524,727,8000.0,8000.0,20000.0,SSE967358432160
SEE903072597747,trlyr 7,In Betrieb,Sachsen,/Date(1786579200000)/,Batterie,524,727,8000.0,8000.0,17500.0,SSE985764489455
SEE961121249313,MJ6. Untere Hub Speicher,In Planung,Bayern,,Batterie,524,727,7750.0,7750.0,15500.0,SSE913642309595
SEE954986580356,Batteriespeicher TEAtherm,In Planung,Bayern,,Batterie,524,727,7740.0,7740.0,15047.0,SSE990399028245
SEE980878446523,Warringholz Speicher,In Betrieb,Schleswig-Holstein,/Date(1780444800000)/,Batterie,524,727,7668.0,7668.0,13416.0,SSE936094602595
SEE922480517116,Batteriespeicheranlage Poing,In Betrieb,Bayern,/Date(1671494400000)/,Batterie,524,727,7560.0,7560.0,7360.0,SSE999652720803
SEE949834584921,Batteriespeicher UW Meitingen,In Betrieb,Bayern,/Date(1669680000000)/,Batterie,524,727,7560.0,7560.0,6624.0,SSE901076052019
SEE987287625068,BESS zur PV-FFA Gardelegen Flugplatz,In Planung,Sachsen-Anhalt,,Batterie,524,727,7500.0,7500.0,15000.0,SSE932637051615
SEE902743582273,Batteriespeicher Gersthofen 2,In Planung,Bayern,,Batterie,524,727,7500.0,7500.0,15000.0,SSE992381316484
SEE996056393350,BESS Bokensdorf,In Planung,Niedersachsen,,Batterie,524,727,7500.0,7500.0,30000.0,SSE943094272543
SEE997127601664,Spoitgendorf I Speicher,In Planung,Mecklenburg-Vorpommern,,Batterie,524,727,7500.0,7500.0,15000.0,SSE908978140608
SEE904769505083,Groß-Batteriespeicher Schwerin-Lankow Erweiterung,In Betrieb,Mecklenburg-Vorpommern,/Date(1499990400000)/,Batterie,524,727,8000.0,7500.0,13150.0,SSE922195305060
SEE998402334093,Batterie HKW Bi Hybrid,In Betrieb,Nordrhein-Westfalen,/Date(1594080000000)/,Batterie,524,727,7500.0,7500.0,7500.0,SSE932650398230
SEE967978039572,"Batteriespeicher ,Liekfor 1-3",In Planung,Nordrhein-Westfalen,,Batterie,524,727,7500.0,7500.0,15045.0,SSE931609011152
SEE941446327163,Speicher Arndorf,In Planung,Bayern,,Batterie,524,,7500.0,7500.0,20000.0,SSE941670434484
SEE995288152438,Batteriespeicher Gersthofen 2,In Planung,Bayern,,Batterie,524,727,7500.0,7500.0,16000.0,SSE965301813103
SEE946228045150,Groß-Batteriespeicher Schwerin-Lankow,In Betrieb,Mecklenburg-Vorpommern,/Date(1410825600000)/,Batterie,524,727,8000.0,7500.0,6850.0,SSE943122834842
SEE997964210746,BESS zur PV-FFA Niedergörsdorf,In Planung,Brandenburg,,Batterie,524,727,7500.0,7500.0,15000.0,SSE993805823427
SEE989415663904,BES LRB,In Betrieb,Sachsen,/Date(1529884800000)/,Batterie,524,728,7300.0,7300.0,11333.0,SSE911959084181
SEE957063025665,Leinau Batteriespeicher,In Betrieb,Bayern,/Date(1612828800000)/,Batterie,524,727,7300.0,7300.0,3594.0,SSE998856944077
SEE971437854798,BESS Regionalwerke 1,In Planung,Bayern,,Batterie,524,727,7274.0,7274.0,15000.0,SSE985163930770
SEE943109815024,Speicher Beilrode I - Teilanlage 1,In Betrieb,Sachsen,/Date(1731628800000)/,Batterie,524,727,9144.0,7200.0,18291.42,SSE912587920940
SEE992078783438,BESS Diesenbach BF 11,In Planung,Bayern,,Batterie,524,727,7200.0,7200.0,28800.0,SSE951463693899
SEE939118109261,BESS Mallersdorf-Pfaffenberg,In Planung,Bayern,,Batterie,524,727,7200.0,7200.0,28800.0,SSE903117201158
SEE971310638231,BESS Diesenbach BF 1,In Planung,Bayern,,Batterie,524,727,7200.0,7200.0,28800.0,SSE950553305520
SEE994614006186,MJ 6. Speicher,In Betrieb,Bayern,/Date(1749081600000)/,Batterie,524,727,7100.0,7100.0,22360.0,SSE996982937833
SEE947673951089,Batteriespeicher Gransee Nord,In Planung,Brandenburg,,Batterie,524,727,7000.0,7000.0,14000.0,SSE977179765910
SEE961037170008,Speicher Laubst AK 1,In Planung,Brandenburg,,Batterie,524,727,7000.0,7000.0,14000.0,SSE992334817136
SEE997375335762,BESS Groß Kummerfeld Süd,In Planung,Schleswig-Holstein,,Batterie,524,727,7000.0,7000.0,14000.0,SSE991237493478
SEE988222104112,Speicher Forsthof,In Betrieb,Bayern,/Date(1698796800000)/,Batterie,524,727,7000.0,7000.0,16588.8,SSE904765305502
SEE918093565491,Speicher GG III (Teil 2),In Betrieb,Mecklenburg-Vorpommern,/Date(1762387200000)/,Batterie,524,727,7000.0,7000.0,14908.0,SSE930258103720
SEE963962333336,Batteriespeicher Tangerhütte,In Planung,Sachsen-Anhalt,,Batterie,524,727,7000.0,7000.0,14000.0,SSE922912723146
SEE955867610100,Batteriespeicher Premnitz,In Betrieb,Brandenburg,/Date(1780876800000)/,Batterie,524,727,7000.0,7000.0,15000.0,SSE916493984287
SEE966539145950,BAT-TF-6021-02,In Planung,Brandenburg,,Batterie,524,727,7000.0,7000.0,15000.0,SSE934187481386
SEE958091177623,Batteriespeicher Klötze Böckwitz,In Planung,Sachsen-Anhalt,,Batterie,524,727,7000.0,7000.0,14000.0,SSE964992125595
SEE983724235456,Speicher Buch,In Betrieb,Bayern,/Date(1693526400000)/,Batterie,524,727,7000.0,7000.0,13777.152,SSE983216502417
SEE914313759794,Batteriespeicher am DHE Dinslaken,In Betrieb,Nordrhein-Westfalen,/Date(1762387200000)/,Batterie,524,727,6960.0,6960.0,7444.0,SSE920444068476
SEE961244310587,Ehndorf 1.1 Speicher,In Betrieb,Schleswig-Holstein,/Date(1722384000000)/,Batterie,524,727,6900.0,6900.0,17891.328,SSE985959755198
SEE978504833045,Solarpark Breddin I BESS,In Planung,Brandenburg,,Batterie,524,727,6900.0,6900.0,18970.0,SSE959776844175
SEE904906740858,trlyr 1,In Betrieb,Brandenburg,/Date(1669593600000)/,Batterie,524,727,6900.0,6900.0,7592.0,SSE926082405956
SEE905808012746,Batteriepark Nägeleried,In Betrieb,Bayern,/Date(1783641600000)/,Batterie,524,727,6900.0,6900.0,13100.0,SSE993766029913
SEE991992786020,BESS Völklingen,In Planung,Saarland,,Batterie,524,727,6900.0,6900.0,28140.0,SSE983174620727
SEE978807761250,Icecreek Energy Vordorf,In Planung,Niedersachsen,,Batterie,524,727,6900.0,6900.0,15300.0,SSE979900284417
SEE906917494423,ECOspeicher Au,In Betrieb,Bayern,/Date(1670889600000)/,Batterie,524,727,6900.0,6900.0,8014.0,SSE959231522426
SEE979885315311,Lemwerder 1 Speicher,In Betrieb,Niedersachsen,/Date(1722902400000)/,Batterie,524,727,6900.0,6900.0,17891.328,SSE910597949210
SEE948856159582,Solarpark Lärz-Rechlin (Speicher),In Betrieb,Mecklenburg-Vorpommern,/Date(1698192000000)/,Batterie,524,727,6860.0,6860.0,7454.0,SSE954237231822
SEE967874076718,Frankfurt Oder Lindower Weg Speicher,In Planung,Brandenburg,,Batterie,524,727,6800.0,6800.0,13600.0,SSE995932047110
SEE999434890212,Brinkum 1 Speicher,In Planung,Niedersachsen,,Batterie,524,727,6800.0,6800.0,13600.0,SSE982414303192
SEE929726183425,Verl Speicher,In Planung,Nordrhein-Westfalen,,Batterie,524,727,6800.0,6800.0,13600.0,SSE945833713799
SEE964247284619,Speicher Gebot InnAus,In Planung,Sachsen-Anhalt,,Batterie,524,727,6800.0,6800.0,13610.0,SSE925318219671
SEE985857643535,Oster-Schnatebüll 2.3 Speicher,In Planung,Schleswig-Holstein,,Batterie,524,727,6800.0,6800.0,13600.0,SSE958669793675
SEE908011590407,Harburg Speicher,In Planung,Bayern,,Batterie,524,727,6800.0,6800.0,13600.0,SSE965455051888
SEE999140753016,BESS Wuppertal Mettmannerstr.,In Betrieb,Nordrhein-Westfalen,/Date(1780012800000)/,Batterie,524,727,6800.0,6800.0,15045.0,SSE904854747909
SEE907289746684,Emkendorf Grotenheid 2 Speicher,In Planung,Schleswig-Holstein,,Batterie,524,727,6800.0,6800.0,13600.0,SSE971109120039
SEE984375957926,Lossewerk,In Betrieb,Hessen,/Date(1750636800000)/,Batterie,524,732,6800.0,6800.0,13827.6,SSE950404227056
SEE984306445164,Speicher Wollomoos,In Planung,Bayern,,Batterie,524,727,6800.0,6800.0,13610.0,SSE961984214336
SEE942088280779,Papendorf Speicher,In Planung,Mecklenburg-Vorpommern,,Batterie,524,727,6800.0,6800.0,13600.0,SSE921665674590
SEE983689545126,Bagenz Speicher,In Planung,Brandenburg,,Batterie,524,727,6800.0,6800.0,13600.0,SSE993467469049
SEE922296644211,Speicher Rieda,In Planung,Sachsen-Anhalt,,Batterie,524,727,6800.0,6800.0,13700.0,SSE963796219240
SEE957904249984,Siedenbollentin 1.4 Speicher,In Planung,Mecklenburg-Vorpommern,,Batterie,524,727,6800.0,6800.0,13600.0,SSE999151465700
SEE973756499988,Ramin 1 Speicher,In Planung,Mecklenburg-Vorpommern,,Batterie,524,727,6800.0,6800.0,24000.0,SSE965259377245
SEE995287264767,Speicher Schildau,In Planung,Sachsen,,Batterie,524,727,6800.0,6800.0,22352.0,SSE928512945506
SEE931269878324,Speicher Lohrmannshof Inn24-1-045,In Planung,Bayern,,Batterie,524,727,6800.0,6800.0,13610.0,SSE961361399403
SEE956781791142,Batteriespeicher 1 Mettingen,In Betrieb,Nordrhein-Westfalen,/Date(1776816000000)/,Batterie,524,727,6757.0,6757.0,15477.0,SSE967838538764
SEE937976380952,Schönwohld - Speicher,In Planung,Schleswig-Holstein,,Batterie,524,727,6840.0,6750.0,15045.0,SSE969057448824
SEE990823623190,EA-1724073 Westerkappeln Velpe,In Planung,Nordrhein-Westfalen,,Batterie,524,732,6708.0,6708.0,13416.0,SSE959611081031
SEE902070793007,Geschendorf Speicher,In Betrieb,Schleswig-Holstein,/Date(1778630400000)/,Batterie,524,727,6708.0,6708.0,13416.0,SSE989610539813
SEE915264990090,Bürger PV Berlichingen Speicher 1,In Planung,Baden-Württemberg,,Batterie,524,727,6700.0,6700.0,20000.0,SSE969453780238
SEE910799319798,Ahausen Speicher,In Planung,Niedersachsen,,Batterie,524,727,6700.0,6700.0,13400.0,SSE992764683134
SEE966259863189,WBS Bakendorf I,In Planung,Mecklenburg-Vorpommern,,Batterie,524,727,6700.0,6700.0,13400.0,SSE981912648910
SEE926013503096,BESS Geisfeld,In Planung,Rheinland-Pfalz,,Batterie,524,727,6700.0,6700.0,17888.0,SSE961384376443
SEE969767803531,Speicher Elsterheide,In Planung,Sachsen,,Batterie,524,727,6700.0,6700.0,8000.0,SSE917323513882
SEE943019351872,WBS Borg I,In Planung,Mecklenburg-Vorpommern,,Batterie,524,727,6700.0,6700.0,13400.0,SSE900222474019
SEE961664690757,Wulkow Speicher,In Planung,Brandenburg,,Batterie,524,727,6700.0,6700.0,13400.0,SSE985176806949
SEE994736612838,Bad Wünnenberg Speicher,In Planung,Nordrhein-Westfalen,,Batterie,524,727,6700.0,6700.0,13400.0,SSE903152177562
SEE967231092726,Speicher Lübbenau AK 1,In Planung,Brandenburg,,Batterie,524,727,6700.0,6700.0,13400.0,SSE942346849502
SEE910627405969,Solarpark Vincenzenbronn Speicher,In Betrieb,Bayern,/Date(1784851200000)/,Batterie,524,727,7668.0,6696.0,13500.0,SSE969091988669
SEE924228596292,Speicher Vohburg-Oberdolling - P22-494,In Planung,Bayern,,Batterie,524,727,6670.0,6670.0,13340.0,SSE946184835550
SEE910346930148,Speicher Krumpa Ost,In Planung,Sachsen-Anhalt,,Batterie,524,727,6670.0,6670.0,16932.0,SSE901099879310
SEE905539686049,Speicher Inchenhofen III - P22-578,In Planung,Bayern,,Batterie,524,727,6670.0,6670.0,13340.0,SSE909708346901
SEE988617841011,Batterie Neuenmarkt,In Planung,Bayern,,Batterie,524,,6670.0,6670.0,16932.0,SSE908440511707
SEE999128430694,Batterie,In Planung,Sachsen,,Batterie,524,,6670.0,6670.0,13340.0,SSE952301379227
SEE942155837196,Batterie Niederlamitz,In Planung,Bayern,,Batterie,524,727,6670.0,6670.0,16932.0,SSE995766580302
SEE912414171583,Speicher Krumpa West,In Planung,Sachsen-Anhalt,,Batterie,524,727,6670.0,6670.0,16932.0,SSE904428504648
SEE954144885392,Speicher Solarpark Zapel,In Planung,Berlin,,Batterie,524,727,6670.0,6670.0,13340.0,SSE972451999779
SEE945798007834,Speicher Eggenreuth,In Betrieb,Bayern,/Date(1777507200000)/,Batterie,524,727,6670.0,6670.0,23212.0,SSE944388946416
SEE917689107459,BESS Merseburg,In Betrieb,Sachsen-Anhalt,/Date(1694736000000)/,Batterie,524,727,6670.0,6670.0,20521.0,SSE972926906332
SEE980603153412,Solarpark Linthe Speicher,In Planung,Brandenburg,,Batterie,524,,6667.0,6667.0,13334.0,SSE978306802874
SEE935078717102,Photovoltaik-Speicher-Kraftwerk Falkenwalde,In Planung,Brandenburg,,Batterie,524,727,6667.0,6667.0,13334.0,SSE948884000603
SEE987573397112,Solarpark Wiedergeltingen Oberes Ried - BESS,In Planung,Bayern,,Batterie,524,727,6667.0,6667.0,20000.0,SSE917952160198
SEE940735610658,Solarpark Ottobeuren Oberhaslach - BESS,In Planung,Bayern,,Batterie,524,,6667.0,6667.0,20000.0,SSE908672066709
SEE987963426217,BESS Ehra-Lessien GC DEV,In Planung,Niedersachsen,,Batterie,524,,6667.0,6667.0,13333.0,SSE902045811194
SEE955850494908,Photovoltaik-Speicher-Kraftwerk Büttelborn,In Planung,Hessen,,Batterie,524,,6667.0,6667.0,13334.0,SSE933391661829
SEE931682035649,Photovoltaik-Speicher-Kraftwerk Löwenberg,In Planung,Brandenburg,,Batterie,524,727,6667.0,6667.0,13334.0,SSE973987599778
SEE939314658563,BESS Dummerstorf Energiewende 2,In Planung,Mecklenburg-Vorpommern,,Batterie,524,,6667.0,6667.0,13334.0,SSE974901934132
SEE917240593240,BESS Dummerstorf Energiewende 3,In Planung,Mecklenburg-Vorpommern,,Batterie,524,,6667.0,6667.0,13334.0,SSE951511819295
SEE991461478654,BESS Niederdorf GC DEV,In Planung,Sachsen,,Batterie,524,,6667.0,6667.0,13333.0,SSE934593164668
SEE920353802208,Herbstadt-Ottelmannshausen BESS,In Planung,Bayern,,Batterie,524,,6625.0,6625.0,13250.0,SSE999998777141
SEE948200596537,Batteriespeicher Tann,In Betrieb,Bayern,/Date(1777248000000)/,Batterie,524,732,6624.0,6624.0,14400.0,SSE945226554435
SEE970308490462,Speicher Lübbenau AK 3,In Planung,Brandenburg,,Batterie,524,727,6600.0,6600.0,13200.0,SSE990257207157
SEE908196244164,Looft 1.3 Speicher,In Planung,Schleswig-Holstein,,Batterie,524,727,6600.0,6600.0,13200.0,SSE992540215306
SEE928023239590,BAT Fürstenfeldbruck,In Planung,Bayern,,Batterie,524,727,8000.0,6600.0,16000.0,SSE905206878920
SEE903321442613,BESS Konradsreuth,In Planung,Bayern,,Batterie,524,727,6580.0,6580.0,13160.0,SSE953556757891
SEE986920461797,BESS Autengrün,In Planung,Bayern,,Batterie,524,727,6580.0,6580.0,13160.0,SSE914540539077
SEE966587082344,Speicher Querenbach,In Planung,Bayern,,Batterie,524,727,6580.0,6580.0,13160.0,SSE911698613758
SEE911454349471,Batteriespeicher Garzweiler,In Betrieb,Nordrhein-Westfalen,/Date(1686614400000)/,Batterie,524,727,6500.0,6500.0,13000.0,SSE984281257615
SEE980161575503,Frankfurt Oder West 2.3 Speicher,In Planung,Brandenburg,,Batterie,524,727,6500.0,6500.0,13000.0,SSE965955892776
SEE984944135533,Bagenz 2.2 Speicher,In Planung,Brandenburg,,Batterie,524,727,6500.0,6500.0,13000.0,SSE976661719745
SEE948993143925,Spoitgendorf II Speicher,In Planung,Mecklenburg-Vorpommern,,Batterie,524,727,6500.0,6500.0,13000.0,SSE994307099150
SEE921668391081,Bereich Nord Speicher,In Planung,Mecklenburg-Vorpommern,,Batterie,524,727,6500.0,6500.0,13000.0,SSE952937240632
SEE968609335797,Batteriespeicher Badem II,In Planung,Rheinland-Pfalz,,Batterie,524,727,6475.0,6475.0,12950.0,SSE944167451551
SEE960663719957,Speicher Dielkirchen - P19-028 - Teil 3,In Planung,Rheinland-Pfalz,,Batterie,524,727,6450.0,6450.0,12900.0,SSE929604597481
SEE980518702026,"Batteriespeicher, Auf dem Hundsrück 6, 36088 Hünfeld",In Betrieb,Hessen,/Date(1732579200000)/,Batterie,524,727,6416.0,6416.0,20520.0,SSE966162371009
SEE939662192023,Windpark Reußenköge Batteriespeicher 1,In Betrieb,Schleswig-Holstein,/Date(1712707200000)/,Batterie,524,727,6400.0,6400.0,8000.0,SSE935386447296
SEE912013538152,Windpark Reußenköge Batteriespeicher 2,In Betrieb,Schleswig-Holstein,/Date(1712707200000)/,Batterie,524,727,6400.0,6400.0,8000.0,SSE956265303328
SEE959998758748,Speicher Solarpark Bad Bentheim,In Planung,Niedersachsen,,Batterie,524,727,8128.0,6400.0,16256.0,SSE967222860778
SEE957078902784,FFPVA Calvörde West InnoVA-Speicher,In Planung,Sachsen-Anhalt,,Batterie,524,727,6372.0,6372.0,20060.0,SSE940976911538
SEE973640560015,Speicher GRAU Gochsheim 2026,In Betrieb,Bayern,/Date(1778630400000)/,Batterie,524,727,6350.0,6350.0,13416.0,SSE966372216459
SEE983075526197,Speicher Gachenbach PR II - P26-076,In Planung,Bayern,,Batterie,524,727,6250.0,6250.0,12500.0,SSE916674745423
SEE911836897996,Batteriespeicher Herdecke,In Betrieb,Nordrhein-Westfalen,/Date(1499299200000)/,Batterie,524,727,6250.0,6250.0,5000.0,SSE982404664302
SEE952536412140,Photovoltaik-Speicher-Kraftwerk Marnitz 3 20MW,In Planung,Mecklenburg-Vorpommern,,Batterie,524,727,6250.0,6250.0,12500.0,SSE908946489227
SEE982744743101,Solarpark Münchham 51 GmbH Speicher,In Betrieb,Bayern,/Date(1785801600000)/,Batterie,524,727,6200.0,6200.0,14880.0,SSE946887103024
SEE913280505540,PVA Lalendorf BESS Grau,In Planung,Mecklenburg-Vorpommern,,Batterie,524,727,6200.0,6200.0,14707.0,SSE957982858122
SEE958414316241,Batteriespeicher,In Betrieb,Bayern,/Date(1708905600000)/,Batterie,524,727,6200.0,6200.0,20435.0,SSE932029965490
SEE939346315557,Speicher Beilrode I - Teilanlage 5,In Betrieb,Sachsen,/Date(1743465600000)/,Batterie,524,727,7112.0,6160.0,14224.0,SSE926944270777
SEE958210318449,BESS FFPVA Bohmterheide,In Planung,Niedersachsen,,Batterie,524,727,8360.0,6120.0,16720.0,SSE979056635545
SEE924750690031,BESS FFPVA Bissendorf-Himbergen,In Planung,Niedersachsen,,Batterie,524,727,8360.0,6120.0,16720.0,SSE939787203260
SEE935147494255,Batteriespeicher Herdecke 2,In Betrieb,Nordrhein-Westfalen,/Date(1639526400000)/,Batterie,524,727,6080.0,6080.0,4560.0,SSE967078786536
SEE912754991247,BESS Roggentin GC Dev,In Planung,Mecklenburg-Vorpommern,,Batterie,524,,6043.0,6043.0,12086.0,SSE944120451437
SEE998969352356,WBS-Pinnow,In Betrieb,Mecklenburg-Vorpommern,/Date(1680739200000)/,Batterie,524,727,6000.0,6000.0,6000.0,SSE925812168055
SEE902677665356,trlyr 10,In Planung,Niedersachsen,,Batterie,524,727,6000.0,6000.0,13790.0,SSE928168307642
SEE982841894621,Trading-BESS Steingaden,In Betrieb,Bayern,/Date(1779321600000)/,Batterie,524,727,6000.0,6000.0,12192.0,SSE989121287357
SEE923303931591,Agri-PV Johanniskirchen Innovationsspeicher,In Planung,Bayern,,Batterie,524,727,6000.0,6000.0,12000.0,SSE934723897244
SEE948527953860,BESS Karlsbrunn,In Planung,Saarland,,Batterie,524,727,6000.0,6000.0,27000.0,SSE934939521001
SEE958767120144,Batteriespeicher Dehnsen - Wohlenbüttel,In Planung,Niedersachsen,,Batterie,524,727,6000.0,6000.0,12000.0,SSE999246790250
SEE970003309878,"Speicher PV-Park 17,8 Mwp",In Planung,Brandenburg,,Batterie,524,732,6000.0,6000.0,10320.0,SSE983112159784
SEE970949767220,Hallen 1-7,In Betrieb,Bayern,/Date(1780272000000)/,Batterie,524,727,6000.0,6000.0,14400.0,SSE913028159608
SEE996804867492,PVA Schömberg BESS,In Planung,Baden-Württemberg,,Batterie,524,727,6000.0,6000.0,18000.0,SSE934098747922
SEE923525733690,Weede Speicher,In Planung,Schleswig-Holstein,,Batterie,524,727,5800.0,5800.0,11600.0,SSE986467747446
SEE959638838588,Batteriespeicher,In Betrieb,Bayern,/Date(1614124800000)/,Batterie,524,727,5800.0,5800.0,2650.0,SSE929237426363
SEE931080105234,PVA Lalendorf BESS InnoAus,In Planung,Mecklenburg-Vorpommern,,Batterie,524,727,5800.0,5800.0,15300.0,SSE930636059434
SEE949344113291,Batteriespeicher Energiezukunft Fuchstal,In Betrieb,Bayern,/Date(1651449600000)/,Batterie,524,727,5800.0,5800.0,3200.0,SSE909862306056
SEE924578989171,Speicher Gebot 4,In Planung,Brandenburg,,Batterie,524,727,5712.0,5712.0,11500.0,SSE989706440290
SEE945321359423,BESS-Brönnhof,In Planung,Bayern,,Batterie,524,,5700.0,5700.0,16000.0,SSE945508778382
SEE903899709163,Speicher Greding VIII - P24-320,In Planung,Bayern,,Batterie,524,727,5650.0,5650.0,11300.0,SSE928606767236
SEE931076843966,Speicher Ottmarsfeld Nord,In Betrieb,Bayern,/Date(1698796800000)/,Batterie,524,727,5600.0,5600.0,12441.6,SSE901133020630
SEE900310540558,Speicher Beilrode I - Teilanlage 6,In Betrieb,Sachsen,/Date(1746057600000)/,Batterie,524,727,7112.0,5600.0,14224.0,SSE919917475545
SEE999051917675,Speicher Jerchel West - Teilanlage 3,In Betrieb,Brandenburg,/Date(1748736000000)/,Batterie,524,727,6160.0,5600.0,14226.66,SSE963318130343
SEE965799757125,Speicher Jerchel West - Teilanlage 2,In Betrieb,Brandenburg,/Date(1748649600000)/,Batterie,524,727,6160.0,5600.0,14226.66,SSE955799733632
SEE916332077347,Batterie Lisberg II,In Planung,Bayern,,Batterie,524,,5500.0,5500.0,11288.0,SSE948728305215
SEE927468255394,BESS Fischbach,In Betrieb,Bayern,/Date(1752796800000)/,Batterie,524,727,5500.0,5500.0,11000.0,SSE918809409798
SEE987431751018,BS Glasewitz,In Planung,Mecklenburg-Vorpommern,,Batterie,524,727,5500.0,5500.0,11000.0,SSE924973190400
SEE995057442869,VENDO SOLAR Park Salzbergen ll Speicher,In Planung,Niedersachsen,,Batterie,524,727,5500.0,5500.0,11000.0,SSE988855296598
SEE948862230381,ISEA - M5BAT,In Betrieb,Nordrhein-Westfalen,/Date(1471392000000)/,Batterie,524,727,5410.0,5410.0,5298.0,SSE953659885552
SEE921509939243,PASM Großspeicher Bamberg I (Intillion),In Betrieb,Bayern,/Date(1722988800000)/,Batterie,524,727,5400.0,5400.0,26832.0,SSE912385681432
SEE920332685334,PASM Großspeicher Hannover I (Intillion),In Betrieb,Niedersachsen,/Date(1756425600000)/,Batterie,524,727,5400.0,5400.0,26832.0,SSE991055062504
SEE965965496773,Speicher Dettelbach - P23-392,In Planung,Bayern,,Batterie,524,727,5400.0,5400.0,10800.0,SSE949302937044
SEE930850021972,PV AH Nord Stromspeicher,In Planung,Nordrhein-Westfalen,,Batterie,524,727,5300.0,5300.0,21200.0,SSE938979436042
SEE944822244566,Batteriespeicher,In Betrieb,Bayern,/Date(1698624000000)/,Batterie,524,727,5300.0,5300.0,15667.0,SSE925529894964
SEE993058679123,Solarkraftwerk Mitterteich Speicher,In Planung,Bayern,,Batterie,524,727,5300.0,5300.0,15045.0,SSE946654484936
SEE981866838481,Batteriespeicher Nauen V,In Planung,Brandenburg,,Batterie,524,727,5250.0,5250.0,10500.0,SSE946367808609
SEE983538133412,Batteriespeicher Kyritz,In Planung,Brandenburg,,Batterie,524,727,5250.0,5250.0,14490.0,SSE978547043845
SEE910282718817,Speicher Gammertingen 04/21,In Betrieb,Baden-Württemberg,/Date(1708387200000)/,Batterie,524,732,5250.0,5250.0,10500.0,SSE983822324496
SEE966505165425,Batteriespeicher Heilbronn,In Betrieb,Baden-Württemberg,/Date(1522540800000)/,Batterie,524,727,5200.0,5200.0,4800.0,SSE939958657007
SEE932302721829,Hohwacht Schmiedendorf 2 Speicher,In Planung,Schleswig-Holstein,,Batterie,524,727,5200.0,5200.0,10400.0,SSE994070545151
SEE923465399536,Wallerfangen Drei Kapuziner 1.2 Speicher,In Planung,Saarland,,Batterie,524,727,5200.0,5200.0,10400.0,SSE985920377558
SEE900793187943,BESS-Anlage Energiepark Egestorf,In Planung,Niedersachsen,,Batterie,524,727,5200.0,5200.0,10855.0,SSE951216495473
SEE932817881759,SP Kottgeisering vier Jauchert Speicher,In Planung,Bayern,,Batterie,524,727,5200.0,5200.0,10400.0,SSE977153006824
SEE942762388616,Bereich Süd Speicher,In Planung,Mecklenburg-Vorpommern,,Batterie,524,727,5200.0,5200.0,10400.0,SSE914900265073
SEE991022436932,PV Speicher,In Planung,Bayern,,Batterie,524,727,5160.0,5160.0,10030.0,SSE984660965889
SEE938069478518,Stromspeicher an PV,In Betrieb,Baden-Württemberg,/Date(1778544000000)/,Batterie,524,727,5160.0,5160.0,10000.0,SSE923860147664
SEE905513563830,BESS Remscheid Luckhausen,In Planung,Nordrhein-Westfalen,,Batterie,524,727,5150.0,5150.0,11608.0,SSE980855189184
SEE938806202598,BESS Haideck,In Planung,Bayern,,Batterie,524,727,5147.0,5147.0,10293.0,SSE915210861283
SEE959451562875,BESS Krostitz,In Planung,Sachsen,,Batterie,524,727,8000.0,5140.0,20060.0,SSE907509875224
SEE930079683821,Gumtow_SO1/2 Speicher,In Betrieb,Brandenburg,/Date(1786665600000)/,Batterie,524,727,5112.0,5112.0,10030.0,SSE971696244064
SEE953871207675,Höllfeld Solarpark Eppishausen Speicher,In Planung,Bayern,,Batterie,524,727,5100.0,5100.0,11520.0,SSE914367181237
SEE980153322382,Photovoltaik-Speicher-Kraftwerk Kempten,In Planung,Bayern,,Batterie,524,727,5100.0,5100.0,10200.0,SSE916073222976
SEE991686074006,BESS Aurich,In Betrieb,Niedersachsen,/Date(1777248000000)/,Batterie,524,727,5040.0,5040.0,10030.0,SSE922375791300
SEE917146636904,Batteriespeicher-Buch,In Betrieb,Bayern,/Date(1784851200000)/,Batterie,524,727,5040.0,5040.0,8910.0,SSE919266529067
SEE936603223174,Batteriespeicher Gusenburg PV2,In Planung,Rheinland-Pfalz,,Batterie,524,727,5040.0,5040.0,10030.0,SSE977941478529
SEE921117326213,Batteriespeicher-Halbe,In Planung,Brandenburg,,Batterie,524,727,5040.0,5040.0,10000.0,SSE946708222934
SEE944148277316,SMP 28 BESS Durach,In Planung,Bayern,,Batterie,524,727,5016.0,5016.0,10032.0,SSE934697526942
SEE916672472888,Speicher,In Planung,Nordrhein-Westfalen,,Batterie,524,727,5016.0,5016.0,10032.0,SSE901609010615
SEE944489514293,BESS Elbenhorst,In Planung,Niedersachsen,,Batterie,524,,5015.0,5015.0,10030.0,SSE941044246729
SEE991026048377,BESS Schneeheide 2,In Planung,Niedersachsen,,Batterie,524,,5015.0,5015.0,10030.0,SSE935590892226
SEE986391975526,BESS Eichberg-Lindenberg,In Planung,Niedersachsen,,Batterie,524,,5015.0,5015.0,10030.0,SSE912704236350
SEE924386471219,BESS Schneeheide,In Planung,Niedersachsen,,Batterie,524,,5015.0,5015.0,10030.0,SSE901410709128
SEE978939069606,PIONEXT Batteriespeicher Solarpark Hütschenhausen,In Planung,Rheinland-Pfalz,,Batterie,524,727,5015.0,5015.0,10030.0,SSE969604656351
SEE965716340416,BESS PV-Hassel II,In Planung,Niedersachsen,,Batterie,524,727,5015.0,5015.0,10030.0,SSE968752039849
SEE941395194939,Grünstromspeicher Ramelsloh,In Planung,Niedersachsen,,Batterie,524,727,5014.0,5014.0,10030.0,SSE987597576722
SEE964198735277,Speicher Polt III 5.000 kW(Teil 1),In Betrieb,Mecklenburg-Vorpommern,/Date(1762387200000)/,Batterie,524,727,5000.0,5000.0,11182.08,SSE955397794820
SEE905317595174,Weißenbrunn-Wildenberg BESS,In Planung,Bayern,,Batterie,524,,5000.0,5000.0,10000.0,SSE922091233719
SEE998246318181,Stromspeicher Seißen,In Planung,Baden-Württemberg,,Batterie,524,727,5000.0,5000.0,15000.0,SSE910992596194
SEE909269394618,Speicher UG Glashütte,In Betrieb,Brandenburg,/Date(1785974400000)/,Batterie,524,727,5000.0,5000.0,20060.0,SSE966071951132
SEE965068336488,Speicher Weil III - P23-508,In Planung,Bayern,,Batterie,524,727,5000.0,5000.0,10160.0,SSE925277355144
SEE945580911486,Speicher Feuchtwangen I + II - P24-164,In Planung,Bayern,,Batterie,524,727,5000.0,5000.0,10000.0,SSE950393154302
SEE972551584578,wpd Batteriespeicher Empfingen A81,In Planung,Baden-Württemberg,,Batterie,524,727,5000.0,5000.0,10000.0,SSE910051100157
SEE909161779919,Grünstrom Lüchow,In Planung,Niedersachsen,,Batterie,524,,5000.0,5000.0,10000.0,SSE932621041219
SEE930257157069,"Speicher Altdorf bei Nürnberg II - P23-349 - BESS 5.000,00 kW Inn23-2/028",In Betrieb,Bayern,/Date(1769990400000)/,Batterie,524,727,5000.0,5000.0,10160.0,SSE985098577699
SEE998886855763,5 MW Batteriespeicher,In Planung,Sachsen-Anhalt,,Batterie,524,727,5000.0,5000.0,5000.0,SSE971881725569
SEE965347778626,Speicher Altenstadt / Limeshain,In Planung,Hessen,,Batterie,524,727,10030.0,5000.0,10030.0,SSE944265067593
SEE933933692007,BE Eitzing Speicher,In Planung,Bayern,,Batterie,524,,5000.0,5000.0,10030.0,SSE995898304869
SEE926108880835,Agri-PV Steinbergacker Speicher,In Planung,Hessen,,Batterie,524,727,5000.0,5000.0,10000.0,SSE903862678380
SEE999645443085,ECO BATTERY Park 7 | Antdorf,In Planung,Bayern,,Batterie,524,727,5000.0,5000.0,10030.0,SSE907692895979
SEE926582077950,Bess Finsterwalde Massen 5MW,In Planung,Brandenburg,,Batterie,524,727,5000.0,5000.0,20000.0,SSE908785473128
SEE959642628977,Schülldorf Speicher,In Planung,Schleswig-Holstein,,Batterie,524,727,5000.0,5000.0,10000.0,SSE923044550990
SEE906006487756,Speicher Dasing II + IV - P24-137/P24-147,In Planung,Bayern,,Batterie,524,727,5000.0,5000.0,10000.0,SSE941283304051
SEE980278967635,Sturmwind 2.1,In Planung,Schleswig-Holstein,,Batterie,524,727,5000.0,5000.0,6800.0,SSE956450961357
SEE945555497007,BESS Solarpark Kropp,In Planung,Schleswig-Holstein,,Batterie,524,727,5000.0,5000.0,10030.0,SSE951771965770
SEE979981057283,Sweny,In Planung,Sachsen,,Batterie,524,,5000.0,5000.0,20000.0,SSE975828243796
SEE924266023187,stationärer Batteriespeicher Porsche Leipzig GmbH BT267,In Betrieb,Sachsen,/Date(1719360000000)/,Batterie,524,727,5000.0,5000.0,10000.0,SSE997644812123
SEE928595720434,PV Epe Batt,In Planung,Nordrhein-Westfalen,,Batterie,524,727,5000.0,5000.0,10000.0,SSE921564276857
SEE997470241692,Batterie Dörverden,In Betrieb,Niedersachsen,/Date(1451606400000)/,Batterie,524,727,5000.0,5000.0,3180.0,SSE997745552423
SEE902511338712,Neuhardenberg,In Betrieb,Brandenburg,/Date(1438387200000)/,Batterie,524,727,5000.0,5000.0,5000.0,SSE905233371777
SEE947506517000,BESS Gelsenkirchen,In Planung,Nordrhein-Westfalen,,Batterie,524,727,5000.0,5000.0,10000.0,SSE986210779137
SEE939939070528,Speichersystem: Hybrid-Wechselrichter,In Betrieb,Nordrhein-Westfalen,/Date(1733097600000)/,Batterie,524,727,5000.0,5000.0,4000.0,SSE994001314139
SEE949911940770,Ebersdorf b. Coburg-Kleingarnstadt BESS,In Planung,Bayern,,Batterie,524,,5000.0,5000.0,10000.0,SSE976860229212
SEE998407246025,Batteriespeicher-Park Münster,In Planung,Nordrhein-Westfalen,,Batterie,524,727,5000.0,5000.0,9556.0,SSE983435887975
SEE912471870009,Speicher Schrobenhausen IX - P22-591 - Teil 1,In Planung,Bayern,,Batterie,524,727,5000.0,5000.0,10160.0,SSE997950009125
SEE910553305739,"Batteriespeicher, Liekfor 4 - 5",In Planung,Nordrhein-Westfalen,,Batterie,524,727,5000.0,5000.0,10030.0,SSE989509690878
SEE949782776300,Speicher Seubersdorf V - P23-554,In Planung,Bayern,,Batterie,524,727,5000.0,5000.0,10000.0,SSE911291014020
SEE979476263335,BESS Wadg,In Planung,Saarland,,Batterie,524,727,5000.0,5000.0,10000.0,SSE960746898562
SEE952092447563,BESS_Gransee_klein,In Planung,Brandenburg,,Batterie,524,727,5000.0,5000.0,10000.0,SSE902963048962
SEE992317777532,Schernfeld-Schönfeld 1.2 BESS,In Planung,Bayern,,Batterie,524,,5000.0,5000.0,10000.0,SSE933994557291
SEE981037701552,Speicher Schrobenhausen-Sandizell I - P20-105 - Teil 5.000 kW BESS Inn24-2/119,In Betrieb,Bayern,/Date(1780876800000)/,Batterie,524,727,5000.0,5000.0,10160.0,SSE966148133973
SEE944230752394,Batteriespeicher Thalheim,In Betrieb,Sachsen-Anhalt,/Date(1784678400000)/,Batterie,524,727,5000.0,5000.0,10030.0,SSE970385522728
SEE900923294442,BESS Altlüdersdorf,In Planung,Brandenburg,,Batterie,524,727,5000.0,5000.0,12500.0,SSE942294956246
SEE901251939616,Teutschenthal 4 Speicher,In Planung,Sachsen-Anhalt,,Batterie,524,727,5000.0,5000.0,10000.0,SSE995421686004
SEE967403086416,Speicher Braunsbedra,In Betrieb,Sachsen-Anhalt,/Date(1722470400000)/,Batterie,524,727,5000.0,5000.0,16416.8,SSE924715718428
SEE958152625766,Speicher Altenschwand,In Planung,Bayern,,Batterie,524,727,4981.0,4981.0,10000.0,SSE967133751615
SEE943803920109,Speicher Göhlsdorf 04/21,In Betrieb,Brandenburg,/Date(1698969600000)/,Batterie,524,732,4900.0,4900.0,9800.0,SSE997649194842
SEE924923815544,Klein Schönwalde Speicher,In Planung,Mecklenburg-Vorpommern,,Batterie,524,727,4800.0,4800.0,9600.0,SSE914112548438
SEE975263910024,"Grünstromspeicher Krummennaab 4,8 MW",In Planung,Bayern,,Batterie,524,727,4800.0,4800.0,10031.92,SSE944481768496
SEE905032397701,BAT WÖL,In Betrieb,Sachsen,/Date(1534896000000)/,Batterie,524,727,4800.0,4800.0,4800.0,SSE910189436746
SEE930000992411,Batteriespeicher Solaranlage Adorf,In Planung,Sachsen,,Batterie,524,727,4800.0,4800.0,9600.0,SSE949493204598
SEE933114764769,Großenaspe A7,In Planung,Schleswig-Holstein,,Batterie,524,727,6667.0,4800.0,20000.0,SSE912115765388
SEE968182451303,Batterie Borgwardstraße,In Planung,Nordrhein-Westfalen,,Batterie,524,732,4800.0,4800.0,10000.0,SSE987208374181
SEE961970583651,B.E.S.S. Am Bahndamm GmbH,In Planung,Nordrhein-Westfalen,,Batterie,524,732,4800.0,4800.0,10030.0,SSE979875826940
SEE977231455070,Batteriespeicher Inden,In Betrieb,Nordrhein-Westfalen,/Date(1671408000000)/,Batterie,524,727,4800.0,4800.0,9600.0,SSE945133606258
SEE903542702305,Bad Wünnenberg 3 Speicher,In Planung,Nordrhein-Westfalen,,Batterie,524,727,4800.0,4800.0,9600.0,SSE992195488490
SEE915526861069,Frankfurt Oder West 1.1 Speicher,In Planung,Brandenburg,,Batterie,524,727,4800.0,4800.0,9600.0,SSE950019797159
SEE997910012318,BESS - PFP,In Planung,Bayern,,Batterie,524,727,4800.0,4800.0,10030.0,SSE965518952510
SEE933255558609,Batteriespeicher,In Planung,Nordrhein-Westfalen,,Batterie,524,727,4780.0,4780.0,11608.0,SSE914997633960
SEE934212869257,Speicher Schmelchen,In Betrieb,Bayern,/Date(1727740800000)/,Batterie,524,727,4760.0,4760.0,12192.0,SSE905457120526
SEE978358192312,Speicher Großmehring II - P22-071,In Planung,Bayern,,Batterie,524,727,4750.0,4750.0,9500.0,SSE900144764434
SEE963176274500,MJ 12. Speicher,In Betrieb,Bayern,/Date(1749081600000)/,Batterie,524,727,4750.0,4750.0,13416.0,SSE920070113991
SEE921054334586,BESS Kandel,In Planung,Rheinland-Pfalz,,Batterie,524,727,4750.0,4750.0,10000.0,SSE981205607778
SEE956946074554,BESS BEG Pfaffenhofen,In Planung,Bayern,,Batterie,524,727,4730.0,4730.0,10000.0,SSE993927418280
SEE928480322309,Agri-Photovoltaik Gersheim 2 BESS,In Planung,Saarland,,Batterie,524,727,4600.0,4600.0,10000.0,SSE964147090303
SEE973320703091,BESS 2 AssetCo_Standort Verden,In Betrieb,Niedersachsen,/Date(1776211200000)/,Batterie,524,727,4600.0,4600.0,10864.0,SSE982372268519
SEE955306125264,SP Geislingen Speicher,In Betrieb,Baden-Württemberg,/Date(1773878400000)/,Batterie,524,727,4600.0,4600.0,6708.0,SSE949732415532
SEE971311131281,SP Sigmaringen/Gutenstein-Reisen Speicher,In Planung,Baden-Württemberg,,Batterie,524,727,4600.0,4600.0,4472.0,SSE922893549599
SEE971976373965,Solarpark Adelsheim Speicher,In Betrieb,Baden-Württemberg,/Date(1774310400000)/,Batterie,524,727,4600.0,4600.0,6708.0,SSE989722102486
SEE999898105495,Batterie Priesendorf III,In Planung,Bayern,,Batterie,524,,4580.0,4580.0,11288.0,SSE990423906808
SEE971850267908,Speicher Letschin 04/21,In Betrieb,Brandenburg,/Date(1698969600000)/,Batterie,524,727,4550.0,4550.0,9100.0,SSE941069749786
SEE957605324850,Dürrer Weiher EEG,In Betrieb,Bayern,/Date(1748736000000)/,Batterie,524,727,4500.0,4500.0,13416.0,SSE979066690732
SEE970241367166,MS_01_4500_Brugg,In Planung,Bayern,,Batterie,524,727,4500.0,4500.0,10500.0,SSE945605963285
SEE949851466187,Aufseß Neuhaus Speicher,In Planung,Bayern,,Batterie,524,,4500.0,4500.0,9000.0,SSE976969539991
SEE993960672687,Freiflächen-Photovoltaikanlage Wittstock/Dosse Co-Located BESS,In Planung,Brandenburg,,Batterie,524,727,4500.0,4500.0,10000.0,SSE959642284883
SEE908743126042,Outokumpu Krefeld Bat,Endgültig stillgelegt,Nordrhein-Westfalen,/Date(1640995200000)/,Batterie,524,727,4500.0,4500.0,3800.0,SSE961670310939
SEE992238400885,"Rodenkichen Flur 9 314/3, 315/3, 799/313, 321/1",In Planung,Niedersachsen,,Batterie,524,727,4500.0,4500.0,9000.0,SSE936628601513
SEE936100873810,Batteriespeicher Koppenlohe,In Planung,Bayern,,Batterie,524,727,4500.0,4500.0,9000.0,SSE922172061699
SEE956397716904,Burgstall 4 EEG,In Betrieb,Bayern,/Date(1748736000000)/,Batterie,524,727,4500.0,4500.0,13416.0,SSE953021802842
SEE954832869987,Batteriespeicher Halle 14,In Betrieb,Baden-Württemberg,/Date(1775692800000)/,Batterie,524,727,4472.0,4472.0,8944.0,SSE911125129616
SEE982249837893,Am Bahnweg 3 Speicher,In Betrieb,Bayern,/Date(1784073600000)/,Batterie,524,727,4472.0,4472.0,8944.0,SSE947774936282
SEE996939965117,Speicher zwischen den Bahnen,In Planung,Niedersachsen,,Batterie,524,727,4472.0,4472.0,8944.0,SSE938793183733
SEE939563445327,BESS Hauzenberg,In Planung,Bayern,,Batterie,524,727,4472.0,4472.0,13416.0,SSE936972185707
SEE974266768434,BESS Werksgelände,In Betrieb,Baden-Württemberg,/Date(1783468800000)/,Batterie,524,727,4472.0,4472.0,7490.0,SSE957176003109
SEE985742900385,Reutern - BESS 1,In Betrieb,Bayern,/Date(1775088000000)/,Batterie,524,727,4472.0,4472.0,8944.0,SSE902465694100
SEE944672731872,Seibersdorf - BESS,In Betrieb,Bayern,/Date(1773964800000)/,Batterie,524,727,4472.0,4472.0,8944.0,SSE986508981235
SEE908124563169,Rötenbach - BESS 1,In Betrieb,Baden-Württemberg,/Date(1774915200000)/,Batterie,524,727,4472.0,4472.0,8944.0,SSE985614007327
SEE913171289412,Speicher Velburg VI - P24-288,In Planung,Bayern,,Batterie,524,727,4425.0,4425.0,8850.0,SSE987877619309
SEE935505546220,Speicher Gebot 3 - Inno22,In Planung,Bayern,,Batterie,524,,4420.0,4420.0,8840.0,SSE926997228312
SEE991120310776,Speicher Achstetten,In Planung,Baden-Württemberg,,Batterie,524,727,4420.0,4420.0,8900.0,SSE931572039313
SEE959339286367,Elmenhorst Speicher,In Planung,Mecklenburg-Vorpommern,,Batterie,524,727,4400.0,4400.0,8800.0,SSE979836842590
SEE946705157512,PV Anlage Öhringen Speicher,In Betrieb,Baden-Württemberg,/Date(1775001600000)/,Batterie,524,727,4400.0,4400.0,6140.0,SSE977242833584
SEE937801091558,Oberberg2a PSW F1,In Betrieb,Bayern,/Date(1167609600000)/,Pumpspeicher,1537,,4400.0,4400.0,42000.0,SSE970268127842
SEE993666165865,Speicher Impulsa Elsterwerda 10 MWh,In Betrieb,Brandenburg,/Date(1783382400000)/,Batterie,524,727,4390.0,4390.0,10020.0,SSE997351146504
SEE999153501024,Batteriespeicher,In Planung,Schleswig-Holstein,,Batterie,524,727,4320.0,4320.0,8580.0,SSE991960528263
SEE906489859750,Speicher Volkershausen,In Betrieb,Bayern,/Date(1730419200000)/,Batterie,524,727,4250.0,4250.0,12194.28,SSE987393324206
SEE966315774480,Dolgelin Speicher,In Betrieb,Brandenburg,/Date(1765929600000)/,Batterie,524,727,4200.0,4200.0,14224.0,SSE933323457049
SEE959926651769,Hh-Batteriespeicher_Werk_Ost_4200,In Betrieb,Hessen,/Date(1609459200000)/,Batterie,524,727,4200.0,4200.0,4200.0,SSE958758381370
SEE998348927175,10 MWh Speicher Deponie Borken-Hoxfeld,In Planung,Nordrhein-Westfalen,,Batterie,524,,5000.0,4200.0,2000.0,SSE972189862161
SEE930312080578,Speicher Lübars,In Betrieb,Sachsen-Anhalt,/Date(1707696000000)/,Batterie,524,732,4200.0,4200.0,8400.0,SSE956115906051
SEE916928060128,innoVent WP Ekernermoor Speicher,In Planung,Niedersachsen,,Batterie,524,727,4200.0,4200.0,8400.0,SSE919344790143
SEE995648037771,Speicher Hilgertshausen-Tandern - P23-320,In Planung,Bayern,,Batterie,524,727,4150.0,4150.0,8300.0,SSE922117712471
SEE907990762690,Speicher Oberschleißheim - P24-056,In Planung,Bayern,,Batterie,524,727,4150.0,4150.0,8300.0,SSE962817009648
SEE971990158586,Speicher PV1,In Betrieb,Baden-Württemberg,/Date(1687996800000)/,Batterie,524,727,4100.0,4100.0,8200.0,SSE954119788314
SEE939416043052,Speicher Beilrode II - Teilanlage 2 (Inn24-1-047),In Planung,Sachsen,,Batterie,524,727,4080.0,4080.0,8170.0,SSE901175399565
SEE972107201331,Batterie Hambach I,In Betrieb,Nordrhein-Westfalen,/Date(1720569600000)/,Batterie,524,727,4060.0,4060.0,8120.0,SSE931931162737
SEE934842271741,Batteriespeicher Jackerath,In Betrieb,Nordrhein-Westfalen,/Date(1693526400000)/,Batterie,524,727,4050.0,4050.0,8100.0,SSE928726456218
SEE954185427155,Batteriespeicher Wilsecker II,In Planung,Rheinland-Pfalz,,Batterie,524,727,4025.0,4025.0,10990.0,SSE962108995070
SEE933438588133,CEC Haren Batteriespeicher,In Betrieb,Niedersachsen,/Date(1700092800000)/,Batterie,524,727,4000.0,4000.0,4800.0,SSE926101218611
SEE967250391541,Batterie Schuppen,In Planung,Rheinland-Pfalz,,Batterie,524,727,4000.0,4000.0,6.24,SSE944599612001
SEE978289806845,"Speicher Martinsheim - P23-148 - 4.000,00 kW Inn23-2/034",In Betrieb,Bayern,/Date(1774828800000)/,Batterie,524,727,4000.0,4000.0,8128.0,SSE982503866065
SEE900944307091,Balder B02 - Speicher,In Betrieb,Mecklenburg-Vorpommern,/Date(1680220800000)/,Batterie,524,727,4000.0,4000.0,4000.0,SSE970175274639
SEE936362340648,P23-567 Solarpark Sparneck - Speicher,In Planung,Bayern,,Batterie,524,,4000.0,4000.0,8000.0,SSE934057853404
SEE952224745826,wpd Batteriespeicher Spechtritz,In Planung,Sachsen,,Batterie,524,727,4000.0,4000.0,8000.0,SSE959794145544
SEE900392059269,PASM Großspeicher Bamberg II (Pixii),In Planung,Bayern,,Batterie,524,727,4000.0,4000.0,24000.0,SSE953968653910
SEE991482064027,Speicher Winterbach (RLP) - P22-252,In Planung,Rheinland-Pfalz,,Batterie,524,727,4000.0,4000.0,8000.0,SSE963139996135
SEE995613098226,Speicher Gelpertsricht,In Betrieb,Bayern,/Date(1769990400000)/,Batterie,524,727,4000.0,4000.0,10160.0,SSE934605848395
SEE993172246942,Speicher Polt III  (Teil 2),In Betrieb,Mecklenburg-Vorpommern,/Date(1762387200000)/,Batterie,524,727,4000.0,4000.0,7454.0,SSE978235648857
SEE922566498834,MM20 - Speicher Bergzow,In Planung,Sachsen-Anhalt,,Batterie,524,727,4000.0,4000.0,8000.0,SSE989885359451
SEE916524366044,illwerke vkw Rifawerk M2,In Betrieb,,/Date(-31536000000)/,Pumpspeicher,1537,,4000.0,4000.0,7762000.0,SSE937652913856
SEE961918480028,Ebersdorf b. Coburg-Kleingarnstadt 2.3 BESS,In Planung,Bayern,,Batterie,524,,4000.0,4000.0,8000.0,SSE907618846160
SEE989632861367,Photovoltaik-Speicher-Kraftwerk Vincenzenbronn,In Planung,Bayern,,Batterie,524,727,4000.0,4000.0,8000.0,SSE920868783061
SEE932055327439,Batteriespeicher Altheim,In Betrieb,Bayern,/Date(1765238400000)/,Batterie,524,727,4000.0,4000.0,8000.0,SSE909039878249
SEE905093362557,Speicher,In Betrieb,Niedersachsen,/Date(1731628800000)/,Batterie,524,727,4000.0,4000.0,9984.0,SSE942260379987
SEE967706303999,Mando Multiwerke 10 - Speicher Königsborn,In Planung,Sachsen-Anhalt,,Batterie,524,727,4000.0,4000.0,8000.0,SSE902310004177
SEE970668457754,Speicher-Fredenbeck23414,In Betrieb,Niedersachsen,/Date(1779321600000)/,Batterie,524,727,4000.0,4000.0,8128.0,SSE991970778733
SEE905777151866,Speicher Siglohe - P24-035,In Planung,Bayern,,Batterie,524,727,4000.0,4000.0,8128.0,SSE960807739520
SEE911506809021,PASM Großspeicher Hannover II (ZTT),In Betrieb,Niedersachsen,/Date(1787788800000)/,Batterie,524,727,4000.0,4000.0,24000.0,SSE955945979488
SEE955678229164,Busbetriebshof Alsterdorf Batteriespeicher,In Betrieb,Hamburg,/Date(1724284800000)/,Batterie,524,727,4000.0,4000.0,4140.0,SSE975091018916
SEE912518222396,APEX 4-MWh-Batteriespeicher SMA,In Betrieb,Mecklenburg-Vorpommern,/Date(1656115200000)/,Batterie,524,727,4000.0,4000.0,4000.0,SSE962336145216
SEE933372231157,"Speicher Beratzhausen III - P23-025 - 4.000,00 kW Inn23-2/039",In Betrieb,Bayern,/Date(1774828800000)/,Batterie,524,727,4000.0,4000.0,8128.0,SSE962632795764
SEE944089463014,Batteriespeicher Unsbach,In Betrieb,Bayern,/Date(1765324800000)/,Batterie,524,727,4000.0,4000.0,8000.0,SSE989872214077
SEE926237890071,Speicher Seetz - P22-360,In Planung,Brandenburg,,Batterie,524,727,4000.0,4000.0,8000.0,SSE944729668656
SEE916498442492,Batteriespeicher Schläberig,In Betrieb,Hessen,/Date(1774483200000)/,Batterie,524,727,4000.0,4000.0,8360.0,SSE946540516017
SEE922419700923,"Speicher Schweitenkirchen - P22-472 - 4.000,00 kW BESS Inn23-2/024",In Betrieb,Bayern,/Date(1769990400000)/,Batterie,524,727,4000.0,4000.0,8128.0,SSE953903975305
SEE907120686209,illwerke vkw Rifawerk M1,In Betrieb,,/Date(-31536000000)/,Pumpspeicher,1537,,4000.0,4000.0,7762000.0,SSE937652913856
SEE935930300749,BEE - BESS Dornheim,In Planung,Thüringen,,Batterie,524,727,4000.0,4000.0,6765.0,SSE934013751041
SEE948849620143,BESS Förstenreuth II,In Planung,Bayern,,Batterie,524,727,3980.0,3980.0,7960.0,SSE913942731027
SEE917726221339,Wustermark Speicher,In Planung,Brandenburg,,Batterie,524,727,3900.0,3900.0,7800.0,SSE990306623471
SEE936168777976,Batteriespeicher Lengerich,In Planung,Nordrhein-Westfalen,,Batterie,524,727,3850.0,3850.0,8400.0,SSE932780667916
SEE989130828251,BESS Leer,In Betrieb,Niedersachsen,/Date(1774396800000)/,Batterie,524,727,3840.0,3840.0,8944.0,SSE931639095689
SEE957886026795,Speicher Gebot 3,In Planung,Brandenburg,,Batterie,524,727,3808.0,3808.0,7700.0,SSE905042183653
SEE993715624916,Tiste BESS 3,In Betrieb,Niedersachsen,/Date(1777852800000)/,Batterie,524,727,3800.0,3800.0,8256.67,SSE930963993999
SEE906551585525,Speicher PVA_G9,In Betrieb,Mecklenburg-Vorpommern,/Date(1674691200000)/,Batterie,524,727,3800.0,3800.0,9000.0,SSE911985020436
SEE954252697900,W2_Powergrid_1,In Planung,Baden-Württemberg,,Batterie,524,727,3800.0,3800.0,4472.4,SSE985657020116
SEE998788206953,SP Berngau Speicher,In Planung,Bayern,,Batterie,524,727,3800.0,3800.0,7600.0,SSE985836142042
SEE987949491000,W2_Powergrid_2,In Planung,Baden-Württemberg,,Batterie,524,727,3800.0,3800.0,4099.7,SSE916309511973
SEE935611657568,Lensahn 1 Speicher,In Planung,Schleswig-Holstein,,Batterie,524,727,3800.0,3800.0,14000.0,SSE974918728748
SEE921274103399,Tiste BESS,In Betrieb,Niedersachsen,/Date(1777852800000)/,Batterie,524,727,3800.0,3800.0,8256.0,SSE958809799611
SEE978334406730,Tiste BESS 2,In Betrieb,Niedersachsen,/Date(1777852800000)/,Batterie,524,727,3800.0,3800.0,8256.67,SSE944765992401
SEE993970035267,BESS - Batteriespeicher,In Betrieb,Baden-Württemberg,/Date(1710460800000)/,Batterie,524,727,3780.0,3780.0,3680.0,SSE931311864831
SEE967332608451,BESS - Batteriespeicher SchwörerHaus KG,In Betrieb,Baden-Württemberg,/Date(1710460800000)/,Batterie,524,727,3780.0,3780.0,3250.0,SSE921263192649
SEE995106340924,Speicher Inchenhofen III - P22-578 - Teil 2,In Planung,Bayern,,Batterie,524,727,3750.0,3750.0,7500.0,SSE928808893344
SEE909626118369,Speicher Rottendorf III - P26-046,In Planung,Bayern,,Batterie,524,727,3750.0,3750.0,7500.0,SSE910045661398
SEE954162911738,BEE - BESS Haßlinghausen,In Planung,Nordrhein-Westfalen,,Batterie,524,727,3750.0,3750.0,7500.0,SSE915246913819
SEE916582324970,Solarpark Seckach BESS,In Betrieb,Baden-Württemberg,/Date(1679443200000)/,Batterie,524,727,3700.0,3700.0,3721.0,SSE948389453164
SEE929961557869,PV-Park Fuchsgrube Speicher,In Planung,Bayern,,Batterie,524,,3700.0,3700.0,7682.0,SSE966074331665
SEE914355585900,B1 Batterien CR01,In Betrieb,Brandenburg,/Date(1679616000000)/,Batterie,524,727,3680.0,3680.0,3680.0,SSE931036097811
SEE946354761283,BAT-HUNG-6020,In Planung,Rheinland-Pfalz,,Batterie,524,727,3629.73,3629.73,7259.46,SSE961956486778
SEE959153878991,Speicher Mögglingen  - P24-236,In Planung,Baden-Württemberg,,Batterie,524,727,3625.0,3625.0,7250.0,SSE963296939877
SEE929318096188,Pilsach-Litzlohe 1 Batterie,In Planung,Bayern,,Batterie,524,,3600.0,3600.0,8360.0,SSE983538466497
SEE990608461238,Stromspeicher Ahaus,In Planung,Nordrhein-Westfalen,,Batterie,524,727,3600.0,3600.0,15045.0,SSE999979656199
SEE926372513538,PV Lawitz Gewerbegebiet Batterie,In Planung,Brandenburg,,Batterie,524,727,3600.0,3600.0,8000.0,SSE929245463824
SEE923857160171,Speicher Neustadt a.d. Donau - P23-019,In Planung,Bayern,,Batterie,524,727,3600.0,3600.0,7200.0,SSE967933563357
SEE937501180224,MEE-Projektgesellschaft 1 GmbH ＆ Co. KG Stromspeicher,Vorübergehend stillgelegt,Sachsen,/Date(1649376000000)/,Batterie,524,727,3600.0,3600.0,3680.0,SSE998558633507
SEE921951004230,BESS Diesenbach BF 5,In Planung,Bayern,,Batterie,524,727,3600.0,3600.0,14400.0,SSE988383355095
SEE967448586247,FFM 2 Batteriespeicher,In Betrieb,Sachsen,/Date(1763424000000)/,Batterie,524,727,3600.0,3600.0,13791.0,SSE911721608850
SEE979602348998,Batteriespeicher PVA Nossen,In Planung,Sachsen,,Batterie,524,,3600.0,3600.0,7200.0,SSE957361421169
SEE919180917858,BESS Diesenbach BF 8,In Planung,Bayern,,Batterie,524,727,3600.0,3600.0,14400.0,SSE998658808690
SEE904833559837,BESS-Krukum,In Planung,Niedersachsen,,Batterie,524,727,3600.0,3600.0,7200.0,SSE900136188859
SEE923639351650,BESS Diesenbach BF 7,In Planung,Bayern,,Batterie,524,727,3600.0,3600.0,14400.0,SSE941712415990
SEE916616739619,Schweinberg - BESS,In Betrieb,Baden-Württemberg,/Date(1773705600000)/,Batterie,524,727,4064.0,3520.0,8128.0,SSE906720907998
SEE979298824578,ABO Wind Batterie Euskirchen,In Betrieb,Nordrhein-Westfalen,/Date(1723161600000)/,Batterie,524,727,3509.0,3509.0,7018.0,SSE911914299285
SEE945579140859,"Speicher Camberg - P22-234 - 3.507,50 kW BESS Inn24-2/190",In Planung,Hessen,,Batterie,524,727,3507.5,3507.5,7047.0,SSE941510712703
SEE989597559323,Speicher Solarpark Wernberg-Köblitz II - P24-130,In Planung,Bayern,,Batterie,524,727,3500.0,3500.0,7000.0,SSE929337734849
SEE921184960112,wpd Batteriespeicher Mühringen A81,In Planung,Baden-Württemberg,,Batterie,524,727,3500.0,3500.0,7000.0,SSE940238292405
SEE955019708563,BESS-PV-Speicher Enetsfeld,In Betrieb,Baden-Württemberg,/Date(1786924800000)/,Batterie,524,727,3500.0,3500.0,6686.0,SSE931704932383
SEE901702163997,Rickling 1.3 Speicher,In Planung,Schleswig-Holstein,,Batterie,524,727,3500.0,3500.0,7000.0,SSE987475756345
SEE981067351215,Heizkraftwerk Leipzig Süd Schwarzstartbatterie 9C,In Betrieb,Sachsen,/Date(1671580800000)/,Batterie,524,727,4000.0,3500.0,6000.0,SSE990032248139
SEE900552012332,Speicher,In Planung,Niedersachsen,,Batterie,524,727,3500.0,3500.0,7200.0,SSE965271774305
SEE953827140490,Batteriespeicher Lengerich,In Planung,Nordrhein-Westfalen,,Batterie,524,727,3500.0,3500.0,7000.0,SSE978929842110
SEE912896986712,Inno BESS Hallbergmoos,In Betrieb,Bayern,/Date(1752710400000)/,Batterie,524,727,4000.0,3500.0,8000.0,SSE918335836785
SEE972977601088,Borgstedtfelde 1 Speicher,In Planung,Schleswig-Holstein,,Batterie,524,727,3500.0,3500.0,7000.0,SSE960958734658
SEE993699031472,Batteriespeicher Tibo Photovoltaik Gottesgabe GmbH ＆ Co. KG,In Planung,Brandenburg,,Batterie,524,727,3500.0,3500.0,7000.0,SSE919804549366
SEE904986763730,Batteriespeicher Nauen III,In Planung,Brandenburg,,Batterie,524,727,3500.0,3500.0,7000.0,SSE977603792161
SEE932256145191,Borgstedtfelde Speicher,In Planung,Schleswig-Holstein,,Batterie,524,727,3500.0,3500.0,7000.0,SSE986600213517
SEE906906321952,Batteriespeicher,In Planung,Baden-Württemberg,,Batterie,524,727,3500.0,3500.0,7524.0,SSE998020678128
SEE994340102589,Speicher BAB60,In Planung,Rheinland-Pfalz,,Batterie,524,727,3500.0,3500.0,3500.0,SSE912176149202
SEE906076904238,Speicher Körbelitz I,In Betrieb,Sachsen-Anhalt,/Date(1716249600000)/,Batterie,524,727,3480.0,3480.0,3727.0,SSE968067255736
SEE939909012350,Mando Multiwerke 7 - Speicher Loburg,In Planung,Sachsen-Anhalt,,Batterie,524,,3727.0,3480.0,3480.0,SSE941605941735
SEE919126258380,MM9 - Speicher - Parey,In Betrieb,Sachsen-Anhalt,/Date(1753056000000)/,Batterie,524,727,3480.0,3480.0,3480.0,SSE989502041240
SEE910146734953,MM5 - Speicher - Nedlitz,In Betrieb,Sachsen-Anhalt,/Date(1782432000000)/,Batterie,524,727,3480.0,3480.0,3480.0,SSE991565732805
SEE930716288624,Speicher Aichkirchen BA 1,In Betrieb,Bayern,/Date(1680739200000)/,Batterie,524,727,3459.6,3459.6,3459.6,SSE994456791691
SEE920612166553,Speicher Hiersdorf BA 1,In Betrieb,Bayern,/Date(1680739200000)/,Batterie,524,727,3459.6,3459.6,3459.6,SSE913496720850
SEE936927052337,BESS Kolitzheim 1,In Betrieb,Bayern,/Date(1768435200000)/,Batterie,524,727,3450.0,3450.0,6900.0,SSE935647568593
SEE936688825393,BESS Parensen,In Planung,Niedersachsen,,Batterie,524,,3450.0,3450.0,6017.0,SSE900828298330
SEE902040770854,BESS Artern I,In Planung,Thüringen,,Batterie,524,727,3450.0,3450.0,7332.246,SSE921141712228
SEE961881700802,Solarpark Ottowind Speicher,In Planung,Bayern,,Batterie,524,,3450.0,3450.0,11400.0,SSE984363920086
SEE935642236831,BESS Reckershausen,In Planung,Niedersachsen,,Batterie,524,,3450.0,3450.0,6017.0,SSE951936874251
SEE952317222654,Speicher Raderstetten,In Betrieb,Bayern,/Date(1649894400000)/,Batterie,524,727,3444.0,3444.0,3444.0,SSE984294675598
SEE917680098909,Speicher Franziskusweg,In Betrieb,Bayern,/Date(1779840000000)/,Batterie,524,727,3440.0,3440.0,6880.0,SSE969849796928
SEE972436810921,BESS SPAU,In Betrieb,Bayern,/Date(1783036800000)/,Batterie,524,727,3440.0,3440.0,6880.0,SSE982490176956
SEE960051944848,BESS Weißensand,In Planung,Sachsen,,Batterie,524,727,3440.0,3440.0,6680.0,SSE955757735111
SEE926467363864,BEE - BESS Borsigturm,In Planung,Berlin,,Batterie,524,727,3420.0,3410.0,7440.0,SSE917542536754
SEE943565217936,Partition_4,In Betrieb,Sachsen,/Date(1504224000000)/,Batterie,524,727,3400.0,3400.0,3850.0,SSE960330025930
SEE980509026452,Speicher Granheim II BA 1,In Betrieb,Baden-Württemberg,/Date(1680739200000)/,Batterie,524,727,3400.0,3400.0,3896.2,SSE964294989406
SEE921528677294,Speicher Waidhaus,In Planung,Bayern,,Batterie,524,727,3400.0,3400.0,1400.0,SSE973632642903
SEE981601805600,Balder A09 - BSK,In Planung,Mecklenburg-Vorpommern,,Batterie,524,727,3400.0,3400.0,6800.0,SSE934810291207
SEE954351462355,Partition_2,In Betrieb,Sachsen,/Date(1504224000000)/,Batterie,524,727,3400.0,3400.0,3850.0,SSE980499833344
SEE905115289190,Speicher Eichkreith BA 1,In Betrieb,Bayern,/Date(1680739200000)/,Batterie,524,727,3400.0,3400.0,3459.6,SSE940443298421
SEE960057844975,24203 SP Passow II Speicher,In Planung,Mecklenburg-Vorpommern,,Batterie,524,727,3400.0,3400.0,6800.0,SSE999160278001
SEE905647753862,Partition_3,In Betrieb,Sachsen,/Date(1504224000000)/,Batterie,524,727,3400.0,3400.0,3850.0,SSE953467938402
SEE934542973051,Speicher Übermatzhofen II BA 1,In Betrieb,Bayern,/Date(1698796800000)/,Batterie,524,727,3400.0,3400.0,8294.4,SSE915100761723
SEE915943244858,Speicher Taiting BA 1,In Betrieb,Bayern,/Date(1680739200000)/,Batterie,524,727,3400.0,3400.0,3459.6,SSE948279739934
SEE975454370545,Speicher Weikerstetten BA 1,In Betrieb,Baden-Württemberg,/Date(1680739200000)/,Batterie,524,727,3400.0,3400.0,3459.6,SSE990615088756
SEE966760545529,Speicher Finsterwalde III,In Betrieb,Brandenburg,/Date(1658275200000)/,Batterie,524,727,3400.0,3400.0,1700.0,SSE948195893451
SEE986418252418,Partition_1,In Betrieb,Sachsen,/Date(1504224000000)/,Batterie,524,727,3400.0,3400.0,3850.0,SSE946766033817
SEE921014163461,BESS Sinzing,In Betrieb,Bayern,/Date(1769472000000)/,Batterie,524,727,3400.0,3400.0,8944.0,SSE995078928922
SEE997803743657,Speicher Kühbach IV - P24-064,In Planung,Bayern,,Batterie,524,727,3375.0,3375.0,6750.0,SSE903227633665
SEE989462413392,BESS Dummerstorf Energiewende 4,In Planung,Mecklenburg-Vorpommern,,Batterie,524,,3334.0,3334.0,6668.0,SSE948441418124
SEE983085850367,20128 SP Hans-Seidel-Schacht Speicher,In Planung,Sachsen-Anhalt,,Batterie,524,727,3330.0,3330.0,3330.0,SSE961147991807
SEE974597605477,Stromspeicher 3312 kW,In Betrieb,Niedersachsen,/Date(1776643200000)/,Batterie,524,727,3312.0,3312.0,6480.0,SSE975414463584
SEE979905300372,Batteriespeicher PV Rinderfeld,In Betrieb,Baden-Württemberg,/Date(1787270400000)/,Batterie,524,727,4200.0,3300.0,8256.0,SSE971910325548
SEE985411150332,Speicher Berg b. Neumarkt i.d.Opf. PR - P25-203,In Planung,Bayern,,Batterie,524,727,3275.0,3275.0,6550.0,SSE989427466999
SEE946207548719,Energiepark Eggesin Speicher,In Planung,Mecklenburg-Vorpommern,,Batterie,524,,3268.0,3268.0,6540.0,SSE906633441336
SEE975758930971,Speicher Zell,In Planung,Bayern,,Batterie,524,727,3253.0,3253.0,6506.0,SSE912165902108
SEE975463794332,Speicher Velburg VIII - P26-092,In Planung,Bayern,,Batterie,524,727,3250.0,3250.0,6500.0,SSE924909942325
SEE918678892851,BESS Warendorf green flexibility,In Planung,Nordrhein-Westfalen,,Batterie,524,,3214.0,3214.0,48256.0,SSE935388118217
SEE914931988897,BESS Hagen i. Bremischen green flexibility,In Planung,Niedersachsen,,Batterie,524,,3207.0,3207.0,48256.0,SSE977091065181
SEE954821371095,BESS Esterwegen green flexibility,In Planung,Niedersachsen,,Batterie,524,,3207.0,3207.0,48256.0,SSE944266665682
SEE966705363867,BESS Lindern green flexibility,In Planung,Niedersachsen,,Batterie,524,,3207.0,3207.0,48256.0,SSE951017531790
SEE934784663215,Speicher Langendorf,In Planung,Bayern,,Batterie,524,727,3200.0,3200.0,10160.0,SSE917255535112
SEE934671907118,Arnsdorf - BESS,In Betrieb,Bayern,/Date(1774828800000)/,Batterie,524,727,4064.0,3200.0,8128.0,SSE905943883706
SEE958484770691,Speicher Osterberg,In Betrieb,Bayern,/Date(1731628800000)/,Batterie,524,727,3200.0,3200.0,8129.52,SSE996993024935
SEE944624122932,Batteriespeicher,In Betrieb,Bayern,/Date(1757030400000)/,Batterie,524,727,3200.0,3200.0,3300.0,SSE958719810888
SEE961724289518,Speicherkraftwerk Kolitzheim,Endgültig stillgelegt,Bayern,/Date(1480550400000)/,Batterie,524,728,3200.0,3200.0,4500.0,SSE978267372188
SEE950538001645,Schauren Speicher,In Planung,Rheinland-Pfalz,,Batterie,524,727,3200.0,3200.0,11000.0,SSE936822808022
SEE977219681118,Speicher Hallenhausen,In Betrieb,Bayern,/Date(1731628800000)/,Batterie,524,727,3200.0,3200.0,8129.52,SSE923171583540
SEE998912493204,Inno BESS Maisach West,In Planung,Bayern,,Batterie,524,,3200.0,3200.0,6400.0,SSE915521977321
SEE948862206942,Batteriespeicher Ammerland,In Betrieb,Niedersachsen,/Date(1695168000000)/,Batterie,524,727,3200.0,3200.0,7400.0,SSE995162725024
SEE926722858333,BESS Melle - Krukum,In Planung,Niedersachsen,,Batterie,524,727,3158.0,3158.0,6250.0,SSE954422155827
SEE910893448493,BESS Melle - Dratum,In Planung,Niedersachsen,,Batterie,524,727,3158.0,3158.0,6250.0,SSE907892136117
SEE906030854920,BESS Melle - Bennien,In Planung,Niedersachsen,,Batterie,524,727,3158.0,3158.0,6250.0,SSE962117757881
SEE900757018122,Nonnenau BESS,In Betrieb,Bayern,/Date(1781481600000)/,Batterie,524,727,3150.0,3150.0,9000.0,SSE999253790311
SEE923837465418,BESS Munningen-Laub Co-Located,In Planung,Bayern,,Batterie,524,727,3150.0,3150.0,9779.25,SSE907879189679
SEE949661513057,BESS Achim Uesen,In Planung,Niedersachsen,,Batterie,524,,3130.0,3130.0,6191.0,SSE982361586440
SEE911749533608,BESS VWK Hannover,In Betrieb,Niedersachsen,/Date(1778198400000)/,Batterie,524,727,3440.0,3130.0,6880.0,SSE962489767259
SEE955103697742,P23-328 Solarpark Karlskron IV - Speicher,In Planung,Bayern,,Batterie,524,,3120.0,3120.0,6240.0,SSE903401492477
SEE909655122832,P23-018 Solarpark Gachenbach - Speicher,In Planung,Bayern,,Batterie,524,,3120.0,3120.0,6240.0,SSE907935494846
SEE928823491136,P22-504 Solarpark Beilngries-Kirchbuch - Speicher,In Planung,Bayern,,Batterie,524,,3120.0,3120.0,6240.0,SSE928345017746
SEE987087313639,Solarpark Heiden GmbH ＆ Co. KG Batterie,In Planung,Nordrhein-Westfalen,,Batterie,524,,4472.0,3100.0,8944.0,SSE964372642506
SEE919195980328,Bokhorst Speicher,In Planung,Schleswig-Holstein,,Batterie,524,727,3100.0,3100.0,6200.0,SSE915107432596
SEE984302610108,Batteriespeicher Gardessen II,In Planung,Niedersachsen,,Batterie,524,,3100.0,3100.0,6200.0,SSE907296919101
SEE914938130367,Energiepark Petzenberg Batteriespeicher,In Planung,Bayern,,Batterie,524,,3100.0,3100.0,3100.0,SSE988195537351
SEE945537657887,Arpsdorf 2 Speicher,In Planung,Schleswig-Holstein,,Batterie,524,727,3100.0,3100.0,6200.0,SSE949270637434
SEE962757479327,Speicher Otterzhofen West - Teilanlage 1,In Betrieb,Bayern,/Date(1731542400000)/,Batterie,524,727,3060.0,3060.0,8129.52,SSE938755555349
SEE993332638914,BESS-Bennien,In Planung,Niedersachsen,,Batterie,524,727,3060.0,3060.0,6120.0,SSE945821266382
SEE960710082959,Speicher Lohrmannshof Inn24-2-152,In Planung,Bayern,,Batterie,524,727,3060.0,3060.0,6130.0,SSE981954908881
SEE912072613890,BEE - BESS Holdorf,In Planung,Niedersachsen,,Batterie,524,727,3026.0,3026.0,6597.0,SSE942244916559
SEE956658777514,Batteriespeicher Orsfeld II,In Planung,Rheinland-Pfalz,,Batterie,524,727,3010.0,3010.0,6020.0,SSE900430996280
SEE948648168310,Speicher Lübbenau AK 2,In Planung,Brandenburg,,Batterie,524,727,3000.0,3000.0,6000.0,SSE996523811547
SEE957736909193,BESS Langer Weg 51 in Stendal,In Planung,Sachsen-Anhalt,,Batterie,524,727,3000.0,3000.0,5794.0,SSE972050289011
SEE998049946109,Speicher Kirchhaslach - P24-123,In Planung,Bayern,,Batterie,524,727,3000.0,3000.0,6096.0,SSE905221714104
SEE949769763309,Energiepark Diemelstadt Speicher,In Planung,Hessen,,Batterie,524,727,3000.0,3000.0,6096.0,SSE968294246163
SEE918002872818,Speicher Oeversee,In Betrieb,Schleswig-Holstein,/Date(1733961600000)/,Batterie,524,727,3000.0,3000.0,8000.0,SSE983604726845
SEE950334441102,Theilheim Speicher BA III Ino,In Planung,Bayern,,Batterie,524,727,3000.0,3000.0,8256.0,SSE966795324380
SEE937899699452,Energiespeicher Büssingstraße 3,In Betrieb,Nordrhein-Westfalen,/Date(1784678400000)/,Batterie,524,727,3000.0,3000.0,10030.0,SSE924278906843
SEE900527256310,Photovoltaik-Speicher-Kraftwerk Marnitz 3 10MW,In Planung,Mecklenburg-Vorpommern,,Batterie,524,727,3125.0,3000.0,6250.0,SSE977715397902
SEE912155078967,"GG III 8.111,04 kWp (Teil I) Speicher",In Betrieb,Mecklenburg-Vorpommern,/Date(1762387200000)/,Batterie,524,727,3000.0,3000.0,7454.0,SSE991126103129
SEE936435018733,P23-408 Solarpark Parsberg V - 3.000 kW Inn24-1/036 BESS,In Betrieb,Bayern,/Date(1782086400000)/,Batterie,524,727,3000.0,3000.0,6096.0,SSE927352580533
SEE971993225407,Aufseß Hochstahl Speicher,In Planung,Bayern,,Batterie,524,,3000.0,3000.0,6000.0,SSE971309768789
SEE965903085878,Speicher Greußen,In Betrieb,Thüringen,/Date(1727395200000)/,Batterie,524,727,3000.0,3000.0,3000.0,SSE974173387872
SEE992160397383,BESS MLH R (Batteriespeicher),In Betrieb,Nordrhein-Westfalen,/Date(1700006400000)/,Batterie,524,727,3000.0,3000.0,4400.0,SSE919914860894
SEE997256744171,ECO Battery 3 - Trading Egling,In Betrieb,Bayern,/Date(1712707200000)/,Batterie,524,727,3000.0,3000.0,6096.0,SSE976263907793
SEE934558486040,"Speicher Wölfersheim - P23-039 - 3.000,00 kW Inn23-2/038",In Betrieb,Hessen,/Date(1775001600000)/,Batterie,524,727,3000.0,3000.0,6096.0,SSE996056858514
SEE908699490754,BAT Querfurt,In Betrieb,Sachsen-Anhalt,/Date(1769040000000)/,Batterie,524,727,3000.0,3000.0,6096.0,SSE916710345990
SEE933819601840,Batteriespeicher Grü,In Planung,Baden-Württemberg,,Batterie,524,727,3000.0,3000.0,6121.0,SSE948187464270
SEE901482444699,Stockstadt 2 Speicher,In Planung,Bayern,,Batterie,524,727,3000.0,3000.0,20000.0,SSE990012102659
SEE984534310180,Speicher Dinkelscherben - P22-217,In Betrieb,Bayern,/Date(1745884800000)/,Batterie,524,727,3000.0,3000.0,6096.0,SSE924950058860
SEE966190619128,BESS Bayreuth,In Planung,Bayern,,Batterie,524,,3000.0,3000.0,6000.0,SSE982998103058
SEE939396860748,Brickeln 2.1 Speicher,In Planung,Schleswig-Holstein,,Batterie,524,727,3000.0,3000.0,11000.0,SSE963166342028
SEE933008520112,FF ESS WH Sailauf,In Planung,Bayern,,Batterie,524,,3000.0,3000.0,8000.0,SSE939509269437
SEE954027057991,Speicher Wolnzach VI - P23-548,In Planung,Bayern,,Batterie,524,727,3000.0,3000.0,6096.0,SSE927917985209
SEE971658562977,Speicher Prosselsheim - P23-089 - 3.000 kW - Inn23-2/026,In Betrieb,Bayern,/Date(1774483200000)/,Batterie,524,727,3000.0,3000.0,6096.0,SSE991483243797
SEE968798801837,Speicher Greußen 2,In Betrieb,Thüringen,/Date(1727395200000)/,Batterie,524,727,3000.0,3000.0,3000.0,SSE936324117349
SEE997196953947,BESS Trading Hallbergmoos,In Betrieb,Bayern,/Date(1761696000000)/,Batterie,524,727,3000.0,3000.0,6096.0,SSE989182403147
SEE919013786194,Batteriespeicher Owschlag,In Planung,Schleswig-Holstein,,Batterie,524,727,3000.0,3000.0,6000.0,SSE917920111115
SEE977619317907,Energiespeicher Siemensstraße 27-29,In Betrieb,Nordrhein-Westfalen,/Date(1782259200000)/,Batterie,524,727,3000.0,3000.0,10030.0,SSE913914046906
SEE963066917562,Emkendorf Fischteich Speicher,In Planung,Schleswig-Holstein,,Batterie,524,727,3000.0,3000.0,6000.0,SSE947863036862
SEE969128758715,BESS Maisach Trading,In Betrieb,Bayern,/Date(1698278400000)/,Batterie,524,727,3000.0,3000.0,6096.0,SSE999777814319
SEE967278907212,Triakku 15MwH,In Planung,Nordrhein-Westfalen,,Batterie,524,727,3000.0,3000.0,15000.0,SSE942547085563
SEE922338990610,Batteriespeicher,In Betrieb,Baden-Württemberg,/Date(1653436800000)/,Batterie,524,727,3000.0,3000.0,3678.0,SSE984730924358
SEE928917927275,Trading-BESS JSS2,In Planung,Bayern,,Batterie,524,727,3000.0,3000.0,6096.0,SSE959708714545
SEE971815140352,hep solar Buchloe GmbH ＆ Co. KG Speicher,In Planung,Bayern,,Batterie,524,727,3048.0,3000.0,6096.0,SSE952565396909
SEE941773957149,BESS Trading Obersöchering,In Betrieb,Bayern,/Date(1748304000000)/,Batterie,524,727,3000.0,3000.0,6096.0,SSE975455418932
SEE949683286496,Speicher Colbitz II - P23-206 - Inn23-2/029 - 3.000 kW,In Betrieb,Sachsen-Anhalt,/Date(1774569600000)/,Batterie,524,727,3000.0,3000.0,6096.0,SSE905872657362
SEE969638882191,171-BESS Emmerke,In Betrieb,Niedersachsen,/Date(1766448000000)/,Batterie,524,727,3000.0,3000.0,6048.0,SSE969524109661
SEE985756292018,BESS Tangermünde,In Betrieb,Sachsen-Anhalt,/Date(1772323200000)/,Batterie,524,727,3000.0,3000.0,6000.0,SSE909046561882
SEE995498999885,Lübbenau - Speicher,In Planung,Brandenburg,,Batterie,524,727,3000.0,3000.0,6000.0,SSE930441792076
SEE929812973206,BESS Pakendorf/Jütrichau,In Betrieb,Sachsen-Anhalt,/Date(1770336000000)/,Batterie,524,727,3000.0,3000.0,6096.0,SSE951919540302
SEE991571867089,BESS Zeickhorn,In Betrieb,Bayern,/Date(1783468800000)/,Batterie,524,727,3000.0,3000.0,8944.0,SSE905182770072
SEE953450151016,Speicher Rohrbach XI - P24-207,In Planung,Bayern,,Batterie,524,727,2975.0,2975.0,5950.0,SSE994494526606
SEE957312641844,Schmölln II BESS,In Betrieb,Brandenburg,/Date(1650499200000)/,Batterie,524,727,2940.0,2940.0,3005.0,SSE990051469140
SEE970162171323,ABO Wind Batterie Leutershausen,In Betrieb,Bayern,/Date(1684281600000)/,Batterie,524,727,2901.0,2901.0,5803.0,SSE971213414062
SEE940622968053,Speichersystem Innovation US2,In Planung,Bayern,,Batterie,524,727,2900.0,2900.0,1233.0,SSE947605438961
SEE921947771573,Speicher Stresow,In Betrieb,Sachsen-Anhalt,/Date(1681257600000)/,Batterie,524,727,2900.0,2900.0,2900.0,SSE942632906551
SEE983540626018,PVFA Engelhelmser Hecken,In Planung,Hessen,,Batterie,524,727,2897.0,2897.0,8460.0,SSE938340417885
SEE923635756794,Speicher Inno22-1,In Planung,Bayern,,Batterie,524,,2890.0,2890.0,5780.0,SSE957623578976
SEE912883199804,"Solar- und Speicherpark Erbendorf-Wildenreuth Anlagenteil 3 (2.836,8 kWp)",In Planung,Bayern,,Batterie,524,727,2836.8,2836.8,5015.0,SSE921922944770
SEE907494664452,Speicher Winterbach III - P22-260,In Planung,Bayern,,Batterie,524,727,2825.0,2825.0,5650.0,SSE927243077944
SEE921797038413,Grühai Batterie,In Betrieb,Sachsen,/Date(1759190400000)/,Batterie,524,727,2820.0,2820.0,12537.0,SSE928947859584
SEE928876901736,Speicher Pfannenstiel,In Betrieb,Bayern,/Date(1660262400000)/,Batterie,524,727,2800.0,2800.0,3896.0,SSE999081658364
SEE964913287715,BSS IGB,In Betrieb,Saarland,/Date(1751328000000)/,Batterie,524,728,2800.0,2800.0,11672.0,SSE992073450786
SEE982291763478,BESS Bovenden,In Planung,Niedersachsen,,Batterie,524,,2800.0,2800.0,2032.0,SSE961301676762
SEE958252031641,Speicher Völkersleier,In Betrieb,Bayern,/Date(1659571200000)/,Batterie,524,727,2800.0,2800.0,3444.48,SSE905200349242
SEE995000951387,Speicher Sengenthal 2800 kW,In Planung,Bayern,,Batterie,524,727,2800.0,2800.0,5600.0,SSE925886144955
SEE989135536915,Speicher Otterzhofen Süd,In Betrieb,Bayern,/Date(1731628800000)/,Batterie,524,727,2800.0,2800.0,7112.0,SSE919126218971
SEE974784277180,Am Oberen Hirschberg,In Planung,Bayern,,Batterie,524,727,2800.0,2800.0,5600.0,SSE942542805982
SEE933665632364,Speicher Hohenzant I BA 2,In Betrieb,Bayern,/Date(1731369600000)/,Batterie,524,727,2800.0,2800.0,7113.33,SSE963347633235
SEE963224111412,Batteriespeicher Cremzow,In Betrieb,Brandenburg,/Date(1526256000000)/,Batterie,524,727,22000.0,2800.0,34600.0,SSE922403427690
SEE919980523068,BESS Langwieder Feld,In Planung,Bayern,,Batterie,524,727,5015.0,2782.0,4012.0,SSE975293234664
SEE940179653112,Photovoltaik-Speicher-Kraftwerk Waizendorf,In Planung,Bayern,,Batterie,524,,2734.0,2734.0,5468.0,SSE955934193239
SEE909817520346,Speicher Brandscheid,In Betrieb,Rheinland-Pfalz,/Date(1677542400000)/,Batterie,524,727,2700.0,2700.0,2700.0,SSE979214609920
SEE981846556862,Bindlach-Eckershof Speicher,In Planung,Bayern,,Batterie,524,,2667.0,2667.0,5334.0,SSE971161722080
SEE901316227306,Karlsruhe RDK ESBS,In Betrieb,Baden-Württemberg,/Date(1770854400000)/,Batterie,524,727,2667.0,2667.0,2236.0,SSE983555596405
SEE994753661567,Ebersdorf b. Coburg-Kleingarnstadt 2.2 BESS,In Planung,Bayern,,Batterie,524,,2667.0,2667.0,5334.0,SSE955384589514
SEE923600545132,Hierlacker Batterie,In Betrieb,Bayern,/Date(1731715200000)/,Batterie,524,727,2667.0,2667.0,6096.0,SSE915867748937
SEE903155153303,PV-Speicher Oberbränderstraße 71,In Betrieb,Baden-Württemberg,/Date(1761177600000)/,Batterie,524,727,2660.0,2660.0,3400.0,SSE999320145464
SEE963339488126,BESS Steinau,In Planung,Hessen,,Batterie,524,727,2630.0,2630.0,5260.0,SSE902329695663
SEE900859161429,Speicher Schnelldorf V - P25-001,In Planung,Bayern,,Batterie,524,727,2625.0,2625.0,5250.0,SSE951527673409
SEE903214443598,ABO Energy Solarpark Korweiler Batterie,In Planung,Rheinland-Pfalz,,Batterie,524,727,2617.0,2617.0,8000.0,SSE925141052803
SEE901131362077,SWM Uppenborn 1 BSP6,In Betrieb,Bayern,/Date(1670803200000)/,Batterie,524,727,2610.0,2610.0,2500.0,SSE978902582934
SEE989968560507,SWM Uppenborn 1 BSP3,In Betrieb,Bayern,/Date(1670803200000)/,Batterie,524,727,2610.0,2610.0,2500.0,SSE914301035268
SEE954154513360,SWM Uppenborn 1 BSP10,In Betrieb,Bayern,/Date(1670803200000)/,Batterie,524,727,2610.0,2610.0,2500.0,SSE979662470929
SEE970263793356,SWM Uppenborn 1 BSP4,In Betrieb,Bayern,/Date(1670803200000)/,Batterie,524,727,2610.0,2610.0,2500.0,SSE983162040117
SEE902746865687,SWM Uppenborn 1 BSP1,In Betrieb,Bayern,/Date(1670803200000)/,Batterie,524,727,2610.0,2610.0,2500.0,SSE929545525321
SEE945066910361,SWM Uppenborn 1 BSP2,In Betrieb,Bayern,/Date(1670803200000)/,Batterie,524,727,2610.0,2610.0,2500.0,SSE968284606007
SEE973530454349,SWM Uppenborn 1 BSP9,In Betrieb,Bayern,/Date(1670803200000)/,Batterie,524,727,2610.0,2610.0,2500.0,SSE964755438610
SEE901573149502,SWM Uppenborn 1 BSP5,In Betrieb,Bayern,/Date(1670803200000)/,Batterie,524,727,2610.0,2610.0,2500.0,SSE900998668445
SEE932565997221,SWM Uppenborn 1 BSP7,In Betrieb,Bayern,/Date(1670803200000)/,Batterie,524,727,2610.0,2610.0,2500.0,SSE957158887970
SEE958896843136,SWM Uppenborn 1 BSP8,In Betrieb,Bayern,/Date(1670803200000)/,Batterie,524,727,2610.0,2610.0,2500.0,SSE949879046712
SEE985187149936,SP Petzenberg Speicher,In Planung,Bayern,,Batterie,524,727,2600.0,2600.0,5200.0,SSE916280054292
SEE979180879334,BESS Laudenbach (GGEW),In Planung,Baden-Württemberg,,Batterie,524,,2600.0,2600.0,5200.0,SSE969827161120
SEE911690715313,Batteriespeicher Wernau,In Betrieb,Baden-Württemberg,/Date(1501545600000)/,Batterie,524,727,2600.0,2600.0,2400.0,SSE986586794253
SEE974657336006,SP Hörbach Speicher,In Planung,Bayern,,Batterie,524,727,2600.0,2600.0,5200.0,SSE952953333028
SEE900289711263,9050 SP St. Georgen Brogen BESS,In Planung,Baden-Württemberg,,Batterie,524,727,2580.0,2580.0,7440.0,SSE964605693060
SEE966772334135,Speicher,In Planung,Bremen,,Batterie,524,727,2556.0,2556.0,4472.0,SSE959420261068
SEE918110610098,SP Möringen II PVA8 Speicher,In Betrieb,Sachsen-Anhalt,/Date(1764201600000)/,Batterie,524,727,2556.0,2556.0,8944.0,SSE954176540054
SEE938983136952,Gumtow_SO4.1 Speicher,In Betrieb,Brandenburg,/Date(1786579200000)/,Batterie,524,727,2556.0,2556.0,5015.0,SSE970101501822
SEE944667645443,Speicher Freystadt - P23-131 - Teil 1,In Planung,Bayern,,Batterie,524,727,2550.0,2550.0,5100.0,SSE945062588885
SEE953981583027,Gewerbespeicher 2026,In Planung,Niedersachsen,,Batterie,524,727,2520.0,2520.0,5640.0,SSE949864768742
SEE934638364947,Batteriespeicher Sengenthal,In Betrieb,Bayern,/Date(1610928000000)/,Batterie,524,727,2520.0,2520.0,2200.0,SSE937121073524
SEE998391664744,Pilsach Litzlohe 2 Batterie,In Planung,Bayern,,Batterie,524,,2520.0,2520.0,5852.0,SSE928078816517
SEE986241248909,Batteriespeicher Gusenburg PV1,In Planung,Rheinland-Pfalz,,Batterie,524,727,2520.0,2520.0,5015.0,SSE981905279800
SEE953250200655,SMP 26 BESS Köhlberg Hundersingen,In Planung,Baden-Württemberg,,Batterie,524,727,2508.0,2508.0,5015.0,SSE902700891585
SEE961188307742,Grünstromspeicher Sinntal,In Planung,Hessen,,Batterie,524,727,2508.0,2508.0,5015.0,SSE984931051532
SEE921363637033,Oslebshausen - Speicher,In Planung,Bremen,,Batterie,524,727,2508.0,2508.0,4012.0,SSE962873817454
SEE917839734856,BESS Alfdorf 5.015 kWh,In Planung,Baden-Württemberg,,Batterie,524,727,2556.0,2508.0,5016.0,SSE957381096477
SEE985456081806,Großpaschleben I,In Planung,Sachsen-Anhalt,,Batterie,524,727,2507.5,2507.5,5000.0,SSE982968827311
SEE924770078116,Taltitz II,In Planung,Sachsen,,Batterie,524,727,2507.0,2507.0,5015.0,SSE966050856816
SEE983809660142,Batteriespeicher Döhle,In Planung,Niedersachsen,,Batterie,524,727,2507.0,2507.0,5015.0,SSE912263725388
SEE947652720293,ESS_Tokai2_Elv,In Betrieb,Nordrhein-Westfalen,/Date(1609459200000)/,Batterie,524,727,2500.0,2500.0,2400.0,SSE971442184484
SEE935780233716,PV-Park 2,In Planung,Bayern,,Batterie,524,727,10000.0,2500.0,10000.0,SSE956192873369
SEE977047245308,Stromspeicher 1,In Betrieb,Bayern,/Date(1704067200000)/,Batterie,524,727,2500.0,2500.0,5.796,SSE909010750199
SEE924136070563,VENDO SOLAR BESS Salzbergen 1,In Planung,Niedersachsen,,Batterie,524,727,2500.0,2500.0,5000.0,SSE956517348954
SEE989818794809,Speicher Jetzendorf - P22-513,In Planung,Bayern,,Batterie,524,727,2500.0,2500.0,5000.0,SSE933594952663
SEE967965906245,Grünstrom 2027,In Planung,Nordrhein-Westfalen,,Batterie,524,727,2500.0,2500.0,10000.0,SSE901355397244
SEE969919161632,Speicher Seckach V - P26-042,In Planung,Baden-Württemberg,,Batterie,524,727,2500.0,2500.0,5000.0,SSE929107155645
SEE932726048786,Böhmer BESS 1,In Planung,Nordrhein-Westfalen,,Batterie,524,727,2500.0,2500.0,5355.0,SSE909853622905
SEE988521409697,Bürger-Speicherkraftwerk Marzling,In Betrieb,Bayern,/Date(1783987200000)/,Batterie,524,727,2500.0,2500.0,5015.9,SSE921999225840
SEE997135576251,"Batteriespeicher Armsheim - 2,5 MW",In Planung,Rheinland-Pfalz,,Batterie,524,727,2500.0,2500.0,5000.0,SSE954094564330
SEE934240114695,HKW - Batteriespeicher,In Planung,Nordrhein-Westfalen,,Batterie,524,727,2500.0,2500.0,5000.0,SSE922836873651
SEE951604339228,BESS EBG Perlesreut eG Göschlmühle,In Planung,Bayern,,Batterie,524,732,2500.0,2500.0,2500.0,SSE966538232002
SEE930732971197,Speicher Test,In Planung,Bayern,,Batterie,524,727,2500.0,2500.0,5000.0,SSE969665939882
SEE960369932407,Quantum-Batterie-Lingen,In Betrieb,Niedersachsen,/Date(1765324800000)/,Batterie,524,727,2500.0,2500.0,4514.31,SSE953373106148
SEE925317103308,Speicher / Langenselbold,In Planung,Hessen,,Batterie,524,727,2500.0,2500.0,5015.0,SSE963423452477
SEE905449831522,Sinzheim-Waldhof,In Planung,Baden-Württemberg,,Batterie,524,727,2500.0,2500.0,3858.0,SSE920152664137
SEE975389826964,wpd Batteriespeicher Lautlingen Nord,In Planung,Baden-Württemberg,,Batterie,524,727,2500.0,2500.0,5000.0,SSE921585457853
SEE930949978316,SpeicherMunderkingen25,In Planung,Baden-Württemberg,,Batterie,524,727,2500.0,2500.0,10030.0,SSE959459805394
SEE995362473800,BESS Bachfeld,In Betrieb,Bayern,/Date(1787875200000)/,Batterie,524,727,2500.0,2500.0,5015.9,SSE946966639994
SEE930624296063,Batteriespeicher WW Guntersblum,In Betrieb,Rheinland-Pfalz,/Date(1640995200000)/,Batterie,524,727,2500.0,2500.0,3000.0,SSE923935449457
SEE995199870315,Batterie Schönfeld,In Planung,Baden-Württemberg,,Batterie,524,727,2500.0,2500.0,5000.0,SSE905614401963
SEE989669456239,Batteriespeicher Schneeberg,In Betrieb,Sachsen,/Date(1702857600000)/,Batterie,524,727,2500.0,2500.0,2500.0,SSE911094825786
SEE903396316604,"Hamminkeln BESS 5,3 MWh",In Planung,Nordrhein-Westfalen,,Batterie,524,727,2822.14,2500.0,5355.0,SSE934894799576
SEE931696603735,Speicher PV Haselbach Nord,In Planung,Bayern,,Batterie,524,727,2500.0,2500.0,5300.0,SSE964234332576
SEE948927834400,PV-Park Michelsberg (BESS),In Planung,Hessen,,Batterie,524,727,2500.0,2500.0,5000.0,SSE952900040795
SEE940602804401,Solarpark Schernikau 15 GmbH Batterie,In Planung,Sachsen-Anhalt,,Batterie,524,727,2500.0,2500.0,6000.0,SSE943348828670
SEE924492583332,"Eckel Energy GmbH ＆ Co. KG, Heisterbreite 2d, BESS-2,5MW-5MWh",In Planung,Niedersachsen,,Batterie,524,727,2500.0,2500.0,5000.0,SSE979230677798
SEE977011446397,BESS Kelchham 1,In Betrieb,Bayern,/Date(1736208000000)/,Batterie,524,727,2500.0,2500.0,5152.0,SSE907545977678
SEE994977200863,ABR955057773547,In Planung,Sachsen,,Batterie,524,,2500.0,2500.0,5.0,SSE993301106420
SEE920698449090,Speicher Buchloe,In Planung,Bayern,,Batterie,524,727,2500.0,2500.0,5300.0,SSE938862958361
SEE970751180590,BESS Altena,In Planung,Nordrhein-Westfalen,,Batterie,524,727,2500.0,2500.0,5000.0,SSE929025255175
SEE984416238083,Speicher_2026,In Planung,Baden-Württemberg,,Batterie,524,,2500.0,2500.0,5015.0,SSE920615048207
SEE993997172082,Stromspeicher BeSSY Aub - 2.500 kW,In Betrieb,Bayern,/Date(1494979200000)/,Batterie,524,727,2500.0,2500.0,2500.0,SSE943023174498
SEE905867758128,"SIMONA BEES 2,5MW - Batteriespeicher",In Betrieb,Rheinland-Pfalz,/Date(1726012800000)/,Batterie,524,727,2500.0,2500.0,2500.0,SSE908826201031
SEE994612828100,Provenios Dettingen,In Planung,Baden-Württemberg,,Batterie,524,,2538.0,2500.0,10000.0,SSE911578263264
SEE976491035152,Speicher Petersberg III - P23-429,In Planung,Sachsen-Anhalt,,Batterie,524,727,2500.0,2500.0,5000.0,SSE913846437513
SEE915349102790,Batteriespeicher Waldmattensee,In Planung,Baden-Württemberg,,Batterie,524,727,2500.0,2500.0,5015.0,SSE975475633216
SEE923584556827,Speicher Reichertshofen XXI - P26-016,In Planung,Bayern,,Batterie,524,727,2500.0,2500.0,5000.0,SSE930172933380
SEE944347555529,PV Walshausen,In Betrieb,Rheinland-Pfalz,/Date(1680134400000)/,Batterie,524,727,2475.0,2475.0,2160.0,SSE958826408350
SEE953918393026,Batteriespeicher PV - Anlage Aasen-Donaueschingen,In Betrieb,Baden-Württemberg,/Date(1680048000000)/,Batterie,524,727,2460.0,2460.0,6739.2,SSE903857525484
SEE985069798368,Speicher Baar-Ebenhausen V - P25-029,In Planung,Bayern,,Batterie,524,727,2425.0,2425.0,4850.0,SSE981408580472
SEE948786499895,Speicher Schnaittenbach II,In Betrieb,Bayern,/Date(1673913600000)/,Batterie,524,727,2400.0,2400.0,2808.0,SSE970372973038
SEE986862951462,Hinterer Grieß - BESS,In Betrieb,Bayern,/Date(1774310400000)/,Batterie,524,727,3048.0,2400.0,6096.0,SSE912718593845
SEE920111327103,Schwarzstartbatterie,In Betrieb,Brandenburg,/Date(1651363200000)/,Batterie,524,727,2400.0,2400.0,3350.0,SSE986239999578
SEE949643678873,"Graustromspeicher Autmaring 2,4MW/5,0MWh",In Planung,Nordrhein-Westfalen,,Batterie,524,727,2400.0,2400.0,5015.0,SSE968772426674
SEE931990988538,Inno BESS Brunnthal,In Betrieb,Bayern,/Date(1766966400000)/,Batterie,524,727,2400.0,2400.0,6000.0,SSE997681284655
SEE989486448332,Stromspeicher,In Planung,Niedersachsen,,Batterie,524,727,2400.0,2400.0,2400.0,SSE928363401640
SEE946814923480,Speicher Menning  - P22-033,In Planung,Bayern,,Batterie,524,727,2400.0,2400.0,4800.0,SSE975797799348
SEE960456931061,Graustromspeicher Taiting II,In Planung,Bayern,,Batterie,524,727,2400.0,2400.0,5000.0,SSE990354456021
SEE911826827330,Großspeicher Solarpark Walpenreuth,In Planung,Bayern,,Batterie,524,727,2400.0,2400.0,5000.0,SSE981784026243
SEE969990307462,Solarpark Leer,In Planung,Niedersachsen,,Batterie,524,732,2400.0,2400.0,4800.0,SSE962882945407
SEE935177558965,Speicher Dettenschwang,In Planung,Bayern,,Batterie,524,727,2380.0,2380.0,4770.0,SSE933336303739
SEE962493783009,Speicher Beratzhausen IV - P23-167,In Planung,Bayern,,Batterie,524,727,2350.0,2350.0,4700.0,SSE944823584876
SEE919868593923,PV Sonneberg Batteriespeicher,In Betrieb,Thüringen,/Date(1716940800000)/,Batterie,524,727,2322.0,2322.0,4644.0,SSE918906203404
SEE983384565948,Speicher PV POE-Maising,In Planung,Bayern,,Batterie,524,727,2320.0,2320.0,6200.0,SSE917870784384
SEE936145920623,WP Häusern Speicher,In Betrieb,Baden-Württemberg,/Date(1734048000000)/,Batterie,524,727,2300.0,2300.0,4600.0,SSE922615269132
SEE954562561007,Batteriespeicher PV - Anlage Reckertshausen Hühnerellern,In Betrieb,Bayern,/Date(1643587200000)/,Batterie,524,727,2256.0,2256.0,5760.0,SSE952703006905
SEE906209865634,067-Treuenbrietzen-Speicher,In Planung,Brandenburg,,Batterie,524,727,2250.0,2250.0,4472.4,SSE911151033376
SEE903095708120,SWM HKW Freimann BSP3,In Betrieb,Bayern,/Date(1608681600000)/,Batterie,524,727,2250.0,2250.0,2345.0,SSE974598503741
SEE955166555447,Speicherkraftwerk Wildflecken,Vorübergehend stillgelegt,Bayern,/Date(1489968000000)/,Batterie,524,728,2250.0,2250.0,2200.0,SSE956163134529
SEE995456283742,Kleinwallstadt 1,In Planung,Bayern,,Batterie,524,727,2250.0,2250.0,4698.0,SSE972496456053
SEE924821338909,SWM HKW Freimann BSP2,In Betrieb,Bayern,/Date(1608681600000)/,Batterie,524,727,2250.0,2250.0,2345.0,SSE996712873981
SEE981161419538,SWM HKW Freimann BSP4,In Betrieb,Bayern,/Date(1608681600000)/,Batterie,524,727,2250.0,2250.0,2345.0,SSE969717173707
SEE999189233647,Speicher Meeder IV - P23-507,In Planung,Bayern,,Batterie,524,727,2250.0,2250.0,4500.0,SSE915785413474
SEE961083745526,SWM HKW Freimann BSP1,In Betrieb,Bayern,/Date(1608681600000)/,Batterie,524,727,2250.0,2250.0,2345.0,SSE925930084442
SEE901082521295,Speicher Burkau - P23-574,In Planung,Sachsen,,Batterie,524,727,2250.0,2250.0,4500.0,SSE911962347594
SEE987991614587,Solarpark Goldbach - Stumpertsacker,In Planung,Bayern,,Batterie,524,727,2236.0,2236.0,4472.0,SSE941063950263
SEE939652941914,PV-Speicher LUNA2000 (Speicher 1.2),In Betrieb,Baden-Württemberg,/Date(1773100800000)/,Batterie,524,727,2236.0,2236.0,4472.0,SSE945116995775
SEE936991827510,PV-Speicher LUNA2000 (Speicher 2.1),In Betrieb,Baden-Württemberg,/Date(1773100800000)/,Batterie,524,727,2236.0,2236.0,4472.0,SSE905576360230
SEE905100870198,Speicher PVA Haitzing,In Planung,Bayern,,Batterie,524,727,2236.0,2236.0,4472.0,SSE948816239989
SEE994897433815,Speicher Taiting II,In Planung,Bayern,,Batterie,524,727,2210.0,2210.0,4430.0,SSE951313053392
SEE921117533901,Batteriespeicher SJM,In Betrieb,Nordrhein-Westfalen,/Date(1715040000000)/,Batterie,524,727,2200.0,2200.0,2700.0,SSE905411291415
SEE925018613724,Wallerfangen Antonkreuz Speicher,In Planung,Saarland,,Batterie,524,727,2200.0,2200.0,8000.0,SSE922069223957
SEE948773436292,Batteriespeicher Wilsingen,In Planung,Baden-Württemberg,,Batterie,524,727,2200.0,2200.0,5015.0,SSE914880563053
SEE900285844309,Solarpark Wangen im Allgäu Speicher,In Betrieb,Baden-Württemberg,/Date(1773964800000)/,Batterie,524,727,2200.0,2200.0,6140.0,SSE928731530217
SEE984750414365,BESS Heselstücken,In Betrieb,Hamburg,/Date(1774483200000)/,Batterie,524,727,2195.0,2195.0,5000.0,SSE959350766732
SEE998770854599,ABO Energy Batterie Euenheim,In Planung,Nordrhein-Westfalen,,Batterie,524,727,2194.0,2194.0,6500.0,SSE905154940779
SEE949021236992,Batteriespeicher Nonnenbreite,In Planung,Nordrhein-Westfalen,,Batterie,524,727,2185.0,2185.0,5015.0,SSE901389102784
SEE997440194782,URENCO-Battery I,In Betrieb,Nordrhein-Westfalen,/Date(1742169600000)/,Batterie,524,727,2175.0,2175.0,5184.0,SSE907388092019
SEE941589856735,URENCO-Battery II,In Betrieb,Nordrhein-Westfalen,/Date(1742169600000)/,Batterie,524,727,2175.0,2175.0,5184.0,SSE995064156476
SEE917571750633,Speichereinheit 1 Schönleiten,In Planung,Bayern,,Batterie,524,,2160.0,2160.0,5016.0,SSE941362556203
SEE969726544369,bLa41 - PV Laaber 4 BESS 1,In Planung,Bayern,,Batterie,524,,2160.0,2160.0,5016.0,SSE956530902102
SEE933228415922,Energiepark Brandl eGbR,In Planung,Bayern,,Batterie,524,727,2236.0,2130.0,4472.0,SSE913141964769
SEE956237176431,Speicher Uettingen III - P25-227,In Planung,Bayern,,Batterie,524,727,2125.0,2125.0,4250.0,SSE932940568213
SEE956030501591,Speicher Veitswend,In Betrieb,Bayern,/Date(1731542400000)/,Batterie,524,727,2108.0,2108.0,6097.14,SSE915942227715
SEE952410839506,Meppen Speicher,In Planung,Niedersachsen,,Batterie,524,727,2100.0,2100.0,4200.0,SSE903553662681
SEE941735857784,Schwieberdingen 2 Batterie,In Planung,Baden-Württemberg,,Batterie,524,727,2088.0,2088.0,4176.0,SSE962707140161
SEE952795558252,BESS Dummerstorf Energiewende,In Planung,Mecklenburg-Vorpommern,,Batterie,524,,2084.0,2084.0,4168.0,SSE942487737157
SEE994583530330,CATL EMS PZ Bochum,In Betrieb,Nordrhein-Westfalen,/Date(1782864000000)/,Batterie,524,727,2036.73,2036.73,4073.47,SSE997859426627
SEE967934196264,Speicher APV Bad Waldsee,In Planung,Baden-Württemberg,,Batterie,524,727,2032.0,2032.0,4500.0,SSE970784936614
SEE966483048338,PV 2024 Speicher,In Planung,Baden-Württemberg,,Batterie,524,727,2032.0,2032.0,2032.0,SSE937372585197
SEE900748205791,Speicher APV Kißlegg,In Planung,Baden-Württemberg,,Batterie,524,727,2032.0,2032.0,4500.0,SSE926243410607
SEE952526727650,Speicherpark,In Planung,Baden-Württemberg,,Batterie,524,727,2032.0,2032.0,4064.0,SSE948047785217
SEE982694811646,Speicher Mosbach - P18-016,In Betrieb,Bayern,/Date(1742947200000)/,Batterie,524,727,2032.0,2032.0,4064.0,SSE943959282274
SEE940492675761,BESS Amalon Gewerbepark,In Planung,Baden-Württemberg,,Batterie,524,727,3000.0,2000.0,6000.0,SSE956015489265
SEE926507264939,Stromspeicher Lettgenbrunn,In Betrieb,Hessen,/Date(1751500800000)/,Batterie,524,727,2000.0,2000.0,2000.0,SSE900922571537
SEE903381038559,HB - Lachendorf Im Bulloh - BESS,In Planung,Niedersachsen,,Batterie,524,727,2000.0,2000.0,4176.0,SSE928873359905
SEE916398160267,"Solarpark Denkendorf V - P23-354 - BESS 2.000,00 kW Inn23-2/036",In Betrieb,Bayern,/Date(1769990400000)/,Batterie,524,727,2000.0,2000.0,4064.0,SSE965306473272
SEE950332558314,Stromspeicher Bürger-PV Göritzberg,In Planung,Thüringen,,Batterie,524,727,2200.0,2000.0,4064.0,SSE946341617821
SEE971321520662,Speicher Schrobenhausen-Sandizell I - P20-105 - Teil 2.000 kW BESS Inn25-2/031,In Betrieb,Bayern,/Date(1780876800000)/,Batterie,524,727,2000.0,2000.0,4064.0,SSE948221687795
SEE938734688372,Speicher Krücklham,In Planung,Bayern,,Batterie,524,727,2000.0,2000.0,4000.0,SSE939289139234
SEE950001809648,Speicher Ingolstadt II - P22-622 - 2.000 kW Inn24-2/113 BESS,In Planung,Bayern,,Batterie,524,727,2000.0,2000.0,4064.0,SSE936219564951
SEE919151256290,Speicher Winterbach II - P21-474 - Speicher,In Betrieb,Bayern,/Date(1756425600000)/,Batterie,524,727,2000.0,2000.0,2032.0,SSE900337598365
SEE950360832110,BESS Oberhaid,In Planung,Rheinland-Pfalz,,Batterie,524,,2000.0,2000.0,4000.0,SSE943274584220
SEE917983777723,Solar-Speicher-Kraftwerk Gutengermendorf I,In Planung,Brandenburg,,Batterie,524,,4128.0,2000.0,4132.0,SSE997502898788
SEE956443606111,Batteriespeicher Solarpark Nutteln,In Planung,Schleswig-Holstein,,Batterie,524,727,2000.0,2000.0,8128.0,SSE998729831480
SEE960417872129,Speicher Walsleben - P21-275,In Planung,Brandenburg,,Batterie,524,727,2000.0,2000.0,4000.0,SSE938628565321
SEE964009614593,Zeven FlexPower Energy GmbH,In Betrieb,Niedersachsen,/Date(1762387200000)/,Batterie,524,727,2050.0,2000.0,3663.0,SSE950287673872
SEE916777318425,BTC_PFL P11,Vorübergehend stillgelegt,Niedersachsen,/Date(1617926400000)/,Batterie,524,727,2000.0,2000.0,0.01,SSE997219345735
SEE917403814939,Speicher Bakum - P23-151,In Planung,Niedersachsen,,Batterie,524,727,2000.0,2000.0,4000.0,SSE914816329487
SEE947721621049,"Speicher Allershausen - P23-268 - 2.000,00 kW 4.064 kWh BESS Inn24-2/131",In Betrieb,Bayern,/Date(1777593600000)/,Batterie,524,727,2000.0,2000.0,4064.0,SSE982682836989
SEE969901278188,Speicher,In Planung,Niedersachsen,,Batterie,524,727,2000.0,2000.0,4000.0,SSE944328131421
SEE943795051829,Speicher Rain V - P24-227,In Planung,Bayern,,Batterie,524,727,2000.0,2000.0,4000.0,SSE918206468008
SEE945342909836,Rote Jahne - Speicher 2 MW,In Betrieb,Sachsen,/Date(1706832000000)/,Batterie,524,727,2000.0,2000.0,4554.0,SSE957268026795
SEE953260746648,Batteriespeicher Böhmreut,In Betrieb,Bayern,/Date(1769126400000)/,Batterie,524,727,2032.0,2000.0,4064.0,SSE970234375963
SEE992016833690,Speicher Sappenfeld - P22-271 - 2.000 kW Inn23-2/035,In Betrieb,Bayern,/Date(1774828800000)/,Batterie,524,727,2000.0,2000.0,4064.0,SSE926211848227
SEE924253067729,Hafenbatterie,Vorübergehend stillgelegt,Hamburg,/Date(1474502400000)/,Batterie,524,727,2000.0,2000.0,2500.0,SSE992622620769
SEE974416707450,BESS-2MW_GBB,In Planung,Thüringen,,Batterie,524,727,2000.0,2000.0,8864.0,SSE924802514018
SEE915795716527,Speicher Mallersdorf-Pfaffenberg II - P23-120 - BESS 2.000 kW 4.064 kWh,In Planung,Bayern,,Batterie,524,727,2000.0,2000.0,4064.0,SSE992240485283
SEE973585970962,Batteriespeicher W2G,In Betrieb,Schleswig-Holstein,/Date(1510617600000)/,Batterie,524,727,2000.0,2000.0,2700.0,SSE974564871775
SEE929898204188,Hemhofen Speicher,In Planung,Bayern,,Batterie,524,727,2000.0,2000.0,4000.0,SSE946617803392
SEE970361842536,Speicher Stamsried - P22-221,In Betrieb,Bayern,/Date(1746403200000)/,Batterie,524,727,2000.0,2000.0,4000.0,SSE959483707480
SEE912543602071,Speicher Schrobenhausen IX - P22-591 - Teil 2,In Planung,Bayern,,Batterie,524,727,2000.0,2000.0,4064.0,SSE981823141579
SEE915286783892,Batteriespeicher Braderup,In Betrieb,Schleswig-Holstein,/Date(1443052800000)/,Batterie,524,732,2000.0,2000.0,2000.0,SSE900841707772
SEE967356540492,Speicher Weinheim - P23-055,In Betrieb,Baden-Württemberg,/Date(1743552000000)/,Batterie,524,727,2000.0,2000.0,4064.0,SSE901977608117
SEE932637272065,Solar-Speicher-Kraftwerk Gutengermendorf II,In Planung,Brandenburg,,Batterie,524,,4132.0,2000.0,4132.0,SSE904855015007
SEE950813721336,Speicher-Fredenbeck5472,In Betrieb,Niedersachsen,/Date(1779321600000)/,Batterie,524,727,2000.0,2000.0,2032.0,SSE984412659431
SEE999463696526,Batteriespeicher Teil 1 Airbus Helicopters Deutschland,In Betrieb,Bayern,/Date(1756684800000)/,Batterie,524,727,2000.0,2000.0,4000.0,SSE952268526801
SEE941919962679,BESS Icking 1 ＆ 2,In Betrieb,Bayern,/Date(1639612800000)/,Batterie,524,727,2000.0,2000.0,3060.0,SSE939573201319
SEE901763599254,"Stromspeicher 2,5 MW Bautzen",In Betrieb,Sachsen,/Date(1516147200000)/,Batterie,524,727,2000.0,2000.0,2000.0,SSE992193135617
SEE927216421675,Speicher Reichertshofen XIII - P23-524,In Planung,Bayern,,Batterie,524,727,2000.0,2000.0,4064.0,SSE967389506984
SEE936876390009,Speicher Hambergen - P21-149 - Inn23-2/033 - 2.000 kW,In Betrieb,Niedersachsen,/Date(1774483200000)/,Batterie,524,727,2000.0,2000.0,4064.0,SSE972944536078
SEE935423988881,WBS Tarzow II,In Planung,Mecklenburg-Vorpommern,,Batterie,524,727,2000.0,2000.0,4000.0,SSE995088420256
SEE972805528464,"Speicher Laaber - P23-003 - BESS 2.000,00 kW - Inn23-2/023",In Betrieb,Bayern,/Date(1771200000000)/,Batterie,524,727,2000.0,2000.0,4064.0,SSE962604565265
SEE980989554322,Graustromspeicher Jungensberg,In Betrieb,Bayern,/Date(1776729600000)/,Batterie,524,727,2000.0,2000.0,6037.0,SSE984972091252
SEE927387600947,Solarpark Rot an der Rot Speicher,In Planung,Baden-Württemberg,,Batterie,524,727,2000.0,2000.0,1720.0,SSE923465083138
SEE986273261426,P22-218 Solarpark Beilngries-Arnbuch - Speicher,In Planung,Bayern,,Batterie,524,,2000.0,2000.0,4000.0,SSE940424725120
SEE991010009728,2MWh Speicher Gewerbegebiet Haßfurt,In Betrieb,Bayern,/Date(1603843200000)/,Batterie,524,727,2000.0,2000.0,2148.0,SSE939544387431
SEE940821338480,Agri-Photovoltaik Gersheim 1 BESS,In Planung,Saarland,,Batterie,524,727,2000.0,2000.0,4472.0,SSE923640867720
SEE942088999749,Batteriespeicher 2,In Planung,Nordrhein-Westfalen,,Batterie,524,727,1995.0,1995.0,5014.0,SSE998696681767
SEE911460763506,PV-Anlage MBA 2.000 kW,In Planung,Nordrhein-Westfalen,,Batterie,524,727,5080.0,1980.0,10161.5,SSE973491558810
SEE923433960119,Batteriespeicher Dresden - Reick,In Betrieb,Sachsen,/Date(1424649600000)/,Batterie,524,727,2000.0,1950.0,2700.0,SSE933981614037
SEE954677148513,ABO Wind Batterie Weichenried,In Betrieb,Bayern,/Date(1702425600000)/,Batterie,524,727,1928.0,1928.0,3856.0,SSE911236983657
SEE970085795354,BESS Nüttermoor GC Dev,In Planung,Niedersachsen,,Batterie,524,,1927.0,1927.0,3854.0,SSE941268718934
SEE967020267441,Trappstadt-Alsleben Ost 1.4 Speicher,In Planung,Bayern,,Batterie,524,,1900.0,1900.0,3800.0,SSE960128615800
SEE979355944249,Batteriespeicher,In Planung,Nordrhein-Westfalen,,Batterie,524,727,1900.0,1900.0,2160.0,SSE941578019608
SEE911518268212,Schafstedt Speicher,In Planung,Schleswig-Holstein,,Batterie,524,727,1900.0,1900.0,4000.0,SSE997205143932
SEE906839076233,Agri-Photovoltaik Gersheim I BESS,In Planung,Saarland,,Batterie,524,727,1900.0,1900.0,4472.0,SSE950194666684
SEE964441765907,Speicher 1 der Freiflächenanlage Deponie Edesheim,In Planung,Rheinland-Pfalz,,Batterie,524,732,1900.0,1900.0,3841.0,SSE940834192031
SEE987543360665,Speicher Trugenhofen-Rohrbach-Rennertshofen - P24-036,In Planung,Bayern,,Batterie,524,727,1900.0,1900.0,3800.0,SSE945496752272
SEE958572585640,Speicher Hohenwart VII - P26-166,In Planung,Bayern,,Batterie,524,727,1900.0,1900.0,3800.0,SSE988598411180
SEE913265695471,Batteriespeicher,In Betrieb,Nordrhein-Westfalen,/Date(1608163200000)/,Batterie,524,727,1890.0,1890.0,2740.0,SSE942555288680
SEE931278308010,BESS Leuchtenburg,In Planung,Niedersachsen,,Batterie,524,,1890.0,1890.0,5417.0,SSE901463442812
SEE973893398717,Aluwerk Hamburg,In Betrieb,Hamburg,/Date(1640995200000)/,Batterie,524,727,1890.0,1890.0,1600.0,SSE922225015822
SEE943624506292,Gewerbespeicher,In Planung,Niedersachsen,,Batterie,524,727,1840.0,1840.0,3680.0,SSE992799644674
SEE931531401762,BMW Batteriespeicher München Knorrstrasse FIZ,In Betrieb,Bayern,/Date(1767744000000)/,Batterie,524,727,1800.0,1800.0,1700.0,SSE965881754308
SEE945446768476,Walle Speicher,In Betrieb,Niedersachsen,/Date(1778112000000)/,Batterie,524,727,1800.0,1800.0,6096.0,SSE922546688286
SEE930406313285,"Batteriespeicher Hirschbach 1,8 MW",In Planung,Bayern,,Batterie,524,727,1800.0,1800.0,3600.0,SSE952631634096
SEE952807129814,Crinitz 1 Speicher,In Betrieb,Brandenburg,/Date(1765152000000)/,Batterie,524,727,1800.0,1800.0,6096.0,SSE941014774658
SEE949202795522,BESS Reichertshofen,In Planung,Bayern,,Batterie,524,727,1789.0,1789.0,4000.0,SSE968714244007
SEE987800479291,SolaRE 14 BESS,In Planung,Nordrhein-Westfalen,,Batterie,524,,1788.0,1788.0,4472.0,SSE975658909985
SEE964360360290,Solarpark Lorfeld Batteriespeicher,In Planung,Nordrhein-Westfalen,,Batterie,524,727,1775.0,1775.0,3550.0,SSE937928680109
SEE970640560113,Dietrichsmais B,In Planung,Bayern,,Batterie,524,727,1763.52,1763.52,3132.0,SSE940493467624
SEE915122006536,Energiehaus,In Betrieb,Niedersachsen,/Date(1759795200000)/,Batterie,524,727,1760.0,1760.0,3924.72,SSE992225961160
SEE917106449803,Speicher Schnelldorf - P24-198,In Planung,Bayern,,Batterie,524,727,1750.0,1750.0,3500.0,SSE906206343951
SEE991219389751,Speicher Werne - P23-335,In Planung,Nordrhein-Westfalen,,Batterie,524,727,1750.0,1750.0,3500.0,SSE998930498786
SEE934064203216,BESS Maisach Ost - InnoAus,In Planung,Bayern,,Batterie,524,727,1750.0,1750.0,2100.0,SSE967839014083
SEE990451468248,Stromspeicher 1.740 kW,In Betrieb,Bayern,/Date(1739836800000)/,Batterie,524,727,1740.0,1740.0,3000.0,SSE921115912838
SEE924584980247,PV-Batteriespeicher Deesen,In Betrieb,Rheinland-Pfalz,/Date(1774483200000)/,Batterie,524,727,2004.0,1725.0,4008.0,SSE969023671591
SEE916041421592,NUKAspeicher,In Betrieb,Bayern,/Date(1706572800000)/,Batterie,524,727,1718.0,1718.0,3542.0,SSE917733426727
SEE990143001883,Speicher GS I 12740,In Betrieb,Sachsen,/Date(1655942400000)/,Batterie,524,732,2475.0,1700.0,3840.0,SSE962090500283
SEE998930227171,Agri-Photovoltaik Camino Adorf BESS,In Planung,Sachsen,,Batterie,524,727,1700.0,1700.0,5000.0,SSE995612834498
SEE901873131559,Stromspeicher Unterwendling,In Betrieb,Bayern,/Date(1763856000000)/,Batterie,524,727,1700.0,1700.0,4064.0,SSE968865662347
SEE939545429956,BESS Kölsa GC DEV,In Planung,Sachsen,,Batterie,524,,1687.0,1687.0,3427.0,SSE976031917801
SEE933340825944,Schernfeld-Schönfeld 1.3 BESS,In Planung,Bayern,,Batterie,524,,1667.0,1667.0,3334.0,SSE914822320218
SEE968302515069,Ebersdorf-Oberfüllbach 1.2 BESS,In Planung,Bayern,,Batterie,524,,1667.0,1667.0,3334.0,SSE978542435720
SEE964350235539,BESS Freifläche Reflex,In Betrieb,Nordrhein-Westfalen,/Date(1768435200000)/,Batterie,524,727,1656.0,1656.0,1800.0,SSE942965813595
SEE988897398533,Batterie DGF,In Betrieb,Bayern,/Date(1765411200000)/,Batterie,524,727,1656.0,1656.0,3600.0,SSE980190246023
SEE925007092943,Speicher Großrinderfeld III - P23-444,In Planung,Baden-Württemberg,,Batterie,524,727,1650.0,1650.0,3300.0,SSE931248227105
SEE935590017827,"BESS Löwenbräu, München",In Betrieb,Bayern,/Date(1756771200000)/,Batterie,524,727,1640.0,1640.0,2009.0,SSE966994727715
SEE988566028860,Batteriespeicher - Marienthal,In Planung,Bayern,,Batterie,524,727,1634.0,1634.0,4460.0,SSE921196013455
SEE997075725108,PV Anlage Gottesgabe Speicher,In Betrieb,Brandenburg,/Date(1674432000000)/,Batterie,524,727,1624.0,1624.0,3500.0,SSE947047882117
SEE988132310290,PV Anlage Alttrebbin Speicher,In Betrieb,Brandenburg,/Date(1661817600000)/,Batterie,524,727,1624.0,1624.0,3500.0,SSE989496386020
SEE993641277965,BESS Egling - InnoAus,In Betrieb,Bayern,/Date(1712707200000)/,Batterie,524,727,1600.0,1600.0,4064.0,SSE933897859638
SEE961857651046,BESS Antdorf,In Betrieb,Bayern,/Date(1713830400000)/,Batterie,524,727,1600.0,1600.0,4000.0,SSE935655917024
SEE914664041319,GGEW Batterie Wald-Michelbach,In Betrieb,Hessen,/Date(1721174400000)/,Batterie,524,727,1600.0,1600.0,3200.0,SSE910823913695
SEE912650687299,Speicher Mühlbuck,In Betrieb,Bayern,/Date(1731628800000)/,Batterie,524,727,1600.0,1600.0,4064.76,SSE999425056764
SEE910135813423,Graustromspeicher,In Planung,Baden-Württemberg,,Batterie,524,727,1600.0,1600.0,3340.0,SSE948348933027
SEE985726527133,Sonnenspeicher Düssel,In Planung,Nordrhein-Westfalen,,Batterie,524,727,1600.0,1600.0,6680.0,SSE925051541190
SEE908489722096,Bereich Rest Speicher,In Planung,Mecklenburg-Vorpommern,,Batterie,524,727,1600.0,1600.0,3200.0,SSE988479325865
SEE957999997296,Speicherbatterie,In Betrieb,Niedersachsen,/Date(1497830400000)/,Batterie,524,727,1600.0,1600.0,1530.0,SSE922306439240
SEE955376395222,Speicher Hörbach Falteräcker,In Planung,Bayern,,Batterie,524,727,1600.0,1600.0,3200.0,SSE920752871645
SEE962764296498,Wittstock,In Betrieb,Brandenburg,/Date(1412640000000)/,Batterie,524,728,1600.0,1600.0,1600.0,SSE941674827701
SEE905489670006,BTC_PFL P12,Vorübergehend stillgelegt,Niedersachsen,/Date(1617926400000)/,Batterie,524,727,1600.0,1600.0,0.001,SSE903883927764
SEE977476698126,Batteriespeicher-Am-Skilift,In Planung,Bayern,,Batterie,524,727,1600.0,1600.0,3344.0,SSE976780483336
SEE954347362607,BESS Hengersberg,In Planung,Bayern,,Batterie,524,727,1600.0,1600.0,1289.9,SSE963266941879
SEE971106325628,Speicher 1 Atting,Endgültig stillgelegt,Bayern,/Date(1762214400000)/,Batterie,524,727,1600.0,1600.0,3000.0,SSE939325853353
SEE935103691353,PB PV 12 Speicher,In Betrieb,Nordrhein-Westfalen,/Date(1742947200000)/,Batterie,524,727,1584.0,1584.0,4836.0,SSE964236299907
SEE908941102787,BESS Leistenhof,In Planung,Brandenburg,,Batterie,524,,1560.0,1560.0,5015.0,SSE911827836621
SEE922526916453,Speicher PV1,In Planung,Baden-Württemberg,,Batterie,524,727,1550.0,1550.0,3100.0,SSE918573190724
SEE910664388980,Stromspeicher Gronau,In Planung,Nordrhein-Westfalen,,Batterie,524,727,1540.0,1540.0,5016.0,SSE982893629646
SEE905757464016,Batteriespeicher Sonnenwende Busdorf,In Planung,Schleswig-Holstein,,Batterie,524,727,1500.0,1500.0,3900.0,SSE951574293827
SEE921539890828,Batteriespeicher,In Planung,Bayern,,Batterie,524,727,1500.0,1500.0,3600.0,SSE925636772308
SEE979595639073,BESS-1-Speira-GV,In Betrieb,Nordrhein-Westfalen,/Date(1734652800000)/,Batterie,524,727,3000.0,1500.0,3040.0,SSE946692941576
SEE910986337741,HMM-2022-005-1 Langhagen-Speicher,In Planung,Mecklenburg-Vorpommern,,Batterie,524,727,1500.0,1500.0,2608.9,SSE968877296424
SEE989817426374,Speicher Vierkirchen - P23-105,In Planung,Bayern,,Batterie,524,727,1500.0,1500.0,3000.0,SSE931289716941
SEE959140088693,BESS Rackwitz RE,In Betrieb,Sachsen,/Date(1734566400000)/,Batterie,524,727,1500.0,1500.0,2608.0,SSE939032502773
SEE944360041801,Salz Schondra Kebigsgraben 9 BESS,In Planung,Bayern,,Batterie,524,727,1500.0,1500.0,3132.0,SSE974677466233
SEE902172697609,BESS Rackwitz EE,In Betrieb,Sachsen,/Date(1761868800000)/,Batterie,524,727,1500.0,1500.0,2608.0,SSE958177903337
SEE927887436510,BESS Agri-PV Anlage Pritzwalk,In Planung,Brandenburg,,Batterie,524,,1500.0,1500.0,3600.0,SSE935638924742
SEE963840635460,Laage 3MW Speicher,In Planung,Mecklenburg-Vorpommern,,Batterie,524,727,3000.0,1500.0,6000.0,SSE976580289541
SEE928826116319,W＆L Batterie XIII eGbR 3096kWh,In Planung,Niedersachsen,,Batterie,524,727,1500.0,1500.0,3096.0,SSE942079484797
SEE988358912759,VSP 30 GmbH ＆ Co. KG - Inno-Speicher Calbe,In Betrieb,Sachsen-Anhalt,/Date(1697155200000)/,Batterie,524,727,1500.0,1500.0,2233.0,SSE959794402241
SEE941385597870,Stromspeicher,In Betrieb,Bayern,/Date(1780272000000)/,Batterie,524,727,1500.0,1500.0,4072.0,SSE928975937759
SEE906903701511,Hybridspeicher Werk Süd,In Betrieb,Nordrhein-Westfalen,/Date(1498003200000)/,Batterie,524,732,1500.0,1500.0,1500.0,SSE975516918234
SEE933229902513,DGT-Batteriespeicher,In Betrieb,Nordrhein-Westfalen,/Date(1745280000000)/,Batterie,524,727,1500.0,1500.0,1667.0,SSE907639486765
SEE987589408499,Speichersystem 2026,In Planung,Niedersachsen,,Batterie,524,727,1500.0,1500.0,3060.0,SSE909182489507
SEE970821371422,Beselin I,In Planung,Mecklenburg-Vorpommern,,Batterie,524,727,3000.0,1500.0,17500.0,SSE952934504461
SEE959442677670,ABO Batterie Lahr,In Betrieb,Rheinland-Pfalz,/Date(1675728000000)/,Batterie,524,727,1500.0,1500.0,2233.0,SSE910045946181
SEE963007921467,AllgäuSpeicher Bruck,In Betrieb,Bayern,/Date(1513814400000)/,Batterie,524,727,1500.0,1500.0,1250.0,SSE986092906652
SEE932296398847,Batteriespeicher 2,In Planung,Nordrhein-Westfalen,,Batterie,524,727,1500.0,1500.0,3600.0,SSE946337411242
SEE980248054310,ABO Batterie Gumpen,In Betrieb,Hessen,/Date(1679529600000)/,Batterie,524,727,1500.0,1500.0,2233.0,SSE977596048511
SEE980130273096,Beuerlein GmbH ＆ Co KG - Batteriespeicher Gaibach,In Betrieb,Bayern,/Date(1774828800000)/,Batterie,524,731,1500.0,1500.0,3664.8,SSE922092325109
SEE936077652739,Batteriespeicher,In Planung,Nordrhein-Westfalen,,Batterie,524,727,1500.0,1500.0,3600.0,SSE958481318773
SEE924380724335,BS Großenhain,In Betrieb,Sachsen,/Date(1580256000000)/,Batterie,524,727,1500.0,1500.0,1600.0,SSE964673733422
SEE963460954484,Fenecon XL,In Betrieb,Nordrhein-Westfalen,/Date(1776297600000)/,Batterie,524,727,1500.0,1500.0,4072.0,SSE905852258183
SEE962134798058,SB_C72-BAT-DC2,In Planung,Hessen,,Batterie,524,727,1500.0,1500.0,1517.0,SSE933557145149
SEE908542160315,10015 Bielefeld-Batterie,In Betrieb,Nordrhein-Westfalen,/Date(1765411200000)/,Batterie,524,727,1500.0,1500.0,3665.0,SSE943678085347
SEE911749565579,BESS Uphusen,In Planung,Niedersachsen,,Batterie,524,727,1500.0,1500.0,1488.0,SSE943151007163
SEE924290691406,Petzenbach Speicher 1,In Planung,Bayern,,Batterie,524,731,1500.0,1500.0,3664.8,SSE969179619140
SEE926695331482,Fenecon Graustromspeicher,In Betrieb,Bayern,/Date(1784764800000)/,Batterie,524,727,1500.0,1500.0,3661.2,SSE936564283071
SEE943208281096,Rain BS1,In Betrieb,Bayern,/Date(1576108800000)/,Batterie,524,727,1500.0,1500.0,1507.0,SSE935259745801
SEE985940483451,ABO Batterie Heimertingen,In Planung,Bayern,,Batterie,524,,1500.0,1500.0,1500.0,SSE911538332009
SEE954745323422,Solarpark Bruchsal-Untergrombach Speicher,In Betrieb,Baden-Württemberg,/Date(1709510400000)/,Batterie,524,727,1500.0,1500.0,3512.0,SSE939564866411
SEE939110753912,Batteriespeicher Fenecon XL 2026,In Betrieb,Baden-Württemberg,/Date(1764633600000)/,Batterie,524,727,1500.0,1500.0,3600.0,SSE987160193264
SEE913404448371,"Speicher 3,3 MW Ottenbüttel",In Planung,Schleswig-Holstein,,Batterie,524,,1650.0,1485.0,3300.0,SSE964042720701
SEE929646974516,"Theilheim, Speicher 1",In Betrieb,Bayern,/Date(1695168000000)/,Batterie,524,727,1475.0,1475.0,5504.0,SSE965929128412
SEE968015743841,Batteriespeicher HRL,In Planung,Bayern,,Batterie,524,727,1472.0,1472.0,4576.0,SSE965460796590
SEE939073368772,SFK Speicher,In Betrieb,Bayern,/Date(1712016000000)/,Batterie,524,732,1472.0,1472.0,2250.0,SSE902849917054
SEE962925922662,Wolkow II Speicher,In Betrieb,Mecklenburg-Vorpommern,/Date(1716422400000)/,Batterie,524,731,1472.0,1472.0,2576.0,SSE982945859878
SEE961712143617,Solar Carport,In Betrieb,Bayern,/Date(1763596800000)/,Batterie,524,727,1472.0,1472.0,2400.0,SSE932302674613
SEE989204666888,Solarpark Dorfen - Speicher,In Betrieb,Bayern,/Date(1752537600000)/,Batterie,524,727,1472.0,1472.0,2318.0,SSE949215751157
SEE950941730194,Batteriespeicher PV - Anlage Reckertshausen Hassberge,In Betrieb,Bayern,/Date(1643587200000)/,Batterie,524,727,1450.0,1450.0,1263.0,SSE997469813442
SEE923582924185,Speicher Wielen E.M.S. Storage 1,In Betrieb,Niedersachsen,/Date(1779840000000)/,Batterie,524,727,1430.0,1430.0,3132.0,SSE963657781176
SEE902703692783,Speicher Mallersdorf-Pfaffenberg II - P23-120 - Teil 2,In Planung,Bayern,,Batterie,524,727,1425.0,1425.0,2850.0,SSE993768959775
SEE917004389140,Speicher Prosselsheim - P23-089 - Teil 2,In Planung,Bayern,,Batterie,524,727,1425.0,1425.0,2850.0,SSE992511755336
SEE902707065057,Speicher Kunzbauern-Feld,In Planung,Bayern,,Batterie,524,727,1409.0,1409.0,2820.0,SSE981043023556
SEE971641923228,Speicher 2 Grenzach-Wyhlen,In Betrieb,Baden-Württemberg,/Date(1767916800000)/,Batterie,524,727,1408.0,1408.0,1706.0,SSE915649785792
SEE997717393634,Speicher II,In Betrieb,Nordrhein-Westfalen,/Date(1756684800000)/,Batterie,524,727,1408.0,1408.0,1706.4,SSE937862302754
SEE974570850924,Speicher Grenzach-Wyhlen,In Betrieb,Baden-Württemberg,/Date(1767916800000)/,Batterie,524,727,1408.0,1408.0,1706.0,SSE934934254935
SEE952661557778,Speicher_Grüner Weg,In Betrieb,Niedersachsen,/Date(1779926400000)/,Batterie,524,727,1408.0,1408.0,3139.2,SSE942644828490
SEE974689428038,GBD Batterien,In Betrieb,Thüringen,/Date(1464825600000)/,Batterie,524,728,1400.0,1400.0,1000.0,SSE997632347507
SEE905242636829,Batteriespeicher Garching Römerhofweg,In Betrieb,Bayern,/Date(1494979200000)/,Batterie,524,727,1442.0,1400.0,1230.0,SSE948423752192
SEE969064590042,Stromspeicher 10MH BG1,In Planung,Bayern,,Batterie,524,727,1400.0,1400.0,2800.0,SSE911563504457
SEE958562019667,FutureEnergySolution,Endgültig stillgelegt,Hamburg,/Date(1547164800000)/,Batterie,524,727,1400.0,1400.0,3360.0,SSE974774942739
SEE979508522409,Batteriespeicher Westerwälder Holzwerke GmbH,In Betrieb,Rheinland-Pfalz,/Date(1747872000000)/,Batterie,524,727,1400.0,1400.0,6400.0,SSE965340771341
SEE944368932064,BESS Sachsenkam,In Planung,Bayern,,Batterie,524,727,1400.0,1400.0,2800.0,SSE900806787375
SEE971577023283,Speicher Solarpark Langeland 2,In Planung,Nordrhein-Westfalen,,Batterie,524,727,1400.0,1400.0,2800.0,SSE931127499883
SEE919762412092,Speicher Solarpark Großburgwedel,In Planung,Niedersachsen,,Batterie,524,727,1400.0,1400.0,2800.0,SSE947379661435
SEE914458006289,Speicher Solarpark Langeland 1,In Planung,Nordrhein-Westfalen,,Batterie,524,727,1400.0,1400.0,2800.0,SSE923365572985
SEE964582688318,Speicher Nordhausen,In Planung,Thüringen,,Batterie,524,727,1400.0,1400.0,3623.0,SSE918039790673
SEE991415234572,Speicher Solarpark Strasburg,In Planung,Mecklenburg-Vorpommern,,Batterie,524,727,1400.0,1400.0,2800.0,SSE974465731680
SEE932060710219,Solarpark Westerode 1 - Batterie,In Planung,Niedersachsen,,Batterie,524,727,1400.0,1400.0,2800.0,SSE960127067334
SEE911529308662,"Speicher Krumbeck 3,01MWh",In Betrieb,Nordrhein-Westfalen,/Date(1780272000000)/,Batterie,524,727,1400.0,1400.0,3010.0,SSE983653180957
SEE958765101657,Speicher Nordost,In Planung,Nordrhein-Westfalen,,Batterie,524,727,1400.0,1400.0,2800.0,SSE900190431052
SEE945259007410,Speicher Solarpark Jatznick,In Planung,Mecklenburg-Vorpommern,,Batterie,524,727,1400.0,1400.0,2800.0,SSE986903572717
SEE929106854143,BESS - ESN DTT,In Betrieb,Bayern,/Date(1781740800000)/,Batterie,524,727,1485.0,1396.0,2910.0,SSE909173381230
SEE925987328520,Speicher Ingolstadt VII - P24-309,In Planung,Bayern,,Batterie,524,727,1350.0,1350.0,2700.0,SSE977377767679
SEE928955121604,Annabrunn - BESS,In Planung,Bayern,,Batterie,524,727,1375.0,1350.0,2827.0,SSE962823230821
SEE986716550445,20343 SP Wimmelburg_Speicher,In Planung,Sachsen-Anhalt,,Batterie,524,727,1350.0,1350.0,1350.0,SSE999305810257
SEE909631699518,BESS Ohhof - InnoAuss,In Planung,Bayern,,Batterie,524,727,1350.0,1350.0,2700.0,SSE924304576569
SEE953296718237,BESS_Am Torfmoor,In Planung,Sachsen,,Batterie,524,727,1347.48,1347.48,5015.0,SSE920767374094
SEE937522515654,Bernhardswinden Speicher,In Planung,Bayern,,Batterie,524,727,1338.0,1338.0,1005.0,SSE904998507278
SEE913338589386,Batterie Gunzenhof,In Planung,Bayern,,Batterie,524,727,1334.0,1334.0,2930.0,SSE901640620026
SEE931542638799,BESS Eisenbahnstraße,In Planung,Baden-Württemberg,,Batterie,524,727,1325.0,1325.0,4370.0,SSE990985068280
SEE938982062214,Lindau Speicher,In Planung,Bayern,,Batterie,524,727,1320.0,1320.0,4914.0,SSE929237187523
SEE983646428196,"BESS Becks, Bremen",In Betrieb,Bremen,/Date(1709251200000)/,Batterie,524,727,1310.0,1310.0,1600.0,SSE967621968358
SEE958348383814,Am Fuchsenacker 2 - Batteriespeicher 2,In Betrieb,Baden-Württemberg,/Date(1751587200000)/,Batterie,524,727,1300.0,1300.0,1780.0,SSE998936700883
SEE954258266537,BESS Liethe,In Planung,Niedersachsen,,Batterie,524,,1300.0,1300.0,3869.0,SSE944640611335
SEE959751889641,Am Fuchsenacker 2 - Batteriespeicher 1,In Betrieb,Baden-Württemberg,/Date(1728259200000)/,Batterie,524,727,1300.0,1300.0,1780.0,SSE989857092119
SEE952700506446,ChargeFarm Speicher - Energiepark Schäftlarn,In Planung,Bayern,,Batterie,524,727,2236.0,1290.0,4472.0,SSE926443777500
SEE994929611457,BESS Weimar,In Betrieb,Thüringen,/Date(1784764800000)/,Batterie,524,727,1288.0,1288.0,2576.0,SSE956220579133
SEE995933662862,Speicher Handenberg-West,In Betrieb,Saarland,/Date(1670544000000)/,Batterie,524,727,1280.0,1280.0,2857.0,SSE903312292722
SEE923883997314,Speicher Sinntal,In Planung,Hessen,,Batterie,524,727,1278.0,1278.0,2556.0,SSE901862504098
SEE981138656072,Speicher Wonfurt,In Planung,Bayern,,Batterie,524,727,1278.0,1278.0,4500.0,SSE900189474190
SEE988737823843,Speicher Pottenstein,In Planung,Bayern,,Batterie,524,727,1278.0,1278.0,2556.0,SSE964080771352
SEE921411528078,Batterie Otterzhofen NordOst,In Planung,Bayern,,Batterie,524,727,1267.0,1267.0,2930.0,SSE990982752748
SEE959798398472,Grünstromspeicher Grü,In Planung,Baden-Württemberg,,Batterie,524,727,1251.0,1251.0,2382.0,SSE951768228840
SEE981161409263,Speicher Leinach - P25-184,In Planung,Bayern,,Batterie,524,727,1250.0,1250.0,2500.0,SSE996730165075
SEE914872959086,BESS VBK,In Planung,Schleswig-Holstein,,Batterie,524,727,1250.0,1250.0,2610.0,SSE989552412045
SEE991507979855,BESS Wefensleben - BESS I,In Planung,Sachsen-Anhalt,,Batterie,524,727,1250.0,1250.0,3000.0,SSE919166505789
SEE930371913817,Graustromspeicher 1250 KW,In Betrieb,Niedersachsen,/Date(1785542400000)/,Batterie,524,727,1250.0,1250.0,2500.0,SSE981288289113
SEE942507505377,Anlage 3750 Batterie,In Planung,Hessen,,Batterie,524,727,1250.0,1250.0,2500.0,SSE913815293188
SEE985288982944,ESS_EUREF-CAMPUS,In Betrieb,Berlin,/Date(1562716800000)/,Batterie,524,727,1250.0,1250.0,1600.0,SSE928402992276
SEE994873681186,MM16 - Speicher Töttelstedt - Erfurt,In Betrieb,Thüringen,/Date(1778457600000)/,Batterie,524,727,1250.0,1250.0,1517.0,SSE928153455259
SEE949701129095,T 14 PSKW Kirchentellinsfurt,Vorübergehend stillgelegt,Baden-Württemberg,/Date(-1364947200000)/,Pumpspeicher,1537,,1300.0,1250.0,21562.0,SSE998402180539
SEE970042832054,Batteriespeicher Bad Salzungen,In Betrieb,Thüringen,/Date(1772409600000)/,Batterie,524,727,1250.0,1250.0,1700.0,SSE923445966888
SEE995541369856,Batteriespeicher Gödenroth,In Betrieb,Rheinland-Pfalz,/Date(1527465600000)/,Batterie,524,727,1250.0,1250.0,2000.0,SSE945281061022
SEE943735545166,"Batteriespeicher 2,5MWh Rienshof 7 Halle1/2",In Planung,Niedersachsen,,Batterie,524,727,1250.0,1250.0,2500.0,SSE994700444175
SEE951788049258,Solarpark Ingolstadt X - P25-208,In Planung,Bayern,,Batterie,524,727,1250.0,1250.0,2500.0,SSE932134442510
SEE993386073921,Speicher-Hodenhagen-Inno,In Planung,Niedersachsen,,Batterie,524,727,1250.0,1250.0,2500.0,SSE921780433003
SEE920209948036,ECO BATTERY Park 7 | Andechs,In Planung,Bayern,,Batterie,524,727,1250.0,1250.0,4472.0,SSE946169321795
SEE998123103299,Prüffeld,In Planung,Rheinland-Pfalz,,Batterie,524,727,1250.0,1250.0,1000.0,SSE935090804194
SEE984225298759,BESS Obertaufkirchen Ost,In Planung,Bayern,,Batterie,524,727,1250.0,1250.0,2610.0,SSE969837230236
SEE934692429200,Batteriespeicher Wasserwerk Haßfurt,In Betrieb,Bayern,/Date(1767225600000)/,Batterie,524,727,1250.0,1250.0,1400.0,SSE985907293079
SEE947238066944,"Batteriespeicher 2,5MWh Kötterhof 4 Halle 14/15",In Planung,Niedersachsen,,Batterie,524,727,1250.0,1250.0,2500.0,SSE957053675184
SEE968425507361,Batteriespeicher Gödenroth II,In Betrieb,Rheinland-Pfalz,/Date(1527465600000)/,Batterie,524,727,1250.0,1250.0,2000.0,SSE926174756195
SEE952992508883,Speicher Rottendorf II - P25-185,In Planung,Bayern,,Batterie,524,727,1250.0,1250.0,2500.0,SSE914272772100
SEE941637512859,BESS Putzbrunn - InnoAus,In Planung,Bayern,,Batterie,524,727,1247.0,1247.0,2500.0,SSE939262753945
SEE972613604428,Solarpark Sonsbeck Batteriespeicher,In Planung,Nordrhein-Westfalen,,Batterie,524,727,1235.0,1235.0,2470.0,SSE988072732275
SEE948513197681,Solarpark Gundelsheim Speicher,In Planung,Baden-Württemberg,,Batterie,524,727,1350.0,1220.0,1800.0,SSE933941352788
SEE977412622109,BESS APV Heimbach,In Planung,Rheinland-Pfalz,,Batterie,524,727,1210.0,1210.0,2420.0,SSE934655300140
SEE907092423147,Speicher Uettingen - P24-344,In Planung,Bayern,,Batterie,524,727,1200.0,1200.0,2400.0,SSE957478010263
SEE965050451632,BSS Saarwellingen,In Planung,Saarland,,Batterie,524,727,1200.0,1200.0,2688.0,SSE996256500572
SEE940832671422,BESS Damnatz I,In Planung,Niedersachsen,,Batterie,524,727,1200.0,1200.0,2505.0,SSE922180278195
SEE912014586152,20363 SP Kreuzbergfeld Speicher,In Betrieb,Bayern,/Date(1675900800000)/,Batterie,524,727,1200.0,1200.0,4128.0,SSE942941026773
SEE930853098728,Oberberg1 PSW Pe1,In Betrieb,Bayern,/Date(-315619200000)/,Pumpspeicher,1537,,1200.0,1200.0,42000.0,SSE970268127842
SEE905648059437,"Rodenkirchen 9 819/244, 897/243, 738/254",In Planung,Niedersachsen,,Batterie,524,727,1200.0,1200.0,2400.0,SSE987551488603
SEE965617763024,23117 SP Bogen Speicher,In Betrieb,Bayern,/Date(1706486400000)/,Batterie,524,727,1200.0,1200.0,4064.0,SSE977475370771
SEE935182282947,Göpfert Speicher,In Betrieb,Bayern,/Date(1701043200000)/,Batterie,524,727,1200.0,1200.0,1380.0,SSE994045192540
SEE904812453767,Speicher Solarpark Waffenbrunn 1200 kW,In Betrieb,Bayern,/Date(1752019200000)/,Batterie,524,727,1200.0,1200.0,4046.0,SSE952327553021
SEE954576589264,QWB COE Batterie groß,In Planung,Nordrhein-Westfalen,,Batterie,524,727,1200.0,1200.0,6345.0,SSE928830514743
SEE910896505094,Batteriespeicher PV- Anlage Hasselwerder,In Planung,Hamburg,,Batterie,524,727,1200.0,1200.0,720.0,SSE900099086513
SEE987601922651,Speicher Agri PV,In Betrieb,Bayern,/Date(1744156800000)/,Batterie,524,727,1200.0,1200.0,1200.0,SSE925213218441
SEE908597546256,"Rodenkirchen 9 246, 247, 644/207, 641/206, 820/245",In Planung,Niedersachsen,,Batterie,524,727,1200.0,1200.0,2400.0,SSE941679301015
SEE970730890311,Oberberg1 PSW Pe2,In Betrieb,Bayern,/Date(1167609600000)/,Pumpspeicher,1537,,1200.0,1200.0,42000.0,SSE970268127842
SEE993483245245,Anker Speicher,In Planung,Hessen,,Batterie,524,727,1200.0,1200.0,5.376,SSE955562559803
SEE922838987950,Batteriespeicher Fruchtreiferei Ost (Borna),In Betrieb,Sachsen,/Date(1642636800000)/,Batterie,524,727,1196.0,1196.0,868.0,SSE953903858578
SEE978524946848,PV Speicher Lehe,In Betrieb,Schleswig-Holstein,/Date(1687824000000)/,Batterie,524,727,1165.0,1165.0,3110.4,SSE900409568111
SEE962672626011,Leipheim_BESS_1150kW,In Betrieb,Bayern,/Date(1740700800000)/,Batterie,524,727,1150.0,1150.0,2150.0,SSE965802646804
SEE927283631045,Speicher Rohrbach XV - P25-096,In Planung,Bayern,,Batterie,524,727,1150.0,1150.0,2300.0,SSE928051551770
SEE917849285607,Bohnenkamp - Speicher,In Betrieb,Niedersachsen,/Date(1758672000000)/,Batterie,524,727,1140.0,1140.0,3440.0,SSE906041697943
SEE943000913645,Batteriespeicher,In Betrieb,Baden-Württemberg,/Date(1779235200000)/,Batterie,524,727,1136.0,1136.0,2288.0,SSE973662309982
SEE917461513805,PV Sangerhausen Speicher,Endgültig stillgelegt,Sachsen-Anhalt,/Date(1739491200000)/,Batterie,524,732,1125.0,1125.0,2250.0,SSE949934206471
SEE923479659596,Speicher Lenting X - P25-207,In Planung,Bayern,,Batterie,524,727,1125.0,1125.0,2250.0,SSE984010066457
SEE938534551104,Bocholt Speicher,In Betrieb,Nordrhein-Westfalen,/Date(1482192000000)/,Batterie,524,727,1125.0,1125.0,1820.0,SSE924516588701
SEE971822836668,APEX 2-MWh-Batteriespeicher MR,In Betrieb,Mecklenburg-Vorpommern,/Date(1655683200000)/,Batterie,524,727,1120.0,1120.0,1900.0,SSE939009973766
SEE939735350800,Containerspeicher,In Betrieb,Nordrhein-Westfalen,/Date(1779321600000)/,Batterie,524,727,1102.2,1102.2,1016.0,SSE945117119859
SEE935265523462,10 MWh PV-Speicher Deponie Ahaus-Alstätte II,In Planung,Nordrhein-Westfalen,,Batterie,524,,1100.0,1100.0,1600.0,SSE942966911849
SEE905084646239,BTC_PFL P09,Vorübergehend stillgelegt,Niedersachsen,/Date(1617926400000)/,Batterie,524,727,1100.0,1100.0,0.001,SSE938606060893
SEE930014441561,Freifläche Wiesen - Speicher,In Planung,Bayern,,Batterie,524,727,1100.0,1100.0,1290.0,SSE966130306149
SEE984413550584,Agri-PV Heusweiler BESS,In Planung,Saarland,,Batterie,524,727,1100.0,1100.0,2500.0,SSE955732489268
SEE960215928783,Speicher Waffenbrunn,In Planung,Bayern,,Batterie,524,727,1100.0,1100.0,2250.0,SSE919953595184
SEE920981722466,BESS Weßling 1,In Betrieb,Bayern,/Date(1637020800000)/,Batterie,524,727,1100.0,1100.0,1553.0,SSE973807446190
SEE968732216758,HMM-2022-036 Zurow-Speicher,In Planung,Mecklenburg-Vorpommern,,Batterie,524,727,1100.0,1100.0,1863.5,SSE903518158334
SEE932460525246,Aldrup Speicher,In Betrieb,Niedersachsen,/Date(1738108800000)/,Batterie,524,727,1090.0,1090.0,1242.0,SSE984688845385
SEE907703023742,IKW Batteriespeicher,In Betrieb,Brandenburg,/Date(1409529600000)/,Batterie,524,727,1080.0,1080.0,1080.0,SSE929738267830
SEE961950355421,"Solarpark Altmannstein-Steinsdorf PR - P23-112 - BESS 1.080,00 kW",In Betrieb,Bayern,/Date(1769990400000)/,Batterie,524,727,1080.0,1080.0,2150.0,SSE910706925777
SEE988302497264,Speicher Riesa Trst. Fertigung BA 4,In Planung,Sachsen,,Batterie,524,727,1080.0,1080.0,2410.0,SSE996418010208
SEE909145211435,E-Speicher 2,In Betrieb,Nordrhein-Westfalen,/Date(1608249600000)/,Batterie,524,727,1064.0,1064.0,1064.0,SSE980732102664
SEE984846961674,Speicher I,In Betrieb,Nordrhein-Westfalen,/Date(1756684800000)/,Batterie,524,727,1056.0,1056.0,1387.0,SSE924987653397
SEE949646756097,FZJ_BATA_10.55,In Betrieb,Nordrhein-Westfalen,/Date(1651104000000)/,Batterie,524,727,1050.0,1050.0,500.0,SSE946228408757
SEE939905669121,PV-Speicher Benstaben,In Planung,Schleswig-Holstein,,Batterie,524,727,1016.0,1016.0,2032.0,SSE937220841543
SEE995852778996,PV-Batterie-Vogelherd,In Planung,Baden-Württemberg,,Batterie,524,727,1016.0,1016.0,2032.0,SSE955983783177
SEE941053919201,Speicher Pondorf PR - P23-595 - 1.016kW Inn24-2/121,In Betrieb,Bayern,/Date(1769990400000)/,Batterie,524,727,1016.0,1016.0,2032.0,SSE929282748090
SEE950744996919,Fröndenberg,In Planung,Nordrhein-Westfalen,,Batterie,524,727,1005.0,1005.0,2087.0,SSE963857616636
SEE904344542915,Batteriespeicher Böhme 2025,In Betrieb,Bayern,/Date(1743120000000)/,Batterie,524,727,1001.0,1001.0,1023.0,SSE984514566101
SEE995958908020,PASM Großspeicher Münster II (Intillion),In Betrieb,Nordrhein-Westfalen,/Date(1713916800000)/,Batterie,524,727,1000.0,1000.0,6000.0,SSE931771174310
SEE988885211349,Grünstromspeicher Bobingen,In Planung,Bayern,,Batterie,524,727,1000.0,1000.0,4008.0,SSE949218654929
SEE920936216545,PASM Großspeicher Münster I (Pixii),In Betrieb,Nordrhein-Westfalen,/Date(1713916800000)/,Batterie,524,727,1000.0,1000.0,6000.0,SSE901659051040
SEE939848044306,SMA_Powerstation Batterieanlage,In Betrieb,Niedersachsen,/Date(1739404800000)/,Batterie,524,727,1000.0,1000.0,1000.0,SSE947839162205
SEE960951557490,Speicher,Endgültig stillgelegt,Schleswig-Holstein,/Date(-1472860800000)/,Batterie,524,727,2500.0,1000.0,200.0,SSE949698855892
SEE978638789621,BER_EUREF_BSP1,In Betrieb,Berlin,/Date(1558396800000)/,Batterie,524,727,1000.0,1000.0,1500.0,SSE990644549112
SEE996118429669,Stromspeicher AES Park 1,In Betrieb,Nordrhein-Westfalen,/Date(1693526400000)/,Batterie,524,727,1000.0,1000.0,1200.0,SSE970084750101
SEE971484656130,Solarpark Erkheim Auenweg - BESS,In Planung,Bayern,,Batterie,524,727,1000.0,1000.0,2000.0,SSE926914647639
SEE997730114995,Schwarzenbek -Röntgenstr. 18 (BESS),In Planung,Schleswig-Holstein,,Batterie,524,727,1000.0,1000.0,2088.0,SSE999645586157
SEE961114733133,Speicher Wolfratshausen II - P23-197,In Planung,Bayern,,Batterie,524,727,1000.0,1000.0,2000.0,SSE969790370000
SEE918002492566,BESS Weßling 2,In Betrieb,Bayern,/Date(1708992000000)/,Batterie,524,727,1000.0,1000.0,2233.0,SSE944315469643
SEE975296869184,PASM Großspeicher München (Pixii),In Betrieb,Bayern,/Date(1782864000000)/,Batterie,524,727,1000.0,1000.0,6000.0,SSE910571432202
SEE971500541730,Batteriespeicher SOLAX Trene 2x500kW / 2.088kWh,In Planung,Nordrhein-Westfalen,,Batterie,524,727,1000.0,1000.0,2088.0,SSE960803174530
SEE943821530731,BTC_PFL P10,Vorübergehend stillgelegt,Niedersachsen,/Date(1617926400000)/,Batterie,524,727,1000.0,1000.0,0.01,SSE951982600248
SEE978218420135,Batteriespeicher Hamme Energie,In Betrieb,Niedersachsen,/Date(1784678400000)/,Batterie,524,732,1000.0,1000.0,2300.0,SSE977669478153
SEE966646410965,Speicher Schweitenkirchen II - P23-538 - 1.000 kW 2.032 kWh BESS Inn24-2/115,In Betrieb,Bayern,/Date(1782086400000)/,Batterie,524,727,1000.0,1000.0,2032.0,SSE922832769880
SEE975681378666,Iserlohn 1,In Planung,Nordrhein-Westfalen,,Batterie,524,727,1000.0,1000.0,1566.0,SSE955195743112
SEE956137155369,Basepohl Inno Speicher,In Planung,Mecklenburg-Vorpommern,,Batterie,524,727,1876.0,1000.0,4690.0,SSE985654495603
SEE997409480703,Batteriespeicher,In Planung,Schleswig-Holstein,,Batterie,524,727,1000.0,1000.0,2000.0,SSE940526649942
SEE983742141098,Speicher Beratzhausen VI - P24-216 - Teil 1,In Planung,Bayern,,Batterie,524,727,1000.0,1000.0,1250.0,SSE948595318929
SEE956696520721,Stromspeicher Halberstadt 2nd Life,In Planung,Sachsen-Anhalt,,Batterie,524,727,1000.0,1000.0,2000.0,SSE950959307234
SEE949901499233,Testfeld KT,In Planung,Bayern,,Batterie,524,728,1000.0,1000.0,1000.0,SSE953768945758
SEE946170879926,Speicher-Kutenholz2730,In Planung,Niedersachsen,,Batterie,524,727,1000.0,1000.0,1016.0,SSE990728233654
SEE906449612265,BESS Oberrohrbach,In Betrieb,Bayern,/Date(1718323200000)/,Batterie,524,727,1000.0,1000.0,2233.0,SSE994274958689
SEE960687200189,E-Speicher 1,In Betrieb,Nordrhein-Westfalen,/Date(1606953600000)/,Batterie,524,727,1000.0,1000.0,1064.0,SSE988141104002
SEE980982093255,Batteriespeicher Greilmeier,In Betrieb,Bayern,/Date(1776384000000)/,Batterie,524,727,1000.0,1000.0,1016.0,SSE958929816250
SEE989403463820,HLB2,In Planung,Baden-Württemberg,,Batterie,524,727,1000.0,1000.0,860.0,SSE948389133257
SEE917852667957,Speicher Töginger Str.,In Planung,Bayern,,Batterie,524,727,1000.0,1000.0,2040.0,SSE938654319240
SEE950623083891,Speicher Parsberg VI - P24-146 - Teil 1,In Planung,Bayern,,Batterie,524,727,1000.0,1000.0,2032.0,SSE969545738727
SEE920372088966,Batteriespeicher H8,In Betrieb,Nordrhein-Westfalen,/Date(1722297600000)/,Batterie,524,727,1000.0,1000.0,1400.0,SSE956401689149
SEE936573140181,Solarpark Baiersdorf 3,In Betrieb,Bayern,/Date(1748390400000)/,Batterie,524,727,1016.0,1000.0,2032.0,SSE965031376657
SEE973995346647,BESS Tautenhain,In Betrieb,Thüringen,/Date(1669161600000)/,Batterie,524,727,1000.0,1000.0,1555.2,SSE906964344054
SEE922829465337,Speicher Eching - P23-052,In Planung,Bayern,,Batterie,524,727,1000.0,1000.0,2000.0,SSE992723256164
SEE907007852277,ECO Battery Park 3 - Trading Calbe,In Betrieb,Sachsen-Anhalt,/Date(1721088000000)/,Batterie,524,727,1000.0,1000.0,2032.0,SSE985169869258
SEE985685763719,BESS Maisach InnAus,In Betrieb,Bayern,/Date(1698278400000)/,Batterie,524,727,1000.0,1000.0,2032.0,SSE963312130011
SEE918053945950,PowerStationSME_Mitterteich,In Betrieb,Bayern,/Date(1767139200000)/,Batterie,524,727,1000.0,1000.0,2500.0,SSE994241546666
SEE962786745158,Stromspeicher Halberstadt,In Betrieb,Sachsen-Anhalt,/Date(1739145600000)/,Batterie,524,727,1000.0,1000.0,2000.0,SSE939645094542
SEE979816060938,PASM Großspeicher Münster III (Pixii),In Betrieb,Nordrhein-Westfalen,/Date(1760313600000)/,Batterie,524,727,1000.0,1000.0,6000.0,SSE914697295406
SEE912132957018,PRL Trostberg,In Betrieb,Bayern,/Date(1611100800000)/,Batterie,524,727,1000.0,1000.0,1340.0,SSE927831564689
SEE920304038144,Stromspeicher Garrel,In Betrieb,Niedersachsen,/Date(1780444800000)/,Batterie,524,727,1000.0,1000.0,1780.0,SSE988248627701
SEE986546975494,Speicher Seubersdorf PR - P25-018,In Planung,Bayern,,Batterie,524,727,1000.0,1000.0,2000.0,SSE944314387368
SEE949148866799,Batteriespeicher PET,In Betrieb,Bayern,/Date(1561507200000)/,Batterie,524,727,1000.0,1000.0,1370.0,SSE949735224827
SEE907841890718,"Speicher Reichertshofen IV - P22-230 - 1.000,00 kW BESS Inn24-2/109",In Betrieb,Bayern,/Date(1780272000000)/,Batterie,524,727,1000.0,1000.0,2032.0,SSE972269401822
SEE946181938582,PASM Großspeicher Münster IV (Intillion),In Betrieb,Nordrhein-Westfalen,/Date(1760313600000)/,Batterie,524,727,1000.0,1000.0,6000.0,SSE978102161014
SEE990986332465,BESS Peißenberg,In Betrieb,Bayern,/Date(1719187200000)/,Batterie,524,727,1000.0,1000.0,2032.0,SSE963065255245
SEE906246719242,BESS Uffing,In Betrieb,Bayern,/Date(1635465600000)/,Batterie,524,727,1100.0,1000.0,1553.0,SSE999925520956
SEE959602211720,Speicher Adelsheim - P21-096 - 1.000 kW Inn23-2/043,In Betrieb,Baden-Württemberg,/Date(1774828800000)/,Batterie,524,727,1000.0,1000.0,2032.0,SSE964150342482
SEE923253387301,Speicher Photovoltaikanlage Henschleben I - 3.000 kWp,In Betrieb,Thüringen,/Date(1646870400000)/,Batterie,524,727,1000.0,1000.0,1068.0,SSE974599444920
SEE931933693093,BTC_PFL P05,Vorübergehend stillgelegt,Niedersachsen,/Date(1617926400000)/,Batterie,524,727,1000.0,1000.0,0.01,SSE978372611363
SEE914778775773,Batteriespeicher ECH,In Betrieb,Niedersachsen,/Date(1560297600000)/,Batterie,524,727,1000.0,1000.0,1370.0,SSE996169135762
SEE963748193246,Batteriespeicher RBS,In Betrieb,Baden-Württemberg,/Date(1524528000000)/,Batterie,524,727,1000.0,1000.0,1300.0,SSE907476262812
SEE931085588599,Evciler,In Planung,Nordrhein-Westfalen,,Batterie,524,729,5400.0,1000.0,10000.0,SSE970664888651
SEE956206252173,Ebersdorf-Oberfüllbach 1.3 BESS,In Planung,Bayern,,Batterie,524,,1000.0,1000.0,2000.0,SSE924346925226
SEE911894016032,Batteriespeicher I-Kubus Quedlinburg,In Betrieb,Sachsen-Anhalt,/Date(1787702400000)/,Batterie,524,732,1000.0,1000.0,2330.0,SSE999216958475
SEE998771698055,Speicher Rouen Kamp,In Planung,Niedersachsen,,Batterie,524,727,1000.0,1000.0,2000.0,SSE941557568363
SEE924453683989,BTC_PFL P08,Vorübergehend stillgelegt,Niedersachsen,/Date(1617926400000)/,Batterie,524,727,1000.0,1000.0,0.01,SSE987892389522
SEE957301224812,Torgau Graustromspeicher 1000 kW Stand Alone,In Betrieb,Sachsen,/Date(1775001600000)/,Batterie,524,727,1000.0,1000.0,2089.6,SSE989789290089
SEE993129333831,Werk 1 Clean Voltage Anlage,In Betrieb,Bayern,/Date(1639008000000)/,Batterie,524,727,2000.0,1000.0,1200.0,SSE969536395403
SEE974647993905,Speicher Porschestrasse 2044,In Betrieb,Nordrhein-Westfalen,/Date(1789084800000)/,Batterie,524,727,1000.0,1000.0,2044.0,SSE940839150739
SEE980841939885,Speicher Waldegg,In Betrieb,Bayern,/Date(1773964800000)/,Batterie,524,727,1000.0,1000.0,2000.0,SSE949073988009
SEE905896690543,BESS-FF-PV,In Planung,Bayern,,Batterie,524,,1000.0,1000.0,4000.0,SSE974655394299
SEE951513869533,Batteriespeicher 1,In Planung,Nordrhein-Westfalen,,Batterie,524,727,999.0,999.0,3421.0,SSE903685810691
SEE973036369659,BSW-Batterie NAS 1,In Betrieb,Brandenburg,/Date(1700092800000)/,Batterie,524,732,980.0,980.0,5800.0,SSE996611387657
SEE980703611409,MWZ_BESS_1,In Betrieb,Baden-Württemberg,/Date(1764201600000)/,Batterie,524,727,975.0,975.0,2137.0,SSE972390934459
SEE950337084849,MWZ_BESS_2,In Betrieb,Baden-Württemberg,/Date(1764201600000)/,Batterie,524,727,975.0,975.0,2137.0,SSE947963808369
SEE911617160974,Speicher Reichertshofen XIV - P24-317,In Planung,Bayern,,Batterie,524,727,966.0,966.0,1932.0,SSE956336360182
SEE967961803142,Agri-Photovoltaik Bonndorf BESS,In Planung,Baden-Württemberg,,Batterie,524,727,950.0,950.0,2500.0,SSE961212563731
SEE963358598899,Batteriespeicher Geb.43,In Betrieb,Niedersachsen,/Date(1633478400000)/,Batterie,524,727,950.0,950.0,1080.0,SSE941098051133
SEE932142649826,BTC PFL,In Betrieb,Niedersachsen,/Date(1601510400000)/,Batterie,524,727,950.0,950.0,950.0,SSE934780591208
SEE970250894363,Batteriespeicher W2,In Betrieb,Niedersachsen,/Date(1641859200000)/,Batterie,524,727,950.0,950.0,1080.0,SSE996893730936
SEE966629755212,Speicher Agri-PV Erdmannhausen,In Planung,Baden-Württemberg,,Batterie,524,,950.0,950.0,6000.0,SSE928164072513
SEE906133177711,"BESS Hasseröder, Wernigerode",In Planung,Sachsen-Anhalt,,Batterie,524,727,940.0,940.0,1500.0,SSE944549181502
SEE930947431998,Notstrom_1,In Planung,Schleswig-Holstein,,Batterie,524,727,935.0,935.0,1056.0,SSE963526905634
SEE930827192988,PV-Freifläche Stromspeicher,In Planung,Bayern,,Batterie,524,,925.0,925.0,1850.0,SSE968243887119
SEE944667078548,Speicher Berg b. Neumarkt i.d.Opf. III - P24-257,In Planung,Bayern,,Batterie,524,727,925.0,925.0,1850.0,SSE997345179198
SEE963512519302,Batteriespeicher,In Betrieb,Niedersachsen,/Date(1671408000000)/,Batterie,524,727,920.0,920.0,800.0,SSE916236967966
SEE980501482928,10001 Celle-Batterie,In Betrieb,Niedersachsen,/Date(1714694400000)/,Batterie,524,727,920.0,920.0,648.0,SSE984030176761
SEE903270580398,PVA Linda-Speicher,In Betrieb,Thüringen,/Date(1781827200000)/,Batterie,524,727,920.0,920.0,1840.0,SSE980469964306
SEE922659964154,Mühlenweg 77a,In Planung,Niedersachsen,,Batterie,524,,920.0,920.0,1840.0,SSE986104699688
SEE924200514986,"BESS OPMobility, Reinsdorf",In Planung,Niedersachsen,,Batterie,524,727,920.0,920.0,1423.0,SSE909099013529
SEE989788350180,10002 Page-Batterie,In Betrieb,Niedersachsen,/Date(1707955200000)/,Batterie,524,727,920.0,920.0,648.0,SSE963038264151
SEE947273595928,Speicher PV Haselbach Süd1,In Planung,Bayern,,Batterie,524,727,900.0,900.0,2000.0,SSE924224114452
SEE935922376837,Agri PVA Eichenfürst Speicher,In Betrieb,Bayern,/Date(1785283200000)/,Batterie,524,727,990.0,900.0,2026.8,SSE937571296481
SEE934210223464,SIESTORAGE 1,In Betrieb,Hessen,/Date(1604448000000)/,Batterie,524,727,900.0,900.0,900.0,SSE984511160937
SEE914412118393,Speicher Hohenfels II - P26-002,In Planung,Bayern,,Batterie,524,727,900.0,900.0,1800.0,SSE970059385031
SEE921669679621,PVA 4 Kerschgens Neubau,In Betrieb,Nordrhein-Westfalen,/Date(1766361600000)/,Batterie,524,727,900.0,900.0,1800.0,SSE976705166306
SEE995116152746,Solarspeicher WW Tettau,In Betrieb,Brandenburg,/Date(1663632000000)/,Batterie,524,727,1020.0,900.0,921.6,SSE920298817176
SEE993053136515,PV-Park Winterscheid (Schwalmstadt),In Planung,Hessen,,Batterie,524,727,900.0,900.0,1800.0,SSE928588369312
SEE922369274529,Batteriespeicher Satteldorf,In Betrieb,Baden-Württemberg,/Date(1531612800000)/,Batterie,524,727,900.0,900.0,1152.0,SSE950449047695
SEE912234726536,Batterie Markt Schwaben,Endgültig stillgelegt,Bayern,/Date(1575590400000)/,Batterie,524,727,900.0,900.0,959.0,SSE930152367600
SEE940189878970,Speicher Trading,In Planung,Baden-Württemberg,,Batterie,524,727,900.0,900.0,2258.0,SSE995726551717
SEE926796426469,Batteriespeicher TCA,In Betrieb,Bayern,/Date(1697500800000)/,Batterie,524,732,900.0,900.0,959.0,SSE954660780102
SEE921449622304,KAN641808,In Betrieb,Sachsen,/Date(1743724800000)/,Batterie,524,727,900.0,900.0,1634.0,SSE943895126748
SEE999310130203,SIESTORAGE 2,In Betrieb,Hessen,/Date(1604448000000)/,Batterie,524,727,900.0,900.0,900.0,SSE947568151570
SEE921197554087,Herbrechtingen_Sturm_Neuanlage (Kühlhaus),In Betrieb,Baden-Württemberg,/Date(1779321600000)/,Batterie,524,727,880.0,880.0,1800.0,SSE930024196000
SEE938431922069,Batteriespeicher Gorzberg,In Betrieb,Mecklenburg-Vorpommern,/Date(1786406400000)/,Batterie,524,727,880.0,880.0,1832.0,SSE911039839519
SEE974837989541,Gumtow_SO5.1 Speicher,In Betrieb,Brandenburg,/Date(1787097600000)/,Batterie,524,727,852.0,852.0,1655.0,SSE917880635829
SEE908241038649,PV_Speicher_Metten,In Planung,Bayern,,Batterie,524,727,850.0,850.0,1700.0,SSE963945619570
SEE901217667249,Speicher Neufahrn b. Freising III - P23-397,In Planung,Bayern,,Batterie,524,727,850.0,850.0,1700.0,SSE908553690757
SEE971065048545,Erweiterung Speicher,In Betrieb,Rheinland-Pfalz,/Date(1718668800000)/,Batterie,524,727,833.0,833.0,2496.0,SSE927547787617
SEE986555714596,SP AEN Batteriespeicher 1,In Planung,Bayern,,Batterie,524,727,833.0,833.0,1666.0,SSE953900915137
SEE924231530399,Speicher 1,In Betrieb,Niedersachsen,/Date(1719273600000)/,Batterie,524,727,828.0,828.0,1344.0,SSE936249391435
SEE905174596413,Speicher 3,In Betrieb,Niedersachsen,/Date(1719273600000)/,Batterie,524,727,828.0,828.0,1344.0,SSE981148052574
SEE926196894646,Speicher 2,In Betrieb,Niedersachsen,/Date(1719273600000)/,Batterie,524,727,828.0,828.0,1344.0,SSE972078999763
SEE948838495004,Speicher 4,In Betrieb,Niedersachsen,/Date(1719273600000)/,Batterie,524,727,828.0,828.0,1344.0,SSE923360910218
SEE955557041146,BESS 1-1,In Planung,Bayern,,Batterie,524,727,821.43,810.0,1524.0,SSE974122287376
SEE939824003389,ABR908402394584,In Planung,Rheinland-Pfalz,,Batterie,524,727,2000.0,800.0,4.0,SSE940239998726
SEE909014443639,ESS Krakow am See,In Planung,Mecklenburg-Vorpommern,,Batterie,524,727,800.0,800.0,1600.0,SSE969778392055
SEE928101113156,Speicher Schurig,In Planung,Schleswig-Holstein,,Batterie,524,727,800.0,800.0,2.24,SSE933682317923
SEE991930196836,Zendure 2400 Speicher,In Betrieb,Baden-Württemberg,/Date(1789344000000)/,Batterie,524,727,800.0,800.0,2.4,SSE912098982314
SEE977904625557,TRONIC,In Planung,Bayern,,Batterie,524,727,800.0,800.0,2.2,SSE901083152863
SEE912557949421,Anker Solix 4,In Planung,Nordrhein-Westfalen,,Batterie,524,727,2500.0,800.0,5024.0,SSE954354568221
SEE983646114518,ABR907364608005,In Planung,Baden-Württemberg,,Batterie,524,732,1200.0,800.0,2.11,SSE915063526735
SEE993407062156,Inno BESS Gilching,In Betrieb,Bayern,/Date(1767744000000)/,Batterie,524,727,800.0,800.0,2032.0,SSE996263442070
SEE928744138110,BTC_PFL P06,Vorübergehend stillgelegt,Niedersachsen,/Date(1617926400000)/,Batterie,524,727,800.0,800.0,0.01,SSE916096309463
SEE991647055723,Haus,In Planung,Niedersachsen,,Batterie,524,727,800.0,800.0,6.5,SSE984834613271
SEE912761208901,10012 Gütersloh Batterie,In Betrieb,Nordrhein-Westfalen,/Date(1726099200000)/,Batterie,524,727,800.0,800.0,1152.0,SSE990490113499
SEE949260804747,Batteriespeicher BMW Taunusstraße,In Betrieb,Bayern,/Date(1543622400000)/,Batterie,524,727,800.0,800.0,2940.0,SSE912949450009
SEE932564230664,Speicher Garage,In Planung,Bayern,,Batterie,524,727,1200.0,800.0,2688.0,SSE946489291488
SEE956189277590,BakonKWTom,In Planung,Baden-Württemberg,,Batterie,524,727,2300.0,800.0,3.84,SSE980431819108
SEE955431040906,Solarpark Aach Speicher,In Planung,Baden-Württemberg,,Batterie,524,732,796.0,796.0,2280.0,SSE955178864414
SEE969370830870,Solarpark Rottweil Speicher,In Planung,Baden-Württemberg,,Batterie,524,727,796.0,796.0,2340.0,SSE978610958694
SEE932814226751,SP AEN Batteriespeicher A4,In Planung,Bayern,,Batterie,524,727,786.0,786.0,1572.0,SSE930439823447
SEE918118730583,Speicher Bann (RLP) - P23-283,In Planung,Rheinland-Pfalz,,Batterie,524,727,750.0,750.0,1500.0,SSE987170036605
SEE974377312021,Bürgersolarpark Pattenham Speicher,In Planung,Bayern,,Batterie,524,727,750.0,750.0,1500.0,SSE927064600536
SEE921791609374,Torgau Graustromspeicher 750 kW Colokation,In Betrieb,Sachsen,/Date(1767225600000)/,Batterie,524,727,750.0,750.0,1567.2,SSE977721010284
SEE945125449443,Sonja6,In Planung,Nordrhein-Westfalen,,Batterie,524,727,750.0,750.0,1500.0,SSE911340326586
SEE904299404337,PV Rooftop Offenburg,In Betrieb,Baden-Württemberg,/Date(1718150400000)/,Batterie,524,727,750.0,750.0,1488.0,SSE916221641123
SEE999258261205,Lithium-Ionen-Speicher,In Betrieb,Brandenburg,/Date(1639526400000)/,Batterie,524,727,750.0,750.0,640.0,SSE972108481664
SEE958978513193,Batteriespeicher Möller Medical Wasserkuppenstr. 29-31,In Planung,Hessen,,Batterie,524,727,750.0,750.0,1500.0,SSE953453953693
SEE917439634563,Stromspeicher,In Betrieb,Nordrhein-Westfalen,/Date(1765929600000)/,Batterie,524,727,750.0,750.0,1584.0,SSE901269330405
SEE912203610996,Batteriespeicher 1 Firmensitz Bloxxkraft,In Planung,Nordrhein-Westfalen,,Batterie,524,727,750.0,750.0,3000.0,SSE954088508180
SEE966305214941,CT1 Siegenburg BESS_01,In Betrieb,Bayern,/Date(1780272000000)/,Batterie,524,727,750.0,750.0,1500.0,SSE997217197138
SEE912602517384,Stromspeicher,In Betrieb,Schleswig-Holstein,/Date(1733011200000)/,Batterie,524,727,800.0,744.0,1250.0,SSE989862098502
SEE917592837443,Grünstromspeicher  743 Kw,In Betrieb,Bayern,/Date(1760659200000)/,Batterie,524,727,743.0,743.0,300.0,SSE975484209310
SEE970038846652,10010 Bad Homburg Batterie,In Planung,Hessen,,Batterie,524,727,736.0,736.0,1224.0,SSE919948426950
SEE992720555451,Freudenberg x frequenz 556kWh,In Betrieb,Berlin,/Date(1671148800000)/,Batterie,524,727,1228.0,736.0,535.0,SSE988487084136
SEE911861295200,Speicher Friedland,In Betrieb,Brandenburg,/Date(1745452800000)/,Batterie,524,731,736.0,736.0,1288.0,SSE923331440010
SEE993920658461,B2 Vermarktung,In Betrieb,Bayern,/Date(1701216000000)/,Batterie,524,732,780.0,736.0,1288.0,SSE940915868886
SEE952753897867,DGF Speicher 2,In Betrieb,Bayern,/Date(1751241600000)/,Batterie,524,727,1288.0,736.0,1159.0,SSE987758582333
SEE908992147423,Speicher Trafohaus,In Betrieb,Bayern,/Date(1774828800000)/,Batterie,524,727,736.0,736.0,1288.0,SSE915338307533
SEE969925691253,Industriestromspeicher Chammünster Süd,In Betrieb,Bayern,/Date(1740700800000)/,Batterie,524,727,736.0,736.0,1288.0,SSE915832061962
SEE967052792928,Wessels_Landwehr_14_Rhede_Batterie,In Betrieb,Nordrhein-Westfalen,/Date(1751241600000)/,Batterie,524,727,736.0,736.0,1288.0,SSE969812481950
SEE930850263549,Batteriespeicher Sachsendorf 736 kW,In Planung,Brandenburg,,Wasserstoffspeicher,3067,,736.0,736.0,1472.0,SSE958995599910
SEE907448940571,B1 Optimierung,In Betrieb,Bayern,/Date(1701216000000)/,Batterie,524,732,780.0,736.0,1288.0,SSE904041667478
SEE926601790327,Batteriespeicher,In Betrieb,Niedersachsen,/Date(1726272000000)/,Batterie,524,727,736.0,736.0,1312.0,SSE971067609195
SEE932598014407,Batt-Speicher 1 WvB,In Betrieb,Bayern,/Date(1712188800000)/,Batterie,524,727,736.0,736.0,1288.0,SSE916539266070
SEE952748684632,Tradingspeicher Therme,In Planung,Bayern,,Batterie,524,727,736.0,736.0,1288.0,SSE937886573314
SEE906811022074,PV-Speicher_bei_Trafostation,In Planung,Brandenburg,,Batterie,524,732,736.0,736.0,1288.0,SSE953759592152
SEE977468134175,Batteriespeicher Podelzig 736 kW,In Planung,Brandenburg,,Batterie,524,,736.0,736.0,1472.0,SSE979066365364
SEE908244718845,Speicher Backcharge Heavy,In Betrieb,Niedersachsen,/Date(1770076800000)/,Batterie,524,732,736.0,736.0,1288.0,SSE992353619704
SEE919571724447,Batteriespeicher Marzill,In Betrieb,Bayern,/Date(1784764800000)/,Batterie,524,727,736.0,736.0,1288.0,SSE920753701408
SEE987124974649,10035 OS-Sutthauser Batterie,In Betrieb,Niedersachsen,/Date(1733529600000)/,Batterie,524,727,736.0,736.0,1224.0,SSE916382854110
SEE938010889141,Speicher Industrial L,In Planung,Brandenburg,,Batterie,524,731,736.0,736.0,1288.0,SSE942522773003
SEE990255927736,Stromspeicher Anlage Fraeserei,In Betrieb,Bayern,/Date(1732665600000)/,Batterie,524,731,736.0,736.0,1288.0,SSE947498810387
SEE946175321628,MUMAX Batteriespeicher I,In Betrieb,Nordrhein-Westfalen,/Date(1715731200000)/,Batterie,524,731,736.0,736.0,1288.0,SSE928725889666
SEE964895220588,Batteriespeicher Sumitomo Cyclo,In Betrieb,Bayern,/Date(1743638400000)/,Batterie,524,727,736.0,736.0,1288.0,SSE956711488968
SEE927117481617,SL - Notstromaggregat für Rechenzentrum,In Betrieb,Baden-Württemberg,/Date(1204502400000)/,Batterie,524,732,725.0,725.0,725.0,SSE954448726124
SEE909301598660,NEW4.0 - Speicherregelkraftwerk,Vorübergehend stillgelegt,Hamburg,/Date(1539216000000)/,Batterie,524,727,720.0,720.0,690.0,SSE923839132677
SEE962962813954,656kWh - TB,In Betrieb,Niedersachsen,/Date(1754870400000)/,Batterie,524,727,704.0,704.0,656.0,SSE958382759095
SEE947059890285,Batteriespeicher Cham,In Betrieb,Bayern,/Date(1668556800000)/,Batterie,524,727,704.0,704.0,656.0,SSE969025725575
SEE918267678149,Speicher Siemensstraße 17a,In Betrieb,Bayern,/Date(1722297600000)/,Batterie,524,727,704.0,704.0,2388.0,SSE983392195021
SEE937263494973,Batteriespeicher (24038 P),In Betrieb,Baden-Württemberg,/Date(1764547200000)/,Batterie,524,727,704.0,704.0,853.2,SSE923393272987
SEE913813814811,Batteriespeicher Freudenberg Berlin,In Betrieb,Berlin,/Date(1671667200000)/,Batterie,524,727,704.0,704.0,535.0,SSE946007127121
SEE982962006323,Speicher,In Betrieb,Niedersachsen,/Date(1738108800000)/,Batterie,524,727,704.0,704.0,1075.0,SSE970000548867
SEE904122885036,"Stromspeicher Uni Passau Campus 2574,75 kWp",In Betrieb,Bayern,/Date(1773878400000)/,Batterie,524,727,704.0,704.0,704.0,SSE954635363569
SEE974328962299,Rudolf-Bohnacker-Straße 6 Rottenacker,In Betrieb,Baden-Württemberg,/Date(1752537600000)/,Batterie,524,727,704.0,704.0,853.2,SSE921662900340
SEE970344705858,Batteriespeicher Bad Dürrheim,In Betrieb,Baden-Württemberg,/Date(1773792000000)/,Batterie,524,727,704.0,704.0,590.0,SSE937778193453
SEE931394655760,Energiehaus Amerikastraße,In Betrieb,Niedersachsen,/Date(1704844800000)/,Batterie,524,727,704.0,704.0,1432.0,SSE986541497984
SEE959371989257,Stromspeicher 1,In Betrieb,Bayern,/Date(1681862400000)/,Batterie,524,727,704.0,704.0,656.0,SSE990429243303
SEE954562989726,"Hochschule RheinMain, Rüsselsheim, Stromspeicher Clever",In Betrieb,Hessen,/Date(1694736000000)/,Batterie,524,727,704.0,704.0,656.0,SSE962182662837
SEE953740596626,Batteriespeicher Lastspitzen,In Betrieb,Nordrhein-Westfalen,/Date(1779667200000)/,Batterie,524,727,700.0,700.0,738.0,SSE908533121721
SEE926865058539,Batteriespeicher - Hybridsystem,In Betrieb,Bayern,/Date(1652832000000)/,Batterie,524,727,684.9,684.9,685.0,SSE973482728161
SEE945376702618,Batterie 4-7,In Planung,Bayern,,Batterie,524,727,680.0,680.0,680.0,SSE953706631286
SEE953834141435,Batteriespeicher Wolpertshausen Süsswiesen,In Betrieb,Baden-Württemberg,/Date(1656633600000)/,Batterie,524,727,675.0,675.0,675.0,SSE947754355430
SEE919051313062,Speicher Holzheim PR - P25-050,In Planung,Bayern,,Batterie,524,727,675.0,675.0,1350.0,SSE998980807729
SEE973618976350,Batteriespeicher Wolpertshausen Kalter Brunnen,In Betrieb,Baden-Württemberg,/Date(1656633600000)/,Batterie,524,727,675.0,675.0,675.0,SSE962033153606
SEE983165554550,MJ 6. Speicher Zubau,In Planung,Bayern,,Batterie,524,727,662.0,662.0,1324.0,SSE964907719741
SEE964333060073,Batteriespeicher Walor,In Betrieb,Baden-Württemberg,/Date(1784764800000)/,Batterie,524,727,660.0,660.0,1374.0,SSE904909069338
SEE987933691362,PRL Batteriespeicher Wendelstein,Endgültig stillgelegt,Bayern,/Date(1522800000000)/,Batterie,524,727,660.0,660.0,1050.0,SSE968037202050
SEE937127491407,BAT N Kassel500,In Betrieb,Hessen,/Date(1612137600000)/,Batterie,524,727,660.0,660.0,480.0,SSE998284407700
SEE962269184610,Bielefeld - IMO Carwash,In Betrieb,Nordrhein-Westfalen,/Date(1770249600000)/,Batterie,524,727,654.0,654.0,654.0,SSE952931178689
SEE931920286475,"P22-617 Solarpark Altmannstein-Winden - Speicher 648,00 kW Inn24-1/035",In Betrieb,Bayern,/Date(1769990400000)/,Batterie,524,727,648.0,648.0,1290.0,SSE961422360885
SEE908308989297,AHS - Wego VTI Speichersysteme,In Planung,Hessen,,Batterie,524,727,648.0,648.0,1446.0,SSE935601762227
SEE979236480224,Blauhoff Speicher 3880 kWh,In Planung,Nordrhein-Westfalen,,Batterie,524,727,750.0,645.0,3880.0,SSE926481522445
SEE949105114598,"PV 2025-478,35kWp",In Betrieb,Bayern,/Date(1767312000000)/,Batterie,524,727,644.0,644.0,2184.0,SSE913319712444
SEE908728930466,QWB COE Batterie,In Betrieb,Nordrhein-Westfalen,/Date(1745798400000)/,Batterie,524,727,644.0,644.0,1266.0,SSE909793553666
SEE948466841679,FRANKFURT_PC1,In Betrieb,Hessen,/Date(1707177600000)/,Batterie,524,727,640.0,640.0,1000.0,SSE968507470576
SEE962875496978,ACH-Berlin Frischeparadies Akku,In Betrieb,Berlin,/Date(1679443200000)/,Batterie,524,727,640.0,640.0,1050.0,SSE949228937692
SEE971449813417,ACH_Düsseldorf_PC1,In Betrieb,Nordrhein-Westfalen,/Date(1760659200000)/,Batterie,524,727,640.0,640.0,1050.0,SSE909166891630
SEE989092944297,Kiefersfelden_PC1,In Betrieb,Bayern,/Date(1757030400000)/,Batterie,524,727,640.0,640.0,1050.0,SSE967807733763
SEE939552770706,BREMEN_PC1,In Betrieb,Bremen,/Date(1728259200000)/,Batterie,524,727,640.0,640.0,1000.0,SSE930412011601
SEE920624045648,ACH-München Obersendling Akku,In Betrieb,Bayern,/Date(1693785600000)/,Batterie,524,727,640.0,640.0,1000.0,SSE948325462533
SEE952961803858,ACH-München Westkreuz SC1,In Betrieb,Bayern,/Date(1753315200000)/,Batterie,524,727,640.0,640.0,1000.0,SSE900462141184
SEE918424302351,Zentral-E-Batterie-Speicher,In Betrieb,Nordrhein-Westfalen,/Date(1743379200000)/,Batterie,524,727,640.0,640.0,12.88,SSE951826308095
SEE920918238367,Speicher MBW IV 12810,In Betrieb,Brandenburg,/Date(1673827200000)/,Batterie,524,727,634.0,634.0,1664.0,SSE976312460422
SEE977784500630,Speicher West_Messe Friedrichshafen,In Betrieb,Baden-Württemberg,/Date(1773878400000)/,Batterie,524,727,630.0,630.0,1317.0,SSE921746718489
SEE934638488643,Speicher Werk 3 BTM 625 kW,In Planung,Niedersachsen,,Batterie,524,727,625.0,625.0,1150.0,SSE959534723902
SEE980007948287,PV-Speicher Ehringen-Süd-Ost,In Betrieb,Bayern,/Date(1782864000000)/,Batterie,524,727,750.0,625.0,1445.0,SSE957205947749
SEE922983390681,Anlage 1875 Batterie,In Planung,Rheinland-Pfalz,,Batterie,524,727,625.0,625.0,1250.0,SSE995436131407
SEE902389818880,Mini Grid Walporzheimer Strasse,In Planung,Rheinland-Pfalz,,Batterie,524,727,625.0,625.0,1300.0,SSE957131145479
SEE954300786594,Batteriespeicher SP AEN A2,In Planung,Bayern,,Batterie,524,727,619.0,619.0,1238.0,SSE908246632613
SEE924007485373,BATT-FRI-02,In Betrieb,Niedersachsen,/Date(1765411200000)/,Batterie,524,727,607.5,607.5,1849.5,SSE977152568224
SEE948363778672,23159 SP Ganacker 2.BA Speicher,In Betrieb,Bayern,/Date(1699228800000)/,Batterie,524,727,600.0,600.0,2032.0,SSE959425485926
SEE999213255034,PV LEMO Batterie,In Betrieb,Nordrhein-Westfalen,/Date(1759276800000)/,Batterie,524,727,1998.0,600.0,540.0,SSE902593323408
SEE929734484736,Stromspeicher,In Betrieb,Niedersachsen,/Date(1783296000000)/,Batterie,524,727,600.0,600.0,892.8,SSE947473629126
SEE989255475729,Batteriespeicher (Notstromanlage),In Betrieb,Nordrhein-Westfalen,/Date(1578009600000)/,Batterie,524,728,600.0,600.0,70.0,SSE959849359407
SEE951380703534,FWAR-E-L012:EC001+EI00001,In Betrieb,Nordrhein-Westfalen,/Date(1704067200000)/,Batterie,524,727,600.0,600.0,600.0,SSE902374706529
SEE961596516118,BSS Reyser,In Betrieb,Baden-Württemberg,/Date(1756166400000)/,Batterie,524,727,600.0,600.0,1674.0,SSE904668450811
SEE927220811226,SWM HW Freiham Bat1,In Betrieb,Bayern,/Date(1517270400000)/,Batterie,524,727,600.0,600.0,1000.0,SSE911240072507
SEE914882774983,Stromspeicher MultiColor,In Betrieb,Baden-Württemberg,/Date(1667260800000)/,Batterie,524,727,600.0,600.0,660.0,SSE997053864553
SEE927296337002,Speicher Freifeldanlage Meeder 500,In Betrieb,Bayern,/Date(1708560000000)/,Batterie,524,727,600.0,600.0,1296.0,SSE989167374882
SEE938816080216,Solax Speicher 1290kWh 600KW 05.08.2025,In Betrieb,Bayern,/Date(1754352000000)/,Batterie,524,727,600.0,600.0,1290.0,SSE935665352006
SEE930257152521,Stromspeicher,In Betrieb,Baden-Württemberg,/Date(1640217600000)/,Batterie,524,727,600.0,600.0,650.0,SSE903455295796
SEE951797760700,SE_2023_1160_Zweibrücken_Speicher,In Betrieb,Rheinland-Pfalz,/Date(1670371200000)/,Batterie,524,727,600.0,600.0,768.0,SSE937638075639
SEE975270350486,Stromspeicher 10MH BG2,In Planung,Bayern,,Batterie,524,727,600.0,600.0,1200.0,SSE923254270633
SEE923183004385,Stromspeicher 1800 kW/h,In Betrieb,Bayern,/Date(1767830400000)/,Batterie,524,727,600.0,600.0,1800.0,SSE973929172670
SEE938279174767,AnkerE2700,In Betrieb,Schleswig-Holstein,/Date(1786838400000)/,Batterie,524,727,600.0,600.0,2.56,SSE989901190631
SEE975888611894,Speicher-Hamel,In Betrieb,Niedersachsen,/Date(1782864000000)/,Batterie,524,727,600.0,600.0,1.92,SSE952832928680
SEE948347896118,FZJ_BATA_04.55,In Betrieb,Nordrhein-Westfalen,/Date(1677542400000)/,Batterie,524,727,595.0,595.0,2616.0,SSE965406826527
SEE928983550520,20363 SP Kreuzbergfeld Speicher 1,In Planung,Bayern,,Batterie,524,727,595.0,595.0,1190.0,SSE966168148438
SEE972112933029,20363 SP Kreuzbergfeld Speicher 2,In Planung,Bayern,,Batterie,524,727,595.0,595.0,1190.0,SSE939611321238
SEE908902252759,Anlage 1725 Batterie,In Planung,Rheinland-Pfalz,,Batterie,524,727,575.0,575.0,1150.0,SSE971133651400
SEE944308320142,Batteriespeicher 1 - Rosmart,In Betrieb,Nordrhein-Westfalen,/Date(1575676800000)/,Batterie,524,727,563.0,563.0,530.0,SSE973403190756
SEE924517601980,"Agri-PV, Solarpark Breites Feld - Speicher",In Betrieb,Bayern,/Date(1731888000000)/,Batterie,524,727,558.56,558.56,1334.655,SSE924492716471
SEE970268501598,Batteriespeicher Nordhorn GT,In Betrieb,Niedersachsen,/Date(1691452800000)/,Batterie,524,727,552.0,552.0,492.0,SSE960937869043
SEE937492609568,Speicher,In Planung,Brandenburg,,Batterie,524,727,552.0,552.0,492.0,SSE947989491408
SEE938369709749,BIG Battery Storage,In Betrieb,Niedersachsen,/Date(1764892800000)/,Batterie,524,727,552.0,552.0,1344.0,SSE941913412514
SEE978054300127,Speicher Tesvolt Winkelsett 2026,In Planung,Niedersachsen,,Batterie,524,727,552.0,552.0,1104.0,SSE935484648342
SEE967117695577,ESAVE 1080-552C,In Planung,Baden-Württemberg,,Batterie,524,727,552.0,552.0,1080.0,SSE935907644036
SEE947840284859,Speicher Tesvolt Hohes Feld 2026,In Planung,Niedersachsen,,Batterie,524,727,552.0,552.0,1104.0,SSE945464076317
SEE918838291586,Speicher Anham,In Betrieb,Bayern,/Date(1651708800000)/,Batterie,524,727,552.0,552.0,984.0,SSE978434726769
SEE901159724048,Batteriespeicher Ladeinfrastruktur Fracht Süd,In Betrieb,Baden-Württemberg,/Date(1746403200000)/,Batterie,524,727,552.0,552.0,534.0,SSE944121423006
SEE930305475985,SL-Notstromaggregat für Sicherheitstechnik,In Betrieb,Baden-Württemberg,/Date(1567382400000)/,Batterie,524,732,550.0,550.0,550.0,SSE928236884969
SEE999603322889,Batteriespeicher Neufahrn,In Betrieb,Bayern,/Date(1714003200000)/,Batterie,524,727,550.0,550.0,721.6,SSE979367036017
SEE944820572838,PV Hardy Barth,In Betrieb,Bayern,/Date(1730764800000)/,Batterie,524,727,550.0,550.0,870.0,SSE990415506009
SEE985558822406,Batterieprüfstand 1,In Betrieb,Baden-Württemberg,/Date(1639353600000)/,Batterie,524,727,550.0,550.0,100.0,SSE907893409470
SEE933665981332,Bäckerei Schmid Löffingen,In Betrieb,Baden-Württemberg,/Date(1778803200000)/,Batterie,524,727,546.0,546.0,540.0,SSE938594653572
SEE982486719259,GUW+ Batteriespeicher 1 Döhren,In Betrieb,Niedersachsen,/Date(1705968000000)/,Batterie,524,727,540.0,540.0,650.0,SSE901248703817
SEE974946295144,AHS - Hofgut Bayha Speichersysteme,In Planung,Hessen,,Batterie,524,727,540.0,540.0,1205.0,SSE997709686102
SEE992119869510,Speicher,In Betrieb,Brandenburg,/Date(1769126400000)/,Batterie,524,727,540.0,540.0,1075.0,SSE996927151607
SEE979913375829,Batteriespeicher Kläranlage Hünfeld,In Betrieb,Hessen,/Date(1737417600000)/,Batterie,524,727,535.0,535.0,1390.0,SSE993918093113
SEE987978913696,MJ13. Speicher Zubau,In Planung,Bayern,,Batterie,524,727,530.0,530.0,1060.0,SSE978019972741
SEE957605040491,Power2Move1,In Betrieb,Bayern,/Date(1702857600000)/,Batterie,524,727,528.0,528.0,1918.0,SSE957240575730
SEE930760708215,Stromspeicher_1,In Betrieb,Baden-Württemberg,/Date(1762992000000)/,Batterie,524,727,528.0,528.0,711.0,SSE991975415077
SEE919034466754,Batterie Container Ludwigstraße 82,In Betrieb,Bayern,/Date(1703030400000)/,Batterie,524,727,528.0,528.0,1918.0,SSE959462166642
SEE982147622898,"BESS Agru-Frank, Wölfersheim",In Betrieb,Hessen,/Date(1765929600000)/,Batterie,524,727,526.0,526.0,672.0,SSE972950299851
SEE917429859051,P23-087 Solarpark Meeder II - Speicher,In Planung,Bayern,,Batterie,524,,520.0,520.0,1040.0,SSE981394981086
SEE953092776097,BS_WASWFW_1,In Betrieb,Rheinland-Pfalz,/Date(1768348800000)/,Batterie,524,727,520.0,520.0,650.0,SSE935751490261
SEE953525053665,Speicher,In Betrieb,Bayern,/Date(1676332800000)/,Batterie,524,727,518.0,518.0,866.0,SSE926711171382
SEE974678637069,Batteriespeicher SP AEN A1,In Planung,Bayern,,Batterie,524,727,507.0,507.0,1014.0,SSE989854665163
SEE934064206071,Notstromspeicher Dieselstraße Kempten,In Betrieb,Bayern,/Date(1512604800000)/,Batterie,524,727,500.0,500.0,336.0,SSE965093160614
SEE978905555157,BTC_PFL P01,Vorübergehend stillgelegt,Niedersachsen,/Date(1617926400000)/,Batterie,524,727,500.0,500.0,0.01,SSE918303911742
SEE948840887729,Rehl-Solar,In Betrieb,Rheinland-Pfalz,/Date(1732838400000)/,Batterie,524,727,500.0,500.0,1632.0,SSE903694243268
SEE996774526962,Wetzisreute Batterie,In Betrieb,Baden-Württemberg,/Date(1714089600000)/,Batterie,524,727,500.0,500.0,1288.0,SSE918647721465
SEE926969531082,Ristok Speicher,In Betrieb,Sachsen-Anhalt,/Date(1767139200000)/,Batterie,524,727,500.0,500.0,1032.0,SSE948284821341
SEE919423236128,500 kWh Speicher,In Betrieb,Sachsen-Anhalt,/Date(1456790400000)/,Batterie,524,727,500.0,500.0,500.0,SSE931616031662
SEE924133163466,Speicher H,In Planung,Sachsen-Anhalt,,Batterie,524,732,500.0,500.0,1000.0,SSE993689981251
SEE999110397349,Batteriespeicher Aybühlweg Kempten,In Betrieb,Bayern,/Date(1510617600000)/,Batterie,524,727,500.0,500.0,336.0,SSE946619863820
SEE926678249643,Batteriespeicher Reichenbacher Straße Nesselwang,In Betrieb,Bayern,/Date(1509062400000)/,Batterie,524,727,500.0,500.0,336.0,SSE976929402334
SEE904007985936,Batterie Wahlheim,In Betrieb,Rheinland-Pfalz,/Date(1654732800000)/,Batterie,524,727,500.0,500.0,712.0,SSE907596083106
SEE929152127277,Eckl _LTEC-AGRI-Speicher,In Betrieb,Bayern,/Date(1722816000000)/,Batterie,524,727,500.0,500.0,1288.0,SSE941272453630
SEE990653966627,Ecoflow River 3 plus Max,In Betrieb,Nordrhein-Westfalen,/Date(1774310400000)/,Batterie,524,727,500.0,500.0,0.858,SSE948715930697
SEE989631159991,PB1 Petersruh Batterie 1,In Planung,Brandenburg,,Batterie,524,727,500.0,500.0,1000.0,SSE955750123274
SEE948955243250,"260728_BESS_OSMOWA_3.837,60 kWp",In Betrieb,Nordrhein-Westfalen,/Date(1785110400000)/,Batterie,524,727,500.0,500.0,1075.0,SSE904277983977
SEE968176237470,Actrada,In Betrieb,Bayern,/Date(1701734400000)/,Batterie,524,727,1120.0,500.0,1120.0,SSE974355480919
SEE998138959331,Notstromspeicher Reichenbach Oberstdorf,In Betrieb,Bayern,/Date(1513641600000)/,Batterie,524,727,500.0,500.0,336.0,SSE958607654389
SEE930369934725,Pilotanlage Master+ USV-Batterie,Endgültig stillgelegt,Nordrhein-Westfalen,/Date(1536969600000)/,Batterie,524,728,500.0,500.0,500.0,SSE978695007942
SEE932834592065,Agri-Photovoltaik Krauscha BatI,In Betrieb,Sachsen,/Date(1730764800000)/,Batterie,524,727,500.0,500.0,1288.8,SSE983220037158
SEE927405316089,WBS500_Geothermie,In Betrieb,Mecklenburg-Vorpommern,/Date(1537228800000)/,Batterie,524,727,500.0,500.0,926.0,SSE917093939912
SEE968366322191,Anlage 1500 Batterie,In Planung,Rheinland-Pfalz,,Batterie,524,727,500.0,500.0,1000.0,SSE978141885773
SEE929742020308,GrafingenergieStromspeiser2,In Planung,Bayern,,Batterie,524,727,1000.0,500.0,1000.0,SSE920974478882
SEE988786626310,2025 Speicher Dußlingen,In Betrieb,Baden-Württemberg,/Date(1749081600000)/,Batterie,524,727,500.0,500.0,966.0,SSE980956266944
SEE991029087809,Batterie Adrian Stoop Str 50,In Betrieb,Bayern,/Date(1781481600000)/,Batterie,524,727,800.0,500.0,1004.0,SSE909497767659
SEE988936512111,Fernwärme Alfhausen - Batteriespeicher I Bertha-Benz-Straße,In Planung,Niedersachsen,,Batterie,524,,500.0,500.0,1000.0,SSE967516136008
SEE948088495915,Batteriespeicher Fuggerstraße Dietmannsried,In Betrieb,Bayern,/Date(1513728000000)/,Batterie,524,727,500.0,500.0,336.0,SSE911484219188
SEE996447760945,Batteriespeicher Schotterwerk Beuerlein Aub,In Betrieb,Bayern,/Date(1774915200000)/,Batterie,524,727,500.0,500.0,1075.0,SSE940785880391
SEE902211772656,Batteriespeicher MTU EnergyPack-QM 500 kVA / 582kWh,In Betrieb,Sachsen,/Date(1639699200000)/,Batterie,524,727,500.0,500.0,500.0,SSE995654817480
SEE961655529356,Agri-Photovoltaik Epfendorf BatI,In Betrieb,Baden-Württemberg,/Date(1716249600000)/,Batterie,524,727,500.0,500.0,1159.0,SSE947950781910
SEE931971412816,BSG -PV MO Sp,In Betrieb,Saarland,/Date(1713225600000)/,Batterie,524,727,500.0,500.0,1288.8,SSE920088766820
SEE982733805193,Batteriespeichercontainer,In Betrieb,Brandenburg,/Date(1607385600000)/,Batterie,524,727,500.0,500.0,1327.0,SSE908129536083
SEE949447387377,APEX 1-MWh-Batteriespeicher WBS500,In Betrieb,Mecklenburg-Vorpommern,/Date(1651536000000)/,Batterie,524,727,500.0,500.0,925.0,SSE996140359873
SEE943540790294,Oberberg2 PSW F1,In Betrieb,Bayern,/Date(1167609600000)/,Pumpspeicher,1537,,500.0,500.0,42000.0,SSE970268127842
SEE927672771390,Grünstromspeicher Jungensberg,In Betrieb,Bayern,/Date(1776729600000)/,Batterie,524,727,500.0,500.0,929.0,SSE998253398091
SEE989701749992,Bergkirchen Stromspeicher Qinous,In Planung,Bayern,,Batterie,524,727,500.0,500.0,554.0,SSE942241886572
SEE971568876652,BTC_PFL P03,Vorübergehend stillgelegt,Niedersachsen,/Date(1617926400000)/,Batterie,524,727,500.0,500.0,0.01,SSE956548940103
SEE986618506519,Stromspeicher Innovation GE 25,In Planung,Bayern,,Batterie,524,727,500.0,500.0,1000.0,SSE967656037777
SEE943412256910,MuLI-Batteriespeicher,In Betrieb,Nordrhein-Westfalen,/Date(1632960000000)/,Batterie,524,727,500.0,500.0,255.0,SSE928943589232
SEE916450758067,"Batteriespeicher Mittelberg, West  STAT",In Betrieb,Bayern,/Date(1545350400000)/,Batterie,524,727,500.0,500.0,302.0,SSE987733478606
SEE948707971585,Speicher Löhner Str.,In Betrieb,Nordrhein-Westfalen,/Date(1776729600000)/,Batterie,524,727,500.0,500.0,1056.0,SSE950430851836
SEE962603196187,Richlisreute Batterie,In Betrieb,Baden-Württemberg,/Date(1714089600000)/,Batterie,524,727,500.0,500.0,1288.0,SSE996959967689
SEE950045976481,BTC_PFL P04,Vorübergehend stillgelegt,Niedersachsen,/Date(1617926400000)/,Batterie,524,727,500.0,500.0,0.01,SSE982472542601
SEE976268355988,"260714_LUD_V＆V_748,8kWp_BS",In Betrieb,Rheinland-Pfalz,/Date(1783987200000)/,Batterie,524,727,500.0,500.0,885.0,SSE924249083573
SEE932630157796,Kaltenkirchen Stromspeicher Qinous,In Planung,Schleswig-Holstein,,Batterie,524,727,500.0,500.0,554.0,SSE951790104112
SEE970804654573,Speicher Buchenweg,In Planung,Niedersachsen,,Batterie,524,727,500.0,500.0,1012.0,SSE953295550241
SEE912449451339,Agri-Solarpark Löffingen BatI,In Betrieb,Baden-Württemberg,/Date(1731369600000)/,Batterie,524,727,500.0,500.0,1289.0,SSE942250610120
SEE968554030204,BTC_PFL P02,Vorübergehend stillgelegt,Niedersachsen,/Date(1617926400000)/,Batterie,524,727,500.0,500.0,0.01,SSE910626008789
SEE997158781724,Speicher Klünenberg,In Planung,Niedersachsen,,Batterie,524,727,500.0,500.0,1000.0,SSE962487972990
SEE995967653034,Speicher Solarpark Hetzlos,In Planung,Bayern,,Batterie,524,,500.0,500.0,415.0,SSE916923809722
SEE909272686465,Eratsrain Batterie,In Betrieb,Baden-Württemberg,/Date(1714089600000)/,Batterie,524,727,500.0,500.0,1288.0,SSE954315781447
SEE942302009865,PV Anlage,In Betrieb,Hessen,/Date(1776211200000)/,Batterie,524,727,500.0,500.0,500.0,SSE933023398215
SEE949605072114,SP AEN Batteriespeicher A3/A5,In Planung,Bayern,,Batterie,524,727,482.0,482.0,964.0,SSE964735928186
SEE982036537517,Batteriespeicher 1,In Betrieb,Hamburg,/Date(1574121600000)/,Batterie,524,727,480.0,480.0,920.0,SSE970124976874
SEE919315360603,Batteriespeicher Wildpoldsried,In Betrieb,Bayern,/Date(1774569600000)/,Batterie,524,727,480.0,480.0,960.0,SSE915690394011
SEE967157004759,Heppenheim Stromspeicher Fenecon,In Planung,Hessen,,Batterie,524,727,480.0,480.0,500.0,SSE951065741196
SEE996924401095,Lager_Lidl_Erlensee_Batt,In Betrieb,Hessen,/Date(1633564800000)/,Batterie,524,727,460.0,460.0,1457.0,SSE963730127396
SEE957298374385,Speicher-Bramel1162,In Planung,Niedersachsen,,Batterie,524,727,460.0,460.0,920.0,SSE955940670205
SEE934859860990,PV Ladepark Heinrichshof,In Betrieb,Nordrhein-Westfalen,/Date(1729641600000)/,Batterie,524,727,460.0,460.0,495.0,SSE908138109612
SEE930431012306,DULM01N (Dorsten),In Betrieb,Nordrhein-Westfalen,/Date(1732579200000)/,Batterie,524,727,460.0,460.0,968.0,SSE990372056159
SEE992042617912,Gaustromspeicher,In Betrieb,Bayern,/Date(1783900800000)/,Batterie,524,727,460.0,460.0,920.0,SSE927466639080
SEE959401360704,Speicher-Osten393,In Betrieb,Niedersachsen,/Date(1778112000000)/,Batterie,524,727,460.0,460.0,922.0,SSE908051492907
SEE912997301797,PACCAR Parts Massbach BESS,In Planung,Bayern,,Batterie,524,727,460.0,460.0,967.5,SSE968498689247
SEE912547840417,Batteriespeicher Böhme 2023,In Betrieb,Bayern,/Date(1703203200000)/,Batterie,524,727,455.0,455.0,405.0,SSE957169972832
SEE949117296008,Speicher Ost_Messe Friedrichshafen,In Betrieb,Baden-Württemberg,/Date(1773878400000)/,Batterie,524,727,450.0,450.0,941.0,SSE930912466833
SEE900702056025,Batteriespeicher 1,In Betrieb,Bayern,/Date(1769731200000)/,Batterie,524,732,450.0,450.0,885.0,SSE983288343611
SEE962694649210,Batteriespeicher zwissTEX Germany,In Betrieb,Baden-Württemberg,/Date(1776816000000)/,Batterie,524,727,450.0,450.0,846.9,SSE905418959776
SEE979635737127,Sturmwind 1.1,In Planung,Schleswig-Holstein,,Batterie,524,727,440.0,440.0,900.0,SSE933385150568
SEE951380506890,PVA Dirmingen II BESS,In Planung,Saarland,,Batterie,524,727,440.0,440.0,1820.0,SSE988154548084
SEE929641682317,Batteriespeicher LK Bacmeister,In Betrieb,Nordrhein-Westfalen,/Date(1764892800000)/,Batterie,524,727,440.0,440.0,916.0,SSE948457719987
SEE937813917464,Speicher,In Planung,Bayern,,Batterie,524,732,440.0,440.0,1500.0,SSE923624461388
SEE975774567724,PV 3 Halle ＆ Carport,In Betrieb,Baden-Württemberg,/Date(1765324800000)/,Batterie,524,727,1000.0,440.0,2258.0,SSE919757478829
SEE968514715073,Berlin - POCO Wedding,In Betrieb,Berlin,/Date(1766102400000)/,Batterie,524,727,436.0,436.0,436.0,SSE915173980915
SEE972074109685,Oldenburg - Netto Alter Postweg,In Betrieb,Niedersachsen,/Date(1782777600000)/,Batterie,524,727,436.0,436.0,436.0,SSE906312464540
SEE926739409559,Velbert - Fressnapf,In Betrieb,Nordrhein-Westfalen,/Date(1770336000000)/,Batterie,524,727,436.0,436.0,436.0,SSE978501123552
SEE901336542441,Hemmoor - Netto Stader Straße,In Betrieb,Niedersachsen,/Date(1772496000000)/,Batterie,524,727,436.0,436.0,436.0,SSE924789199437
SEE925933249916,Moers - Netto Düsseldorfer Straße,In Betrieb,Nordrhein-Westfalen,/Date(1783382400000)/,Batterie,524,727,436.0,436.0,436.0,SSE958410259283
SEE945982894516,Wilhelmshaven - Netto Ernst Barlach Straße,In Betrieb,Niedersachsen,/Date(1774915200000)/,Batterie,524,727,436.0,436.0,436.0,SSE906010404084
SEE964086968916,Gardelegen - Netto Am Kämmereiforst,In Betrieb,Sachsen-Anhalt,/Date(1787097600000)/,Batterie,524,727,436.0,436.0,436.0,SSE985461774366
SEE902456970633,Coburg - Netto Callenbergerstraße,In Betrieb,Bayern,/Date(1773705600000)/,Batterie,524,727,436.0,436.0,436.0,SSE905747165299
SEE955667827456,Halle - Netto Delitzscher Straße,In Betrieb,Sachsen-Anhalt,/Date(1782259200000)/,Batterie,524,727,436.0,436.0,436.0,SSE924590010495
SEE906881721631,Freiburg - McFit ＆ McDonalds,In Betrieb,Baden-Württemberg,/Date(1782432000000)/,Batterie,524,727,436.0,436.0,436.0,SSE951556959772
SEE957868942778,Berlin Hellersdorf - La Festa,In Betrieb,Berlin,/Date(1773360000000)/,Batterie,524,727,436.0,436.0,436.0,SSE967191623930
SEE951859356445,Wenden - Netto Koblenzer Straße,In Betrieb,Nordrhein-Westfalen,/Date(1785283200000)/,Batterie,524,727,436.0,436.0,436.0,SSE928357494313
SEE946262283204,Salzweg - Netto Passauer Straße,In Betrieb,Bayern,/Date(1787184000000)/,Batterie,524,727,436.0,436.0,436.0,SSE975139069511
SEE965931527876,Nordhausen - Netto Gerhart-Hauptmann-Straße,In Betrieb,Thüringen,/Date(1786579200000)/,Batterie,524,727,436.0,436.0,436.0,SSE984320304386
SEE908178339680,Batteriespeicher,In Betrieb,Niedersachsen,/Date(1642032000000)/,Batterie,524,727,435.0,435.0,230.4,SSE902324884185
SEE945036905830,PVA Lippetal Speicher,In Betrieb,Nordrhein-Westfalen,/Date(1785196800000)/,Batterie,524,727,432.0,432.0,860.0,SSE917428502583
SEE903513637179,Batteriespeicher 405 kW - 2025,In Betrieb,Niedersachsen,/Date(1761091200000)/,Batterie,524,727,405.0,405.0,1233.0,SSE944325708046
SEE908280447303,LFD 13/50,In Betrieb,Nordrhein-Westfalen,/Date(1763596800000)/,Batterie,524,727,405.0,405.0,1233.0,SSE941280150361
SEE998409486894,LFD 13/51,In Betrieb,Nordrhein-Westfalen,/Date(1768953600000)/,Batterie,524,727,405.0,405.0,1620.0,SSE963473432344
SEE929660744829,Containerspeicher_RW Food_Solution,In Betrieb,Thüringen,/Date(1764288000000)/,Batterie,524,727,405.0,405.0,1233.0,SSE976801780291
SEE947987417462,Batteriespeicher Michelau,In Betrieb,Bayern,/Date(1731628800000)/,Batterie,524,727,405.0,405.0,1109.0,SSE935997222275
SEE913632023296,Kraftwek EV,In Betrieb,Niedersachsen,/Date(1787011200000)/,Batterie,524,727,400.0,400.0,400.0,SSE904193256858
SEE932693030883,SP Türkenfeld Speicher,In Planung,Bayern,,Batterie,524,727,400.0,400.0,800.0,SSE936695615079
SEE975929008355,SP Wellingen Bat1,In Betrieb,Saarland,/Date(1729209600000)/,Batterie,524,727,400.0,400.0,1159.0,SSE908266419423
SEE944445104377,GA USV21,In Betrieb,Hamburg,/Date(1612310400000)/,Batterie,524,728,416.0,400.0,132.5,SSE940711463117
SEE970148262014,Batteriespeicher Nufringen,In Betrieb,Baden-Württemberg,/Date(1753920000000)/,Batterie,524,727,400.0,400.0,481.0,SSE932132755810
SEE963207610550,GA USV17,In Betrieb,Hamburg,/Date(1616544000000)/,Batterie,524,728,416.0,400.0,124.6,SSE905062278483
SEE963469922538,Dr. Gantenberg 400kW,In Betrieb,Bayern,/Date(1751587200000)/,Batterie,524,727,400.0,400.0,1044.0,SSE922537230395
SEE999607959524,GA USV24,In Betrieb,Hamburg,/Date(1611705600000)/,Batterie,524,728,416.0,400.0,124.6,SSE964769919426
SEE971028502831,Batteriespeicher Rieste Meppener Str,In Betrieb,Niedersachsen,/Date(1742169600000)/,Batterie,524,727,400.0,400.0,640.0,SSE959306209382
SEE984668323155,NOS USV01,In Betrieb,Hamburg,/Date(1638576000000)/,Batterie,524,728,416.0,400.0,201.6,SSE951274736556
SEE982314140088,PV_Speicher_Freyung,In Planung,Bayern,,Batterie,524,727,400.0,400.0,900.0,SSE926391021991
SEE927288508588,GA USV12,In Betrieb,Hamburg,/Date(1616025600000)/,Batterie,524,728,416.0,400.0,132.5,SSE968777746968
SEE991916924828,GA USV19,In Betrieb,Hamburg,/Date(1611100800000)/,Batterie,524,728,416.0,400.0,132.5,SSE981265432167
SEE947064487098,BESS Obersöchering,In Betrieb,Bayern,/Date(1730851200000)/,Batterie,524,727,400.0,400.0,1000.0,SSE943830897061
SEE976741221045,Speicher Ingolstadt IX - P25-158,In Planung,Bayern,,Batterie,524,727,400.0,400.0,800.0,SSE942182897095
SEE944939544504,Speicher Tesvolt,In Betrieb,Baden-Württemberg,/Date(1737417600000)/,Batterie,524,727,400.0,400.0,640.0,SSE906137743882
SEE947087735060,Energiepark Nordhausen BESS,In Planung,Thüringen,,Batterie,524,727,400.0,400.0,1205.0,SSE989811293675
SEE917655654796,GA USV18,In Betrieb,Hamburg,/Date(1611100800000)/,Batterie,524,728,416.0,400.0,132.5,SSE961454077874
SEE953107470675,Emission-Speicher,In Betrieb,Niedersachsen,/Date(1784851200000)/,Batterie,524,727,400.0,400.0,860.0,SSE993532896909
SEE943786356827,GA USV15,In Betrieb,Hamburg,/Date(1615420800000)/,Batterie,524,728,416.0,400.0,124.6,SSE941117940981
SEE947549273918,GA USV20,In Betrieb,Hamburg,/Date(1612310400000)/,Batterie,524,728,416.0,400.0,132.5,SSE953586074845
SEE991946773175,GA USV23,In Betrieb,Hamburg,/Date(1611705600000)/,Batterie,524,728,416.0,400.0,124.6,SSE996683105623
SEE979553765868,GA USV16,In Betrieb,Hamburg,/Date(1616544000000)/,Batterie,524,728,416.0,400.0,124.6,SSE938766858569
SEE954478229374,Batt GreenLife Schwerin,In Betrieb,Mecklenburg-Vorpommern,/Date(1692921600000)/,Batterie,524,727,400.0,400.0,640.0,SSE988046815003
SEE954453991784,GA USV14,In Betrieb,Hamburg,/Date(1615420800000)/,Batterie,524,728,416.0,400.0,124.6,SSE926237312245
SEE911168218926,GK_Spitzenlast_Li-Ionen,In Betrieb,Bayern,/Date(1655942400000)/,Batterie,524,727,400.0,400.0,554.0,SSE921627082463
SEE980350847626,Speicher Brandenberger Feld,In Planung,Bayern,,Batterie,524,727,400.0,400.0,800.0,SSE942251965434
SEE907270059632,Batterieanlage Lastspitzenreduktion Goodyear Riesa,In Betrieb,Sachsen,/Date(1648771200000)/,Batterie,524,727,400.0,400.0,400.0,SSE936587071808
SEE990309375971,Batteriespeicher BR-1,In Betrieb,Bayern,/Date(1757980800000)/,Batterie,524,727,400.0,400.0,924.0,SSE908071633571
SEE964549997514,GA USV22,In Betrieb,Hamburg,/Date(1611705600000)/,Batterie,524,728,416.0,400.0,124.6,SSE906017440887
SEE908925070040,GA USV13,In Betrieb,Hamburg,/Date(1616025600000)/,Batterie,524,728,416.0,400.0,132.5,SSE971906630748
SEE995725461611,GA USV11,In Betrieb,Hamburg,/Date(1616025600000)/,Batterie,524,728,416.0,400.0,132.5,SSE903871288235
SEE948309869679,NOS USV02,In Betrieb,Hamburg,/Date(1638576000000)/,Batterie,524,728,416.0,400.0,201.6,SSE947946111462
SEE954681050826,Batteriespeicher PV-Anlage Bitterfeld,In Planung,Sachsen-Anhalt,,Batterie,524,727,400.0,400.0,240.0,SSE932622615501
SEE939187220164,Speicher HLZF,In Betrieb,Thüringen,/Date(1779926400000)/,Batterie,524,727,399.0,399.0,932.0,SSE944547738609
SEE950602379045,Batteriespeicher Möck Biogas,In Betrieb,Bayern,/Date(1764547200000)/,Batterie,524,727,396.0,396.0,900.0,SSE989992235075
SEE994375332593,Zander Solar Batteriespeicher 1,In Planung,Baden-Württemberg,,Batterie,524,727,380.0,380.0,180.0,SSE908627317689
SEE950496580978,Stromspeicher,In Planung,Baden-Württemberg,,Batterie,524,727,375.0,375.0,765.0,SSE923213400286
SEE912967633460,Mellrichstadt 1,In Planung,Bayern,,Batterie,524,727,375.0,375.0,783.0,SSE927715728824
SEE952921591726,PVA Seehausen Innovation Speicher,In Planung,Sachsen-Anhalt,,Batterie,524,727,375.0,375.0,783.6,SSE930664213198
SEE908383406085,Mellrichstadt 1,In Planung,Bayern,,Batterie,524,727,375.0,375.0,783.0,SSE904403773410
SEE951090705231,sungrow Batterie,In Planung,Baden-Württemberg,,Batterie,524,727,375.0,375.0,771.0,SSE917502974138
SEE962782663531,Speicher Lenting VI - P22-362,In Planung,Bayern,,Batterie,524,727,375.0,375.0,750.0,SSE937983572913
SEE947445854082,Storage44 Speicher Colonia,In Betrieb,Nordrhein-Westfalen,/Date(1769558400000)/,Batterie,524,730,368.0,368.0,736.0,SSE909576407902
SEE951654439459,FENE_I_M_2026,In Planung,Hessen,,Batterie,524,727,368.0,368.0,904.0,SSE935173881425
SEE928276530444,Trading-Speicher Stall,In Planung,Niedersachsen,,Batterie,524,727,368.0,368.0,1376.0,SSE947332001759
SEE900146624224,Powerstation St. Hülfe,In Planung,Niedersachsen,,Batterie,524,732,368.0,368.0,11920.0,SSE902577311063
SEE908582079066,Stromspeicher 1,In Betrieb,Bayern,/Date(1690848000000)/,Batterie,524,731,368.0,368.0,656.0,SSE923532745501
SEE905565070782,Fenecon Batterie,In Planung,Niedersachsen,,Batterie,524,727,368.0,368.0,656.0,SSE992256246328
SEE906519867236,Energiewürfel 1,In Planung,Niedersachsen,,Batterie,524,727,368.0,368.0,900.0,SSE937124831978
SEE925713962431,Schwaba Gebrauchtwagenzentrum,In Betrieb,Bayern,/Date(1748304000000)/,Batterie,524,727,368.0,368.0,588.0,SSE960529956533
SEE908086900491,Dools-Speicher,In Betrieb,Bayern,/Date(1770163200000)/,Batterie,524,727,368.0,368.0,737.0,SSE994319635674
SEE991751878720,BESS 368kW,In Betrieb,Niedersachsen,/Date(1782777600000)/,Batterie,524,730,368.0,368.0,736.0,SSE958369675080
SEE950339813645,Kinning Batteriespeicher,In Planung,Bayern,,Batterie,524,,361.0,361.0,722.0,SSE948994162864
SEE986473839623,Batteriespeicher (21075 P),In Betrieb,Baden-Württemberg,/Date(1660089600000)/,Batterie,524,727,360.0,360.0,900.0,SSE936338625328
SEE908660911400,Batteriespeicher,Endgültig stillgelegt,Rheinland-Pfalz,/Date(1705449600000)/,Batterie,524,727,360.0,360.0,400.0,SSE988884032624
SEE949544693333,Halle 4-6 Quander Versmold Speicher,In Betrieb,Nordrhein-Westfalen,/Date(1621555200000)/,Batterie,524,727,360.0,360.0,341.0,SSE970132009793
SEE981124006935,Halle 1-3 Quander Versmold Speicher,In Betrieb,Nordrhein-Westfalen,/Date(1621555200000)/,Batterie,524,727,360.0,360.0,341.0,SSE940004821310
SEE935222798384,Graustromspeicher,In Betrieb,Bayern,/Date(1772582400000)/,Batterie,524,727,360.0,360.0,806.4,SSE916396621098
SEE982854331656,Gewerbespeicher 2026,In Betrieb,Baden-Württemberg,/Date(1785456000000)/,Batterie,524,727,360.0,360.0,1200.0,SSE912780310043
SEE901013376239,Batterie Carport Auggen,In Betrieb,Baden-Württemberg,/Date(1718236800000)/,Batterie,524,727,360.0,360.0,360.0,SSE991097876220
SEE921567836218,Speicher 2026,In Betrieb,Niedersachsen,/Date(1768780800000)/,Batterie,524,727,356.4,356.4,645.0,SSE971873259881
SEE921717205536,Speicher 2025,In Betrieb,Nordrhein-Westfalen,/Date(1766102400000)/,Batterie,524,727,356.4,356.4,645.0,SSE932211727479
SEE922586597555,Kluth Batteriespeicher,In Betrieb,Nordrhein-Westfalen,/Date(1764288000000)/,Batterie,524,727,352.0,352.0,398.0,SSE968004815948
SEE931066475139,Lastmanagement OWII,In Betrieb,Sachsen-Anhalt,/Date(1673308800000)/,Batterie,524,727,352.0,352.0,300.0,SSE983049485765
SEE997381344840,Geflügelhof Retzbach,In Planung,Baden-Württemberg,,Batterie,524,727,350.0,350.0,700.0,SSE934485392841
SEE922141430242,SE_2021_1288_Erwitte_Speicher,In Betrieb,Nordrhein-Westfalen,/Date(1640736000000)/,Batterie,524,727,350.0,350.0,246.0,SSE999849029115
SEE937293802656,Stromspeicher eMobility Ladepark Duisburg,In Betrieb,Nordrhein-Westfalen,/Date(1546819200000)/,Batterie,524,727,350.0,350.0,210.0,SSE988959887333
SEE946786112424,Batteriespeicher Biogasanlage,In Betrieb,Nordrhein-Westfalen,/Date(1756339200000)/,Batterie,524,727,350.0,350.0,1233.0,SSE912501781992
SEE921090636491,Speicher ROSIER Menden 2023,In Betrieb,Nordrhein-Westfalen,/Date(1700611200000)/,Batterie,524,727,350.0,350.0,608.0,SSE910269530340
SEE927427265327,GK_Spitzenlast_VFRB,In Betrieb,Bayern,/Date(1669593600000)/,Batterie,524,729,350.0,350.0,1500.0,SSE915997413354
SEE927251357052,Batteriespeicher LZ Freiburg,In Planung,Baden-Württemberg,,Batterie,524,727,346.5,346.5,315.0,SSE959847498146
SEE913585038255,Speicher,In Betrieb,Baden-Württemberg,/Date(1782432000000)/,Batterie,524,727,345.0,345.0,696.0,SSE958982136197
SEE904786882976,Batteriespeicher,In Betrieb,Hessen,/Date(1707696000000)/,Batterie,524,727,660.0,340.0,1120.0,SSE936843655988
SEE928918716410,Notstrom_2,In Planung,Schleswig-Holstein,,Batterie,524,727,340.0,340.0,320.0,SSE953965138687
SEE901422714356,Speicher - 480 kWh,In Betrieb,Bayern,/Date(1760832000000)/,Batterie,524,727,340.0,340.0,480.0,SSE964516501935
SEE959100820912,PV-Anlage Aufdach 320 kWp/Speicher,In Betrieb,Niedersachsen,/Date(1783468800000)/,Batterie,524,727,330.0,330.0,264.0,SSE978878138265
SEE951862218860,THAB Gebäude 50 Stromspeicher,In Betrieb,Bayern,/Date(1770681600000)/,Batterie,524,727,328.0,328.0,645.0,SSE907350361785
SEE942905296181,W050-TS_Mercedes-Benz Werk Sindelfingen Stromspeicher Bau 56,In Betrieb,Baden-Württemberg,/Date(1673827200000)/,Batterie,524,727,325.0,325.0,700.0,SSE940523327683
SEE908943297696,Speicher,In Planung,Thüringen,,Batterie,524,727,324.0,324.0,645.0,SSE944249603700
SEE902088447725,Freifläche_195.2025,In Betrieb,Hessen,/Date(1763424000000)/,Batterie,524,727,324.0,324.0,860.0,SSE905047952674
SEE910226812915,Fontus Businesspark Speicher 2026,In Planung,Baden-Württemberg,,Batterie,524,727,324.0,324.0,645.0,SSE995398053304
SEE923543626837,Speicher,In Betrieb,Brandenburg,/Date(1754006400000)/,Batterie,524,727,324.0,324.0,645.0,SSE978260673664
SEE903282949305,Speicher-Wiesmoor807,In Planung,Niedersachsen,,Batterie,524,727,324.0,324.0,723.0,SSE984513363589
SEE916272567144,Stromspeicher-12.2025,In Betrieb,Hessen,/Date(1737936000000)/,Batterie,524,727,324.0,324.0,645.0,SSE938057993573
SEE983896480913,TAS Aschersleben Majoranweg,In Betrieb,Sachsen-Anhalt,/Date(1756944000000)/,Batterie,524,727,324.0,324.0,645.0,SSE925277258520
SEE927725681966,Stromspeicher,In Betrieb,Nordrhein-Westfalen,/Date(1780012800000)/,Batterie,524,727,324.0,324.0,645.0,SSE990015322443
SEE914968913053,Solaranlage Hüttenstrasse Salzgitter,In Betrieb,Niedersachsen,/Date(1747267200000)/,Batterie,524,732,322.0,322.0,744.0,SSE978059391472
SEE952439638906,Agri-PV Paßhausen,In Planung,Bayern,,Batterie,524,727,320.0,320.0,3375.96,SSE917826459731
SEE934970400594,GustavKlein,In Betrieb,Baden-Württemberg,/Date(1627776000000)/,Batterie,524,727,320.0,320.0,280.0,SSE937628274899
SEE991638493466,Speicher Ladepark  SHL,In Betrieb,Thüringen,/Date(1681171200000)/,Batterie,524,727,308.0,308.0,342.5,SSE940823101174
SEE939879484126,Speicher,In Betrieb,Sachsen-Anhalt,/Date(1604016000000)/,Batterie,524,727,300.0,300.0,307.2,SSE985116789370
SEE947543892115,NM Batteriespeicher NCC Ost -2,In Betrieb,Bayern,/Date(1751328000000)/,Batterie,524,727,300.0,300.0,920.0,SSE986631107571
SEE957802589816,NM Batteriespeicher Parkplatz Süd-Ost 1,In Betrieb,Bayern,/Date(1743984000000)/,Batterie,524,727,300.0,300.0,920.0,SSE989216835807
SEE927931349377,Stromspeicher,In Betrieb,Bayern,/Date(1771804800000)/,Batterie,524,727,300.0,300.0,640.0,SSE925162579136
SEE996501175463,CC Vertriebscenter Batterie (WW III),In Betrieb,Nordrhein-Westfalen,/Date(1656460800000)/,Batterie,524,727,300.0,300.0,384.0,SSE918392071631
SEE907079379108,SpeicherEckersberg1075,In Planung,Bayern,,Batterie,524,727,300.0,300.0,1075.0,SSE917543990685
SEE996565236179,Netzdienlicher Photovoltaik-Batteriespeicher,In Betrieb,Baden-Württemberg,/Date(1592438400000)/,Batterie,524,727,300.0,300.0,150.0,SSE988202976203
SEE959733540096,NM Batteriespeicher Parkhaus Nord,In Betrieb,Bayern,/Date(1743984000000)/,Batterie,524,727,300.0,300.0,920.0,SSE934639374211
SEE954354200053,NÜ_MESSE_PC2,In Betrieb,Bayern,/Date(1639699200000)/,Batterie,524,727,300.0,300.0,472.0,SSE963674722794
SEE939027539067,Geislohe 40 Solaxspeicher Erweiterung IBN12.03.2026 645kWh 300KW,In Betrieb,Bayern,/Date(1773273600000)/,Batterie,524,727,300.0,300.0,645.0,SSE928122907994
SEE997685708812,ND_F01_PC2,In Betrieb,Bayern,/Date(1616371200000)/,Batterie,524,727,300.0,300.0,472.0,SSE956541132673
SEE919706766267,Batteriespeicher Porta Westfalica 01,In Betrieb,Nordrhein-Westfalen,/Date(1689206400000)/,Batterie,524,727,300.0,300.0,544.8,SSE953499005691
SEE947836855896,NÜ_MESSE_PC1,In Betrieb,Bayern,/Date(1639699200000)/,Batterie,524,727,300.0,300.0,472.0,SSE929583529572
SEE956524093182,EnBW E-Mob 1,In Betrieb,Niedersachsen,/Date(1734480000000)/,Batterie,524,727,300.0,300.0,540.0,SSE922055880621
SEE927215806336,Speicher Am Markt 15,In Betrieb,Niedersachsen,/Date(1690934400000)/,Batterie,524,727,300.0,300.0,320.0,SSE929537431487
SEE965276283956,NU141EA00 Battieriespeicher,In Betrieb,Bayern,/Date(1490227200000)/,Batterie,524,727,300.0,300.0,837.0,SSE964037356847
SEE914258510597,Parabel 102 Speicher,In Planung,Brandenburg,,Batterie,524,727,300.0,300.0,600.0,SSE961321959029
SEE909634889633,sunsationBattery1000,In Betrieb,Bayern,/Date(1775001600000)/,Batterie,524,727,300.0,300.0,1044.0,SSE905255567738
SEE954279688950,Speicher Eschenlohe III,In Betrieb,Bayern,/Date(1681948800000)/,Batterie,524,727,300.0,300.0,534.0,SSE969947706751
SEE931433343382,NM Batteriespeicher NXT74,In Betrieb,Bayern,/Date(1751328000000)/,Batterie,524,727,300.0,300.0,920.0,SSE937067126247
SEE938131135295,Batteriespeicher,In Betrieb,Brandenburg,/Date(1663804800000)/,Batterie,524,727,537.6,300.0,537.6,SSE970953792331
SEE922742940447,Ludzay-Gohrweide 15-II,In Betrieb,Nordrhein-Westfalen,/Date(1778457600000)/,Batterie,524,727,324.0,300.0,645.0,SSE918422906988
SEE978763275808,NM Batteriespeicher Halle 12-2,In Betrieb,Bayern,/Date(1743984000000)/,Batterie,524,727,300.0,300.0,920.0,SSE905167587763
SEE927029223039,Speicher Vencon,In Betrieb,Nordrhein-Westfalen,/Date(1745971200000)/,Batterie,524,727,300.0,300.0,475.0,SSE980362694850
SEE953988258577,NM Batteriespeicher NCC Ost -1,In Betrieb,Bayern,/Date(1751328000000)/,Batterie,524,727,300.0,300.0,850.0,SSE957088904990
SEE957877056206,Stromspeicher BBC - Eschweiler,In Betrieb,Nordrhein-Westfalen,/Date(1713830400000)/,Batterie,524,727,300.0,300.0,1100.0,SSE940046726727
SEE967252346716,ND_F01_PC1,In Betrieb,Bayern,/Date(1616371200000)/,Batterie,524,727,300.0,300.0,472.0,SSE978973671087
SEE935232708113,Stromspeicher,In Betrieb,Baden-Württemberg,/Date(1602720000000)/,Batterie,524,727,300.0,300.0,470.0,SSE942928692854
SEE928418200631,SKDD-Stromspeicher-Friedrichstadt,In Betrieb,Sachsen,/Date(1657152000000)/,Batterie,524,727,300.0,300.0,438.0,SSE981535586255
SEE985186884999,Batteriespeicher Technikcontainer,In Betrieb,Nordrhein-Westfalen,/Date(1717113600000)/,Batterie,524,732,300.0,300.0,554.4,SSE997132451414
SEE940126445180,Batteriespeicher Talstraße 130,In Betrieb,Nordrhein-Westfalen,/Date(1758585600000)/,Batterie,524,727,300.0,300.0,645.0,SSE915028001260
SEE974635257897,Speicher_Neubau,In Planung,Baden-Württemberg,,Batterie,524,727,375.0,300.0,750.0,SSE922307860500
SEE992950754426,HLB MobS 1,In Betrieb,Baden-Württemberg,/Date(1662508800000)/,Batterie,524,727,300.0,300.0,367.0,SSE993231106064
SEE974085397174,Stromspeicher PVA,In Betrieb,Sachsen,/Date(1761955200000)/,Batterie,524,727,300.0,300.0,580.5,SSE999702639123
SEE916701311645,Stromspeicher Reithalle West,In Betrieb,Schleswig-Holstein,/Date(1779926400000)/,Batterie,524,727,300.0,300.0,332.0,SSE958487609400
SEE901574855747,TesVolt Trafo4,In Betrieb,Brandenburg,/Date(1567036800000)/,Batterie,524,727,305.2,300.0,268.8,SSE952213740573
SEE990264088046,BS_WASCC_1,In Betrieb,Rheinland-Pfalz,/Date(1781049600000)/,Batterie,524,727,300.0,300.0,276.6,SSE996208994251
SEE930866720333,NÜ_MESSE_SC1,In Betrieb,Bayern,/Date(1639699200000)/,Batterie,524,727,300.0,300.0,787.0,SSE990328397572
SEE969461706565,NÜ_MESSE_PC3,In Betrieb,Bayern,/Date(1639699200000)/,Batterie,524,727,300.0,300.0,472.0,SSE958342668542
SEE961614121584,NM Batteriespeicher Halle 12-1,In Betrieb,Bayern,/Date(1743984000000)/,Batterie,524,727,300.0,300.0,850.0,SSE992048161303
SEE932770538899,Speicher Aicha Solar,In Planung,Bayern,,Batterie,524,727,300.0,300.0,600.0,SSE961893799139
SEE975332792162,Goldener Steig 31,In Betrieb,Bayern,/Date(1751587200000)/,Batterie,524,727,300.0,300.0,600.0,SSE930408124742
SEE935640253311,BE.BSP1,In Betrieb,Bayern,/Date(1767225600000)/,Batterie,524,731,299.0,299.0,1288.0,SSE959380184551
SEE944852142603,MÜNCHEN_ATC4_BSP1,In Betrieb,Bayern,/Date(1571788800000)/,Batterie,524,727,288.0,288.0,360.0,SSE990465642009
SEE941498187883,München_ATC4_BSP2,In Betrieb,Bayern,/Date(1571788800000)/,Batterie,524,727,288.0,288.0,360.0,SSE909214732762
SEE908522959397,PV AC Batteriespeicher Arlinger Tunnel Pforzheim,In Betrieb,Baden-Württemberg,/Date(1751328000000)/,Batterie,524,727,292.0,286.16,262.4,SSE998567318501
SEE925840835059,Speicher,In Betrieb,Nordrhein-Westfalen,/Date(1683504000000)/,Batterie,524,727,280.0,280.0,608.0,SSE945690697621
SEE957088205738,Stromspeicher 2024,In Betrieb,Bayern,/Date(1725235200000)/,Batterie,524,727,280.0,280.0,1024.0,SSE998231711812
SEE932909146049,Batteriespeicheranlage Bendenweg,Endgültig stillgelegt,Nordrhein-Westfalen,/Date(1608595200000)/,Batterie,524,727,280.0,280.0,382.5,SSE934670664494
SEE912483963546,Batterie_AdsTec_StoraXe_SRS0112_2x,In Betrieb,Bayern,/Date(1567641600000)/,Batterie,524,727,280.0,280.0,200.0,SSE934989203896
SEE932578944458,HL-0172-BAT,In Betrieb,Thüringen,/Date(1651017600000)/,Batterie,524,727,280.0,280.0,380.0,SSE954447761249
SEE922566296522,Speicher,In Betrieb,Baden-Württemberg,/Date(1772496000000)/,Batterie,524,727,280.0,280.0,1044.0,SSE979039068001
SEE907970891730,Speicher 01,In Betrieb,Sachsen,/Date(1685577600000)/,Batterie,524,727,280.0,280.0,320.0,SSE975375996435
SEE930365532475,W059-TS_Mercedes-Benz Werk Sindelfingen Stromspeicher Bau 50,Endgültig stillgelegt,Baden-Württemberg,/Date(1486425600000)/,Batterie,524,727,280.0,280.0,160.0,SSE921263264247
SEE999934764372,Batterieanlage 2,In Betrieb,Nordrhein-Westfalen,/Date(1640131200000)/,Batterie,524,727,280.0,280.0,380.8,SSE937776670680
SEE995094467757,Narada Speicher,In Betrieb,Niedersachsen,/Date(1693440000000)/,Batterie,524,727,280.0,280.0,280.0,SSE964450901280
SEE960398624137,Stromspeicher Urbach FKT,In Betrieb,Baden-Württemberg,/Date(1762819200000)/,Batterie,524,727,277.0,277.0,240.0,SSE902601059671
SEE964977566184,Max-Volmer-Str. 16-20,In Planung,Nordrhein-Westfalen,,Batterie,524,727,276.0,276.0,1080.0,SSE928871704905
SEE933942592367,BESS 2026,In Planung,Niedersachsen,,Batterie,524,727,276.0,276.0,552.0,SSE954075150231
SEE936136558248,BESS 2026,In Planung,Niedersachsen,,Batterie,524,727,276.0,276.0,552.0,SSE905425527876
SEE963457499172,Speicher 2026,In Betrieb,Bayern,/Date(1772668800000)/,Batterie,524,727,276.0,276.0,553.0,SSE952194103725
SEE962982764038,BÖHÖ_K32_Speicher,In Planung,Baden-Württemberg,,Batterie,524,727,276.0,276.0,355.2,SSE953028241330
SEE939107641321,Speicher 2026,In Betrieb,Bayern,/Date(1771891200000)/,Batterie,524,727,276.0,276.0,553.0,SSE928199239202
SEE974958139948,Akku 552 KWh Außenlager Gewerbedorf 7,In Betrieb,Bayern,/Date(1783468800000)/,Batterie,524,727,276.0,276.0,552.0,SSE949959461589
SEE914501164539,Batterie,In Betrieb,Rheinland-Pfalz,/Date(1738108800000)/,Batterie,524,727,276.0,276.0,435.0,SSE963777329302
SEE987805268654,BESS 2026,In Betrieb,Sachsen-Anhalt,/Date(1780531200000)/,Batterie,524,727,276.0,276.0,554.0,SSE987478202481
SEE966690552666,AgriPV - Speicher,In Betrieb,Bayern,/Date(1712793600000)/,Batterie,524,727,276.0,276.0,492.0,SSE912829611940
SEE965618456482,ABR980748679150,In Betrieb,Bayern,/Date(1694563200000)/,Batterie,524,727,276.0,276.0,520.0,SSE910358797647
SEE983460281663,Lorenz GmbH ＆ Co. KG,In Betrieb,Baden-Württemberg,/Date(1720742400000)/,Batterie,524,727,270.0,270.0,540.0,SSE945031486273
SEE959371615385,iBL8,In Planung,Bayern,,Batterie,524,727,270.0,270.0,770.0,SSE953404099265
SEE927868647645,AKG SEC Speicher,In Betrieb,Bayern,/Date(1777248000000)/,Batterie,524,727,270.0,270.0,1016.0,SSE967017089520
SEE920890394310,Grünstromspeicher Grieben,In Planung,Brandenburg,,Batterie,524,727,270.0,270.0,556.0,SSE995671388871
SEE971990015698,TesVolt 270 kW 554 kWh - Zum Gänsewall 8,In Betrieb,Sachsen-Anhalt,/Date(1788825600000)/,Batterie,524,727,270.0,270.0,552.0,SSE990263311947
SEE904063944342,G-S-D Speicher,In Betrieb,Sachsen,/Date(1752451200000)/,Batterie,524,727,270.0,270.0,1305.0,SSE917290657916
SEE959344367174,Speicher Allwatt,In Betrieb,Baden-Württemberg,/Date(1719792000000)/,Batterie,524,727,270.0,270.0,132.0,SSE969196210436
SEE926415362598,iBL3,In Betrieb,Bayern,/Date(1782345600000)/,Batterie,524,727,270.0,270.0,750.0,SSE954295402769
SEE996741247272,iBL2,In Betrieb,Bayern,/Date(1782345600000)/,Batterie,524,727,270.0,270.0,750.0,SSE902996210343
SEE951247651428,BAT Freetz,In Planung,Niedersachsen,,Batterie,524,727,270.0,270.0,835.0,SSE930088156583
SEE968221099145,Ladepark Speicher,In Planung,Baden-Württemberg,,Batterie,524,727,270.0,270.0,553.0,SSE954913319790
SEE902335679916,Netzspeicher,In Betrieb,Sachsen-Anhalt,/Date(1771459200000)/,Batterie,524,727,270.0,270.0,552.0,SSE914798434162
SEE981327701675,iBL6,In Betrieb,Bayern,/Date(1778803200000)/,Batterie,524,727,270.0,270.0,770.0,SSE949857433008
SEE969497139337,iBL5,In Planung,Bayern,,Batterie,524,727,270.0,270.0,770.0,SSE944693592544
SEE909495852074,iBL7,In Betrieb,Bayern,/Date(1778803200000)/,Batterie,524,727,270.0,270.0,770.0,SSE911582211084
SEE962141169896,iBL4,In Planung,Bayern,,Batterie,524,727,270.0,270.0,770.0,SSE906684683198
SEE990101560117,Batteriespeicher Im Kurzen Busch 3a,In Betrieb,Nordrhein-Westfalen,/Date(1769990400000)/,Batterie,524,730,269.9,269.9,552.0,SSE982606003596
SEE902978775358,Speicher Kulmesweg 8,In Betrieb,Nordrhein-Westfalen,/Date(1777075200000)/,Batterie,524,727,269.7,269.7,552.0,SSE957170798674
SEE959997921679,Energiehandel-Speicher-Süd A 23,In Betrieb,Bayern,/Date(1773878400000)/,Batterie,524,727,269.0,269.0,552.0,SSE969555238958
SEE958958269768,Trading-Speicher Meinke,In Betrieb,Niedersachsen,/Date(1776211200000)/,Batterie,524,727,269.0,269.0,552.0,SSE974746405224
SEE990008085188,Energiehandel-Speicher-Süd A 21,In Betrieb,Bayern,/Date(1772064000000)/,Batterie,524,727,269.0,269.0,552.0,SSE934039693509
SEE975034468921,Agri-Solarpark Kirchweidach BatI,In Betrieb,Bayern,/Date(1711324800000)/,Batterie,524,727,267.0,267.0,11.59,SSE909532277495
SEE967268011059,KBN Battery Heiligenhagen,In Betrieb,Mecklenburg-Vorpommern,/Date(1707350400000)/,Batterie,524,727,300.0,264.0,300.0,SSE937297233623
SEE974165539906,PV Speicher M-Tec,In Betrieb,Niedersachsen,/Date(1745798400000)/,Batterie,524,727,264.0,264.0,217.8,SSE910694932511
SEE953881080190,ERL006 ILKAZELL,In Betrieb,Sachsen,/Date(1770940800000)/,Batterie,524,727,264.0,264.0,530.1,SSE954716004329
SEE994160133589,"Batterie Gailroth Pramac  264/959,4",In Betrieb,Bayern,/Date(1722816000000)/,Batterie,524,727,264.0,264.0,959.4,SSE916890590692
SEE984034747967,Batteriespeicher OV,In Betrieb,Nordrhein-Westfalen,/Date(1734307200000)/,Batterie,524,727,264.0,264.0,558.0,SSE984026275874
SEE901813983309,Batteriespeicher-01 - Dorn,In Betrieb,Baden-Württemberg,/Date(1724889600000)/,Batterie,524,727,264.0,264.0,588.6,SSE978188327076
SEE922315406363,"BKP Batterie Ladepark 264/959,4",In Betrieb,Bayern,/Date(1727827200000)/,Batterie,524,727,264.0,264.0,959.4,SSE900255970540
SEE909289372214,Lohemilch,In Betrieb,Niedersachsen,/Date(1773705600000)/,Batterie,524,727,264.0,264.0,320.0,SSE919382569831
SEE948496198712,Europaallee 10 Speicher,In Betrieb,Rheinland-Pfalz,/Date(1718236800000)/,Batterie,524,727,255.0,255.0,288.0,SSE931314643181
SEE995990551802,Batteriespeicher,In Betrieb,Hessen,/Date(1683763200000)/,Batterie,524,727,255.0,255.0,2016.0,SSE925105562553
SEE968327012444,GC Rhein-Wied,In Betrieb,Rheinland-Pfalz,/Date(1778457600000)/,Batterie,524,727,253.0,253.0,253.0,SSE990547205863
SEE962171828091,Stromspeicher,In Betrieb,Bayern,/Date(1508284800000)/,Batterie,524,727,280.0,252.0,210.2,SSE946149295993
SEE981525807025,500 kW Speicher,In Planung,Hessen,,Batterie,524,727,250.0,250.0,500.0,SSE975317449319
SEE903037507682,HB - Lehnstedt Schulstr - Buschweg BESS,In Planung,Niedersachsen,,Batterie,524,727,250.0,250.0,522.0,SSE943631835811
SEE925503376790,Speicher AM 2024,In Betrieb,Niedersachsen,/Date(1776038400000)/,Batterie,524,727,250.0,250.0,500.0,SSE929596970880
SEE978044824213,SEE900480076284,In Planung,Bayern,,Batterie,524,727,250.0,250.0,500.0,SSE986957339458
SEE917181107780,251293-251290-Koblenzerstr. 20a,In Betrieb,Nordrhein-Westfalen,/Date(1780272000000)/,Batterie,524,727,250.0,250.0,522.0,SSE968065733762
SEE942141217322,PV MühldorfMBM,In Betrieb,Bayern,/Date(1765756800000)/,Batterie,524,727,250.0,250.0,504.0,SSE955482029776
SEE962056982726,Speicher KW,In Planung,Baden-Württemberg,,Batterie,524,727,250.0,250.0,516.0,SSE967931334157
SEE990083895931,PN250 | Hof Hofen | ABAO Solutions,In Planung,Baden-Württemberg,,Batterie,524,727,250.0,250.0,522.0,SSE928161962404
SEE954975026643,25123b-25124 Alterpostweg 16,In Betrieb,Nordrhein-Westfalen,/Date(1771372800000)/,Batterie,524,727,250.0,250.0,578.0,SSE962638030739
SEE985242713690,251252-251253-Rehmerloher Str. 190,In Betrieb,Nordrhein-Westfalen,/Date(1782345600000)/,Batterie,524,727,250.0,250.0,578.0,SSE953943953509
SEE984138261246,251288-251289 Oberbauerschafterstr. 4,In Betrieb,Nordrhein-Westfalen,/Date(1771977600000)/,Batterie,524,727,250.0,250.0,522.0,SSE909021263947
SEE915891640399,SWB.GVS-SZOE-WP-Wldfr1a1bGVS250kWh392kWp,In Betrieb,Sachsen-Anhalt,/Date(1787961600000)/,Batterie,524,727,250.0,250.0,250.0,SSE949325043951
SEE941795088388,Speicher 2026,In Planung,Baden-Württemberg,,Batterie,524,727,250.0,250.0,522.0,SSE935798263859
SEE942027910149,Solarstromspeicher,In Betrieb,Niedersachsen,/Date(1783900800000)/,Batterie,524,727,250.0,250.0,1000.0,SSE988436795014
SEE957833897751,NS_08_250_522_Senglingen,In Planung,Baden-Württemberg,,Batterie,524,727,250.0,250.0,500.0,SSE976802912615
SEE976448617332,BESS Bremervörde 1,In Planung,Niedersachsen,,Batterie,524,727,250.0,250.0,522.0,SSE982189331345
SEE907166265062,NS_03_250_522_Regnitz,In Betrieb,Baden-Württemberg,/Date(1775088000000)/,Batterie,524,727,250.0,250.0,500.0,SSE917970404533
SEE978229632961,NS_06_250_522_Oberhofen,In Betrieb,Baden-Württemberg,/Date(1780617600000)/,Batterie,524,727,250.0,250.0,500.0,SSE984556897829
SEE933533230470,NS_04_250_522_Oberlangensee,In Betrieb,Baden-Württemberg,/Date(1778630400000)/,Batterie,524,727,250.0,250.0,500.0,SSE910160706219
SEE969418779956,251210-25125-Weststr.11,In Betrieb,Nordrhein-Westfalen,/Date(1777939200000)/,Batterie,524,727,250.0,250.0,578.0,SSE927123768733
SEE922088622137,PN250 | Käthe-Paulus | ABAO Solutions,In Planung,Baden-Württemberg,,Batterie,524,727,250.0,250.0,522.0,SSE903541621614
SEE943486577959,Ruhrtaler Frischei GmbH＆ COKG - Speicher,In Betrieb,Nordrhein-Westfalen,/Date(1772496000000)/,Batterie,524,727,250.0,250.0,522.0,SSE990667090448
SEE959955813558,Batteriespeicher Freifläche,In Betrieb,Bayern,/Date(1785456000000)/,Batterie,524,727,250.0,250.0,510.0,SSE915281306089
SEE917142591085,BESS Zechitwerk,In Planung,Sachsen,,Batterie,524,727,250.0,250.0,522.0,SSE925748084689
SEE909380339642,NS_05_250_522_Bernried,In Betrieb,Baden-Württemberg,/Date(1778112000000)/,Batterie,524,727,250.0,250.0,500.0,SSE935435726112
SEE995462678518,251224-251225-Hartsiekerweg 152,In Betrieb,Nordrhein-Westfalen,/Date(1775692800000)/,Batterie,524,727,250.0,250.0,578.0,SSE914213192882
SEE918434186866,25126-25127-Rehmerloher Straße 281,In Betrieb,Nordrhein-Westfalen,/Date(1773792000000)/,Batterie,524,727,250.0,250.0,578.0,SSE961731283196
SEE922799775856,Tradingspeicher Heringnohe 250 kW / 514 kWh,In Planung,Bayern,,Batterie,524,727,250.0,250.0,514.0,SSE937863912211
SEE979207017848,LOG25 BESS,In Planung,Nordrhein-Westfalen,,Batterie,524,727,250.0,250.0,500.0,SSE980185218899
SEE955526952688,Batteriespeicher 450 AC 2025 Haldenhof,In Betrieb,Baden-Württemberg,/Date(1761868800000)/,Batterie,524,727,250.0,250.0,438.0,SSE927914474799
SEE932264441759,Wohnen mit Genuss Speicher,In Betrieb,Bayern,/Date(1749081600000)/,Batterie,524,727,250.0,250.0,516.0,SSE920074743439
SEE981600590392,251256-251258-Im Babenbeckerfeld 51,In Betrieb,Nordrhein-Westfalen,/Date(1782864000000)/,Batterie,524,727,250.0,250.0,578.0,SSE977627962632
SEE961043171235,251237-251295,In Planung,Nordrhein-Westfalen,,Batterie,524,727,250.0,250.0,578.0,SSE960736355839
SEE914252228597,Industriestraße Hückeswagen,In Planung,Nordrhein-Westfalen,,Batterie,524,727,250.0,250.0,1095.0,SSE992114588423
SEE940483982106,Sofar Batteriespeicher,In Betrieb,Bayern,/Date(1774569600000)/,Batterie,524,727,250.0,250.0,1024.0,SSE986177409634
SEE927449006007,PN250 | Hesselbühl 1 | Ummenhofer,In Planung,Baden-Württemberg,,Batterie,524,727,250.0,250.0,522.0,SSE965390637598
SEE978949372499,Batteriespeicher,In Betrieb,Thüringen,/Date(1782345600000)/,Batterie,524,727,250.0,250.0,504.0,SSE986723944909
SEE971745466652,Batteriespeicher EZ-01,In Betrieb,Nordrhein-Westfalen,/Date(1439337600000)/,Batterie,524,727,250.0,250.0,1000.0,SSE955500504056
SEE984770876327,25121-25122 Blauhoff-Südstrasse2,In Betrieb,Nordrhein-Westfalen,/Date(1765584000000)/,Batterie,524,727,250.0,250.0,578.0,SSE996473623337
SEE940953059918,Batterie 500kWh,In Betrieb,Thüringen,/Date(1593475200000)/,Batterie,524,727,250.0,250.0,497.0,SSE977354026133
SEE996047699928,Batteriespeicher PV,In Planung,Baden-Württemberg,,Batterie,524,727,250.0,250.0,500.0,SSE987116074203
SEE950332687472,PN250 | Albertshofen | ABAO Solutions,In Planung,Baden-Württemberg,,Batterie,524,727,250.0,250.0,522.0,SSE930792388867
SEE919763514597,NS_07_250_522_Habratsweiler,In Planung,Baden-Württemberg,,Batterie,524,727,250.0,250.0,500.0,SSE947054239744
SEE950101731405,251228a-251228b-Vorm Sielerholz 81,In Betrieb,Nordrhein-Westfalen,/Date(1781136000000)/,Batterie,524,727,250.0,250.0,578.0,SSE999043246363
SEE940188024033,251232-251219-Habighorsterweg 246,In Betrieb,Nordrhein-Westfalen,/Date(1776643200000)/,Batterie,524,727,250.0,250.0,578.0,SSE931215485927
SEE925591704727,Graustromspeicher Hoher Markstein 8,In Betrieb,Bayern,/Date(1778630400000)/,Batterie,524,727,250.0,250.0,522.0,SSE931036975829
SEE955081498256,Graustromspeicher,In Betrieb,Bayern,/Date(1787011200000)/,Batterie,524,727,250.0,250.0,980.0,SSE921889000175
SEE932306410743,2512103-2512134-Im Twehlen 31,In Betrieb,Nordrhein-Westfalen,/Date(1775779200000)/,Batterie,524,727,250.0,250.0,522.0,SSE974946837429
SEE900048895463,25128-251227-Moenichhusen-54,In Betrieb,Nordrhein-Westfalen,/Date(1768953600000)/,Batterie,524,727,250.0,250.0,578.0,SSE908679198755
SEE989226019679,25129-251211 -Nordbanhstr. 110,In Betrieb,Nordrhein-Westfalen,/Date(1773792000000)/,Batterie,524,727,250.0,250.0,578.0,SSE936386505986
SEE944540052153,HB - Lehnstedt Waldstr. - BESS,In Planung,Niedersachsen,,Batterie,524,727,250.0,250.0,522.0,SSE949835756020
SEE959073307205,Waidholzspeicher,In Planung,Bayern,,Batterie,524,727,260.0,250.0,300.0,SSE903050419276
SEE955141704471,Mundt Shell Langenhagen Stromspeicher,In Betrieb,Niedersachsen,/Date(1788220800000)/,Batterie,524,727,250.0,250.0,516.0,SSE923639821153
SEE991793200824,251250-2512105-Senderstraße 11,In Planung,Nordrhein-Westfalen,,Batterie,524,727,250.0,250.0,578.0,SSE960043090560
SEE946334230327,800 kW Speicher,In Betrieb,Nordrhein-Westfalen,/Date(1769040000000)/,Batterie,524,727,250.0,250.0,800.0,SSE977228923179
SEE965631489450,KA Lomersheim PV Freifläch - Speicher,In Planung,Baden-Württemberg,,Batterie,524,727,250.0,250.0,466.0,SSE973058358662
SEE916721360807,Batteriespeicher Laserhalle,In Betrieb,Niedersachsen,/Date(1659916800000)/,Batterie,524,727,250.0,250.0,98.0,SSE997723704325
SEE947226509040,251256-251258-Im Babenbecker Feld 51,In Betrieb,Nordrhein-Westfalen,/Date(1781740800000)/,Batterie,524,727,250.0,250.0,578.0,SSE953792200922
SEE924248795385,BESS_250kW_Niederspannung_Graustrom,In Planung,Bayern,,Batterie,524,727,250.0,250.0,1044.8,SSE978185689795
SEE981005143933,Magic Box,In Planung,Niedersachsen,,Batterie,524,727,250.0,250.0,500.0,SSE931595564267
SEE946806341926,BESS Bremervörde 2,In Planung,Niedersachsen,,Batterie,524,727,250.0,250.0,522.0,SSE995018108810
SEE963879618991,Container,In Betrieb,Baden-Württemberg,/Date(1603843200000)/,Batterie,524,727,250.0,250.0,336.3,SSE942877396131
SEE986706970703,Hörabachspeicher,In Planung,Bayern,,Batterie,524,727,260.0,250.0,300.0,SSE959462078396
SEE938254302147,Hans Geis Speicher NES,In Betrieb,Bayern,/Date(1755561600000)/,Batterie,524,727,250.0,250.0,378.0,SSE943231655956
SEE919589486221,Batteriespeicher RB 23,In Betrieb,Baden-Württemberg,/Date(1709251200000)/,Batterie,524,727,248.4,248.4,474.0,SSE932932739140
SEE928305851519,Speicher01,In Betrieb,Niedersachsen,/Date(1723420800000)/,Batterie,524,727,276.0,248.4,279.0,SSE944365103238
SEE984421270108,Essen Bat. 1,In Planung,Nordrhein-Westfalen,,Batterie,524,729,240.0,240.0,390.0,SSE921806978181
SEE989397720916,E3DC Speicher SG Ramstein,In Betrieb,Rheinland-Pfalz,/Date(1747699200000)/,Batterie,524,727,240.0,240.0,656.0,SSE962251973277
SEE959515170701,Battery@Jungheinrich,Endgültig stillgelegt,Schleswig-Holstein,/Date(1542844800000)/,Batterie,524,727,240.0,240.0,264.0,SSE942357419312
SEE972296813322,Stromspeicher Görisried,In Betrieb,Bayern,/Date(1766448000000)/,Batterie,524,727,240.0,240.0,435.45,SSE905657757492
SEE953805326779,Batteriespeicher Carl Zeiss Straße 6,In Betrieb,Baden-Württemberg,/Date(1709251200000)/,Batterie,524,727,240.0,240.0,264.0,SSE943159285259
SEE942075972557,Speicher Zimmerei,Endgültig stillgelegt,Bayern,/Date(1608249600000)/,Batterie,524,727,240.0,240.0,480.0,SSE984734662768
SEE968839349878,Batteriespeicher Neubau,In Planung,Hessen,,Batterie,524,727,240.0,240.0,220.0,SSE900696559250
SEE911797803456,Batteriespeicher,In Betrieb,Nordrhein-Westfalen,/Date(1632700800000)/,Batterie,524,727,240.0,240.0,576.0,SSE933351323828
SEE999649108768,Stromspeicher Aschau,In Planung,Thüringen,,Batterie,524,727,240.0,240.0,338.0,SSE926870013257
SEE992507491347,BS Ladepark SWK Verkehrs AG,In Betrieb,Rheinland-Pfalz,/Date(1773360000000)/,Batterie,524,727,240.0,240.0,720.0,SSE909477734848
SEE986795004228,"Speicher Kreishaus 1, Meppen",In Betrieb,Niedersachsen,/Date(1760400000000)/,Batterie,524,727,240.0,240.0,408.0,SSE991511618252
SEE906573511908,Speicher zu PV Anlage Limburg,In Betrieb,Hessen,/Date(1628726400000)/,Batterie,524,727,300.0,240.0,288.0,SSE904636604451
SEE915122001654,Quartierspeicher,In Betrieb,Hessen,/Date(1597622400000)/,Batterie,524,727,240.0,240.0,274.0,SSE990537909030
SEE963218702596,"PV-Anlage 03: Brauerei LOSCHER, Münchsteinach (Batteriespeicher)",In Betrieb,Bayern,/Date(1654819200000)/,Batterie,524,727,240.0,240.0,403.2,SSE932705233240
SEE982815141034,FTZ Friesack PV Carport Batteriespeicher,In Planung,Brandenburg,,Batterie,524,727,253.26,240.0,253.26,SSE918472598010
SEE957495560468,Speicher Schützengasse Fürth,In Betrieb,Hessen,/Date(1700784000000)/,Batterie,524,727,239.76,239.76,288.0,SSE911631338861
SEE904683648675,PV Speicher 2015 PBK Rinderzucht GmbH,In Betrieb,Brandenburg,/Date(1460592000000)/,Batterie,524,728,360.0,237.5,360.0,SSE909186529544
SEE991596829826,Stromspeicher LKW Ladeinfrastruktur,In Betrieb,Hessen,/Date(1786665600000)/,Batterie,524,727,237.0,237.0,600.0,SSE963730041951
SEE919429091103,PN250_00001_Tannau,In Planung,Baden-Württemberg,,Batterie,524,727,250.0,230.0,500.0,SSE989888616766
SEE912532627801,1916-4-2_Batterie,In Betrieb,Niedersachsen,/Date(1750118400000)/,Batterie,524,727,240.0,226.0,250.0,SSE938874563706
SEE973611407219,Batteriespeicher-616,In Betrieb,Bayern,/Date(1672531200000)/,Batterie,524,727,225.0,225.0,554.4,SSE974321441197
SEE908756879379,Rossbach Wald 1246KW,In Betrieb,Bayern,/Date(1749772800000)/,Batterie,524,727,225.0,225.0,626.0,SSE909854478235
SEE971496044994,Tesvolt Speicher I,In Betrieb,Nordrhein-Westfalen,/Date(1621900800000)/,Batterie,524,727,225.0,225.0,460.8,SSE909629257690
SEE972060967626,Stromspeicher AES Park 2,In Betrieb,Nordrhein-Westfalen,/Date(1693526400000)/,Batterie,524,727,225.0,225.0,280.0,SSE924789686777
SEE978305345778,Batteriespeicher Marstek B2500-D,In Betrieb,Nordrhein-Westfalen,/Date(1786579200000)/,Batterie,524,727,224.0,224.0,2.24,SSE903597517220
SEE952095697392,Marstek B2500-D Speicher,In Betrieb,Sachsen,/Date(1782345600000)/,Batterie,524,727,224.0,224.0,800.0,SSE942870876296
SEE989243251601,MARSZTEK Micro ESS Powerstation B2500,In Betrieb,Mecklenburg-Vorpommern,/Date(1779753600000)/,Batterie,524,727,224.0,224.0,2.24,SSE919893136546
SEE936646634531,Illumini Batteriespeicher 112kWh,In Betrieb,Bayern,/Date(1593388800000)/,Batterie,524,727,224.0,224.0,112.0,SSE961032298363
SEE992751486687,Batteriespeicher mit Generator,In Betrieb,Sachsen,/Date(1674432000000)/,Batterie,524,727,220.0,220.0,350.0,SSE919112015768
SEE926988997234,Stromspeicher,In Betrieb,Nordrhein-Westfalen,/Date(1773187200000)/,Batterie,524,727,220.0,220.0,450.0,SSE983030835845
SEE920148679695,Pufferspeicher Schnellladeanlage für E-Auto,In Betrieb,Brandenburg,/Date(1651795200000)/,Batterie,524,727,220.0,220.0,140.0,SSE974758200756
SEE982778327469,Speicher Kammerstück 41,In Betrieb,Nordrhein-Westfalen,/Date(1752019200000)/,Batterie,524,727,220.0,220.0,450.0,SSE924916912540
SEE941323673628,Batteriespeicher mit Generator RKW,In Betrieb,Sachsen,/Date(1750809600000)/,Batterie,524,727,220.0,220.0,350.0,SSE962753239659
SEE921683928170,Speicher Schone＆Bruns 450kWh,In Betrieb,Niedersachsen,/Date(1780963200000)/,Batterie,524,727,220.0,220.0,450.0,SSE982013927317
SEE981046692230,PV-Dachanlage Marktleugast,In Betrieb,Bayern,/Date(1784160000000)/,Batterie,524,727,220.0,220.0,450.0,SSE987790476683
SEE937263809555,BESS Oberpfalz I,In Betrieb,Bayern,/Date(1776902400000)/,Batterie,524,727,220.0,220.0,450.0,SSE950966799626
SEE983387514981,Speicher Thomasboden Power Stack,In Betrieb,Bayern,/Date(1762128000000)/,Batterie,524,727,220.0,220.0,450.0,SSE996360663040
SEE943367265234,Speicher Umlade Herten 430 kWh,In Planung,Nordrhein-Westfalen,,Batterie,524,727,216.0,216.0,430.0,SSE992701342445
SEE927400112945,PV Speicher Erbsenkamp 1,In Betrieb,Mecklenburg-Vorpommern,/Date(1766102400000)/,Batterie,524,727,216.0,216.0,430.0,SSE900603044572
SEE939678936826,Batterie Speicher - Axians Infoma GmbH,In Betrieb,Baden-Württemberg,/Date(1784073600000)/,Batterie,524,727,216.0,216.0,430.0,SSE991291794047
SEE953294063889,Batteriespeicher,In Betrieb,Niedersachsen,/Date(1781740800000)/,Batterie,524,727,216.0,216.0,430.0,SSE945285444951
SEE917579183549,Speicher I BRABUS Bottrop,In Betrieb,Nordrhein-Westfalen,/Date(1765929600000)/,Batterie,524,727,216.0,216.0,430.0,SSE999787799514
SEE968966886543,Speicher Ostseecamp,In Betrieb,Schleswig-Holstein,/Date(1770681600000)/,Batterie,524,727,216.0,216.0,430.0,SSE915166552358
SEE993165942554,Speicher-Stemmen468,In Planung,Niedersachsen,,Batterie,524,727,216.0,216.0,430.0,SSE999899514593
SEE936167502142,"PV-Speicher, Freiham",In Betrieb,Bayern,/Date(1777507200000)/,Batterie,524,727,216.0,216.0,482.0,SSE914347968797
SEE909825406526,Marstek B 2500,In Betrieb,Niedersachsen,/Date(1779062400000)/,Batterie,524,727,214.0,214.0,2.14,SSE960400388774
SEE906829671271,EnerGrid Stabilizer 301 GmbH,In Planung,Nordrhein-Westfalen,,Batterie,524,727,2850.0,213.0,8944.0,SSE962431053331
SEE920867421032,Körber Pharma Inspection Speicher,In Betrieb,Bayern,/Date(1739836800000)/,Batterie,524,727,210.3,210.3,324.0,SSE998045886584
SEE996747777308,Speicher,In Betrieb,Baden-Württemberg,/Date(1691625600000)/,Batterie,524,727,210.0,210.0,306.0,SSE980049486389
SEE949319313053,Batteriespeicher 2022,In Betrieb,Baden-Württemberg,/Date(1669766400000)/,Batterie,524,727,210.0,210.0,306.0,SSE921866627753
SEE931706824617,PV Eigenv. Speicher,In Betrieb,Nordrhein-Westfalen,/Date(1767225600000)/,Batterie,524,727,209.0,209.0,209.0,SSE961729791993
SEE938650956296,Speicher Stephansposching,In Betrieb,Bayern,/Date(1751500800000)/,Batterie,524,727,201.0,201.0,252.0,SSE929400048866
SEE935864507214,Kahle Hannover 3,In Betrieb,Niedersachsen,/Date(1754006400000)/,Batterie,524,727,200.0,200.0,408.5,SSE914116321969
SEE986591921057,IW Lauchhammer Speicher,In Betrieb,Brandenburg,/Date(1754006400000)/,Batterie,524,727,200.0,200.0,442.0,SSE996021543742
SEE952967127989,Solax Speicher 200KW 430kWh IBN 27.08.2025,In Betrieb,Bayern,/Date(1756339200000)/,Batterie,524,727,200.0,200.0,430.0,SSE920724610760
SEE960105051089,Batterie 1,In Planung,Schleswig-Holstein,,Batterie,524,727,200.0,200.0,400.0,SSE937240008902
SEE988731387044,Stromspeicher Kläranlage,In Planung,Nordrhein-Westfalen,,Batterie,524,727,220.0,200.0,430.0,SSE963716854803
SEE925624055789,Köln - Gummersbacher Str. 31b,In Betrieb,Nordrhein-Westfalen,/Date(1634688000000)/,Batterie,524,727,200.0,200.0,216.0,SSE938978231204
SEE920399893505,Anlage Hove,In Betrieb,Niedersachsen,/Date(1748390400000)/,Batterie,524,727,200.0,200.0,864.0,SSE973055646823
SEE988118438437,"SP 99,64 kW",In Betrieb,Baden-Württemberg,/Date(1513296000000)/,Batterie,524,727,200.0,200.0,91.0,SSE991826848689
SEE998446931319,Batteriespeicher GTC Hotel KL,In Betrieb,Mecklenburg-Vorpommern,/Date(1720656000000)/,Batterie,524,727,200.0,200.0,520.0,SSE992982289712
SEE998807480418,Malzfabrik Heidenau,In Betrieb,Sachsen,/Date(1564963200000)/,Batterie,524,727,200.0,200.0,240.0,SSE985154679008
SEE964123569533,Solarcarport JT_Speicher,In Planung,Sachsen,,Batterie,524,727,200.0,200.0,400.0,SSE935157591654
SEE955899564723,Batterie_Speicher_Tesvolt,In Betrieb,Baden-Württemberg,/Date(1754006400000)/,Batterie,524,727,200.0,200.0,640.0,SSE991127618882
SEE994937262139,Speicher NP Holter Hauptstr,In Betrieb,Niedersachsen,/Date(1732579200000)/,Batterie,524,727,300.0,200.0,328.0,SSE999201511937
SEE908067273408,Sachsen Fahnen Speicher Neubau,In Betrieb,Sachsen,/Date(1728518400000)/,Batterie,524,727,200.0,200.0,387.0,SSE946526605155
SEE901006068844,Solax Speicher 200KW 429kWh IBN 20.05.2025,In Betrieb,Bayern,/Date(1747699200000)/,Batterie,524,727,200.0,200.0,429.0,SSE918498824315
SEE966114511231,Rabe Moden - Nordel Akku,In Betrieb,Niedersachsen,/Date(1735689600000)/,Batterie,524,727,200.0,200.0,267.0,SSE965319307762
SEE980664030813,Batteriespeicher,In Betrieb,Niedersachsen,/Date(1721779200000)/,Batterie,524,727,200.0,200.0,277.2,SSE986168194457
SEE956569844367,2880_KDL_Batt_Borna,In Betrieb,Sachsen,/Date(1640131200000)/,Batterie,524,727,233.0,200.0,233.0,SSE949474626128
SEE906491895425,Reinhard Eickhoff Solarspeicher,In Betrieb,Niedersachsen,/Date(1736899200000)/,Batterie,524,727,200.0,200.0,512.0,SSE943637267630
SEE948966034922,PV-Anlage C＆P,In Betrieb,Baden-Württemberg,/Date(1734652800000)/,Batterie,524,727,245.6,200.0,245.76,SSE905291374789
SEE993381287477,Batteriespeicher Wutra 200/267,In Betrieb,Sachsen,/Date(1657065600000)/,Batterie,524,727,200.0,200.0,267.0,SSE974507160706
SEE989469210413,Batterie Intillion Scalestac,In Betrieb,Nordrhein-Westfalen,/Date(1743465600000)/,Batterie,524,727,200.0,200.0,616.0,SSE921405780512
SEE907031053947,Stall u. Halle 2026,In Betrieb,Baden-Württemberg,/Date(1785542400000)/,Batterie,524,727,200.0,200.0,430.0,SSE936237352295
SEE908503697232,Brock Schleidener Str. 32,In Betrieb,Nordrhein-Westfalen,/Date(1758585600000)/,Batterie,524,727,200.0,200.0,320.0,SSE950358204899
SEE911524940737,Speicher Besucherparkplatz Luisenburgfestspiele,In Betrieb,Bayern,/Date(1739491200000)/,Batterie,524,727,200.0,200.0,400.0,SSE927700996139
SEE945438552564,Stromspeicher,In Betrieb,Niedersachsen,/Date(1430179200000)/,Batterie,524,727,200.0,200.0,270.0,SSE947060785495
SEE928089226831,ABR973915498821,In Betrieb,Bayern,/Date(1772064000000)/,Batterie,524,727,200.0,200.0,360.0,SSE937719705868
SEE987656790229,PV-E1-122023_Speicher,In Betrieb,Saarland,/Date(1700006400000)/,Batterie,524,727,200.0,200.0,308.0,SSE981364468432
SEE943837779124,Speicher Freizetparadies,In Betrieb,Bayern,/Date(1781222400000)/,Batterie,524,727,200.0,200.0,456.0,SSE915319284204
SEE934147582450,Malzfabrik Rostock,In Betrieb,Mecklenburg-Vorpommern,/Date(1567641600000)/,Batterie,524,727,200.0,200.0,240.0,SSE961893017349
SEE950560181636,PV-Anlage Bauhof,In Betrieb,Rheinland-Pfalz,/Date(1785888000000)/,Batterie,524,727,200.0,200.0,744.0,SSE949051604044
SEE930177608740,Isaarleitenweg,In Betrieb,Bayern,/Date(1730505600000)/,Batterie,524,727,200.0,200.0,192.0,SSE947321400419
SEE987919343902,Sachsen Fahnen Speicher Altbau,In Betrieb,Sachsen,/Date(1729036800000)/,Batterie,524,727,200.0,200.0,387.0,SSE989530724467
SEE989074292897,enerkii Fruchthof Mühlhausen - Speicher,In Betrieb,Thüringen,/Date(1782691200000)/,Batterie,524,727,200.0,200.0,430.0,SSE979082226755
SEE942998096484,PV-Anlage Siegfried Schnaus,In Betrieb,Bayern,/Date(1788220800000)/,Batterie,524,727,200.0,200.0,430.0,SSE960009047232
SEE982473876507,Speicher-Stall4+6 Eifelland,In Betrieb,Nordrhein-Westfalen,/Date(1709856000000)/,Batterie,524,727,320.0,200.0,290.0,SSE960162611813
SEE985061200906,Speicher,In Betrieb,Nordrhein-Westfalen,/Date(1757635200000)/,Batterie,524,727,200.0,200.0,560.0,SSE920096833224
SEE912786886375,"Busch-Jaeger Elektro GmbH, Lüdenscheid Batteriespeicher",Endgültig stillgelegt,Nordrhein-Westfalen,/Date(1536796800000)/,Batterie,524,727,200.0,200.0,275.0,SSE960649143110
SEE915747626416,Speicher,In Betrieb,Niedersachsen,/Date(1714608000000)/,Batterie,524,727,200.0,200.0,831.6,SSE958636058240
SEE902672618920,PV-Speicher,In Betrieb,Nordrhein-Westfalen,/Date(1766966400000)/,Batterie,524,727,200.0,200.0,430.0,SSE949076552382
SEE932699684660,Batterie 430-100,In Planung,Hamburg,,Batterie,524,727,200.0,200.0,430.0,SSE967919383504
SEE938734308287,Anlagenbetrieb Matthias Hecker,In Betrieb,Mecklenburg-Vorpommern,/Date(1788998400000)/,Batterie,524,727,200.0,200.0,400.0,SSE937175113344
SEE938191712221,TBV Batteriespeicher,In Betrieb,Nordrhein-Westfalen,/Date(1733443200000)/,Batterie,524,727,200.0,200.0,640.0,SSE914280357351
SEE997382188900,Energiespeicher 2026,In Betrieb,Baden-Württemberg,/Date(1788393600000)/,Batterie,524,727,200.0,200.0,406.0,SSE961065814844
SEE900128069432,Batteriespeicher Industriestraße 23,In Planung,Thüringen,,Batterie,524,727,200.0,200.0,509.0,SSE999225051051
SEE959939336967,"OBERHOF, Tambacher Strasse 4 Batterie",In Betrieb,Thüringen,/Date(1663804800000)/,Batterie,524,727,200.0,200.0,216.4,SSE954509639660
SEE928989678129,Speicher,In Betrieb,Baden-Württemberg,/Date(1751328000000)/,Batterie,524,727,200.0,200.0,430.0,SSE924857563443
SEE965099842934,Stromspeicher1-Kodersdorf,In Betrieb,Sachsen,/Date(1752624000000)/,Batterie,524,727,200.0,200.0,387.0,SSE991895058606
SEE956224410487,Batteriespeicher Nr.1,In Betrieb,Nordrhein-Westfalen,/Date(1782950400000)/,Batterie,524,727,200.0,200.0,430.0,SSE987118315410
SEE996379063190,IN_S21_BSP1,In Betrieb,Bayern,/Date(1574035200000)/,Batterie,524,727,200.0,200.0,360.0,SSE926854845782
SEE983017672685,Energiespeichersystem,In Betrieb,Nordrhein-Westfalen,/Date(1576540800000)/,Batterie,524,727,200.0,200.0,274.0,SSE961216172083
SEE955867454018,Batterie I OL Schüttguthalle,In Betrieb,Bayern,/Date(1727395200000)/,Batterie,524,727,200.0,200.0,277.2,SSE922479015388
SEE965283709821,Helleborn,In Planung,Nordrhein-Westfalen,,Batterie,524,727,200.0,200.0,400.0,SSE982972158562
SEE987910467942,Batteriespeicher Railbeton,In Betrieb,Sachsen,/Date(1747353600000)/,Batterie,524,727,200.0,200.0,387.0,SSE972890825660
SEE959953248314,Batteriespeicher Anna-Sophienhof,In Planung,Schleswig-Holstein,,Batterie,524,727,200.0,200.0,387.0,SSE964136538755
SEE969539473306,Stromspeicher-127.2025,In Betrieb,Hessen,/Date(1753228800000)/,Batterie,524,727,196.0,196.0,193.5,SSE944899745089
SEE992069875630,Speicher 1 Bad Wildungen,In Planung,Hessen,,Batterie,524,727,194.0,194.0,387.0,SSE954642156505
SEE943068135942,Stromspeicher1010,In Betrieb,Brandenburg,/Date(1693526400000)/,Batterie,524,727,193.6,193.6,534.0,SSE972824274229
SEE912061912034,Speicheranlage Lebenshilfe Weddersleben alte Trafostation,In Planung,Sachsen-Anhalt,,Batterie,524,727,192.0,192.0,192.0,SSE950971361030
SEE982464477164,Speicher TSI HV80,In Betrieb,Sachsen-Anhalt,/Date(1705017600000)/,Batterie,524,732,192.0,192.0,192.0,SSE989129787491
SEE993446639111,Speicher Ladepark  HBN,In Betrieb,Thüringen,/Date(1654646400000)/,Batterie,524,727,360.0,192.0,360.0,SSE917282181238
SEE971957802385,PV Ebinger,In Betrieb,Nordrhein-Westfalen,/Date(1726444800000)/,Batterie,524,727,200.0,190.0,198.0,SSE962238115041
SEE998253936071,PV Batterie PHL,In Betrieb,Hessen,/Date(1689120000000)/,Batterie,524,727,190.0,190.0,190.0,SSE905151088580
SEE953738810581,Tramin Trankstelle Heinsberg Speicher,In Planung,Nordrhein-Westfalen,,Batterie,524,727,189.0,189.0,353.0,SSE961307031688
SEE964774615719,ATU Konstanz,In Planung,Baden-Württemberg,,Batterie,524,727,185.0,185.0,780.0,SSE936356437620
SEE933832506443,FBtec Stromspeicher,In Betrieb,Nordrhein-Westfalen,/Date(1646092800000)/,Batterie,524,727,184.0,184.0,133.6,SSE907470525364
SEE971940460523,Batteriespeicher 688kWh,In Betrieb,Bayern,/Date(1767225600000)/,Batterie,524,727,184.0,184.0,688.0,SSE901723324889
SEE983236446623,Tesvolt Speicher Hagenaufeld,In Betrieb,Bayern,/Date(1772755200000)/,Batterie,524,727,184.0,184.0,384.0,SSE971054295363
SEE969178864190,Fachmarktzentrum Neue Mitte,In Betrieb,Bayern,/Date(1732060800000)/,Batterie,524,727,184.0,184.0,164.0,SSE945214245000
SEE930569953076,TESVOLT FORTON Speicher Höllweg,In Betrieb,Baden-Württemberg,/Date(1762473600000)/,Batterie,524,727,184.0,184.0,368.0,SSE977030740490
SEE982794203945,36_LIDL_Eschbach_Batterie,In Betrieb,Baden-Württemberg,/Date(1574726400000)/,Batterie,524,727,184.0,184.0,164.0,SSE962091039911
SEE971995008329,Bona x frequenz MID 40,In Betrieb,Hessen,/Date(1661904000000)/,Batterie,524,727,307.0,184.0,133.6,SSE973506810230
SEE968951365114,Batteriespeicher OFZ,In Betrieb,Bayern,/Date(1751241600000)/,Batterie,524,727,184.0,184.0,688.0,SSE991231352696
SEE914100885491,Speicher Verwaltung SWL (Pfalz) GmbH,In Betrieb,Rheinland-Pfalz,/Date(1763596800000)/,Batterie,524,727,184.0,184.0,368.0,SSE985287321591
SEE969408230634,Daimlerstraße 8,In Betrieb,Niedersachsen,/Date(1768348800000)/,Batterie,524,731,184.0,184.0,164.0,SSE999780252023
SEE922469193454,Fenecon-Speicher,In Planung,Niedersachsen,,Batterie,524,732,184.0,184.0,492.0,SSE933063564892
SEE974738687058,Batterie-Kirsch,In Planung,Sachsen-Anhalt,,Batterie,524,727,184.0,184.0,368.0,SSE963651034957
SEE951053686188,Addinol  - Speicher 1,In Betrieb,Sachsen-Anhalt,/Date(1752624000000)/,Batterie,524,732,184.0,184.0,164.0,SSE948140332073
SEE900315933911,Tesvolt-Forton_368kWh,In Betrieb,Baden-Württemberg,/Date(1776384000000)/,Batterie,524,727,184.0,184.0,368.6,SSE923858062030
SEE977263367099,Normfest GmbH Standort Velbert I,In Betrieb,Nordrhein-Westfalen,/Date(1732838400000)/,Batterie,524,727,184.0,184.0,328.0,SSE970584562563
